Liquidity_Locked_Pct,Owner_Can_Mint,Owner_Can_Pause,Ownership_Renounced,Contract_Verified,TopHolder_Pct,Number_of_Holders,Buy_Tax,Sell_Tax,LP_Burned,Token_Age_Days,Liquidity_USD,Daily_Volume_USD,Market_Cap_USD,RugPull
51,0,0,1,1,30,17535,2,22,0,907,3730497,21157,2420837,0
92,0,1,0,1,80,14607,16,29,0,880,4194192,2760514,35179249,1
14,0,0,1,1,94,17497,19,1,1,276,3609779,2868656,30193087,0
71,1,0,1,1,51,21046,18,21,1,290,1569561,1611635,39801935,0
60,0,0,1,0,90,14611,7,8,0,743,4491500,947937,31092745,0
20,0,0,1,1,5,15364,20,15,1,69,4899285,834499,35899720,0
82,0,1,1,0,68,8594,22,19,1,121,1572128,847013,4497038,1
86,0,0,1,1,16,16361,18,20,0,161,239013,2555751,3240721,0
74,0,0,1,1,28,14347,18,16,0,156,1041832,1355301,365798,0
74,0,0,1,1,34,18206,26,15,0,181,1501084,24919,39965155,0
87,0,1,1,0,18,8076,5,28,1,676,3680764,1540711,31179050,0
99,0,0,1,1,27,24319,25,0,1,809,4250553,2086320,34593052,0
23,0,1,0,1,6,6899,19,24,0,670,1927739,1308176,41126898,1
2,0,0,0,1,7,21122,7,4,0,239,541291,1749348,44905592,0
21,0,0,1,1,10,5085,2,27,0,27,2245703,954022,12250018,0
52,0,0,1,1,87,3793,4,26,1,178,2629250,391127,32771236,0
1,0,0,0,1,25,22261,0,18,0,764,2730286,1818610,36245592,1
87,0,0,1,1,24,5677,29,17,0,651,3874820,1002662,8751514,0
29,0,0,0,1,25,10720,0,25,1,913,1095328,2353860,26732082,0
37,0,0,0,1,44,4068,30,22,1,634,2617468,136301,37563960,0
1,1,0,1,1,72,13848,23,19,0,690,1124808,1291194,48657354,1
63,0,0,1,1,29,13054,22,2,1,620,2791993,1294350,32624661,0
59,0,0,1,1,75,8492,0,17,1,32,2609117,980715,11916790,0
20,0,0,1,1,75,3713,5,10,1,23,2198918,2180196,45236637,0
32,1,0,0,1,37,1720,1,10,1,173,975569,490640,43965754,0
75,0,0,0,1,55,5421,11,10,0,530,1936623,966079,49128513,0
57,0,0,1,1,94,23170,16,9,1,406,4477540,829966,24118198,0
21,0,0,1,1,85,11369,9,9,1,28,1574826,2194030,42558198,0
88,0,0,1,1,76,23538,4,3,1,817,2622602,104100,13930556,0
48,0,0,1,1,94,14299,4,8,0,810,1063757,601879,7402367,0
90,0,1,1,1,83,22211,1,9,0,271,918834,310586,3021147,0
58,1,0,0,1,24,8694,11,12,0,276,4948939,2404821,29742705,0
41,1,1,1,1,23,877,4,22,1,416,568027,2267536,34181686,0
91,0,0,1,1,75,7010,29,0,1,471,979785,1986888,32316866,0
59,0,0,1,1,60,5878,14,15,1,568,4730430,383017,16217753,0
79,1,0,1,1,60,5971,22,18,1,456,927628,353587,45849868,0
14,0,1,1,1,5,20951,19,11,0,309,4679287,2279094,48552808,0
61,0,0,1,1,43,8697,17,4,1,427,4792392,2583670,28953987,0
61,0,0,1,1,41,8227,28,22,0,850,1092327,126542,15458331,0
46,0,1,0,1,22,19420,30,29,1,100,2141161,272203,27822544,0
61,0,0,1,1,76,6183,20,4,0,883,4000748,2343142,32291100,0
50,0,0,1,1,83,3440,26,24,1,765,583188,29711,34740770,0
54,0,0,0,0,10,10645,5,6,0,87,1826324,2010749,15505991,0
63,0,0,0,1,26,13430,28,30,0,278,2698958,2610167,47979950,0
2,0,0,1,1,15,12152,23,11,0,98,3680228,1378784,38776746,0
100,0,0,1,1,94,18296,13,13,1,916,3597841,676044,8348996,0
50,1,0,0,1,76,4955,24,0,1,995,3548740,953187,13733531,1
6,0,0,1,1,13,3339,10,5,0,464,3753660,1801014,34437223,0
20,0,0,1,1,17,343,25,17,0,641,1262720,778242,45240438,0
72,1,0,1,0,7,1437,7,5,0,108,3238269,163113,27263908,0
38,1,0,1,0,71,9667,22,18,1,947,881978,2557254,1462861,1
17,0,0,1,1,11,21744,24,29,1,569,4427941,2523030,9236342,0
3,0,0,1,0,71,3627,8,11,0,42,3452532,1972841,20871854,1
88,0,0,0,1,79,16965,5,17,1,820,179365,2235508,42238562,0
59,1,0,0,1,50,811,27,2,0,589,4467047,1365055,26465436,0
13,1,0,0,1,62,1198,2,10,1,479,1773728,2235430,27008881,1
8,1,1,1,1,32,24780,29,25,1,496,3763464,2570783,3032577,1
89,0,0,1,1,35,24712,27,3,1,794,919782,1032826,49216953,0
52,0,0,0,1,56,4330,26,12,1,216,215411,63578,48419633,0
1,0,0,1,1,13,19688,7,0,0,988,4190037,1791223,2554090,0
83,0,0,1,1,95,2621,15,19,1,959,4642494,1356336,42747313,0
91,0,1,1,1,80,4661,18,30,0,481,4148450,1894315,9964297,1
59,0,0,1,1,12,9823,0,5,1,189,1551300,1946887,22642678,0
70,0,0,1,1,90,4260,12,20,0,600,498564,1349061,19559850,0
43,0,0,1,1,22,14383,11,28,0,114,3603346,1454813,36546160,0
7,0,0,0,1,98,12901,19,13,1,958,1445923,324775,1454803,0
46,0,0,1,1,53,3742,29,20,1,323,224552,2838662,10039531,0
34,0,0,0,1,15,15791,24,8,1,957,3498028,558744,43703126,0
77,0,0,0,1,6,22550,28,30,0,558,326804,1399149,48664937,0
80,1,0,1,0,33,2462,7,8,1,433,941191,2197334,35151401,0
35,0,0,0,1,59,819,29,24,1,895,2214558,314214,28735169,0
49,1,0,1,1,57,8426,13,6,1,152,4353873,1871249,3890312,0
3,0,0,1,1,30,23401,5,28,1,46,4419074,2761766,45202848,0
1,0,0,1,1,55,20793,2,14,1,639,1037887,804787,46468783,0
5,0,1,1,1,82,11319,2,9,1,501,994794,2091606,31185066,0
53,0,0,1,1,96,16613,22,8,1,313,1430120,329319,37502011,0
3,1,1,1,1,10,7803,13,28,1,72,3919203,163917,20798075,0
53,0,0,1,1,16,10327,20,27,0,492,2455613,2937739,45700096,0
92,1,0,1,1,38,12093,2,23,0,910,4755116,1183476,3289065,0
62,0,0,1,1,74,8479,27,23,1,898,2033170,1589459,16810219,0
17,1,0,1,1,68,14318,11,14,0,511,3827651,2442713,16608484,1
89,0,1,1,1,41,22507,11,20,1,134,3329714,1282522,25804799,0
43,1,1,0,0,41,19567,16,8,1,588,3848310,1639724,19799986,1
33,0,0,1,1,12,19235,10,23,1,61,169229,1627438,2575849,0
73,0,0,0,1,41,21168,8,6,1,676,1637669,2717092,22413615,0
61,0,0,1,1,50,21584,26,23,1,346,2742487,1926722,34949329,0
99,1,1,1,1,35,18376,27,24,0,989,2372692,2951924,40082843,0
13,0,0,1,1,15,2786,27,22,0,452,824567,891477,7342945,0
94,0,0,1,1,40,23289,4,24,1,30,4201127,370887,1334685,0
47,1,0,0,1,72,9916,10,7,0,892,2803751,2307474,5315029,1
14,0,0,1,1,21,17575,30,1,0,48,4340962,2322346,47027729,0
71,0,0,1,1,20,21042,6,2,1,244,396855,654431,36538790,0
77,0,0,1,1,34,24490,9,21,1,784,500000,1143675,21269700,0
86,0,1,1,1,43,18491,30,21,0,320,4485499,1192324,11737742,0
61,1,0,0,0,48,24520,8,22,1,632,3100878,1609147,4316293,0
39,1,0,1,1,73,7088,19,1,0,776,3401572,773393,34079391,0
84,0,0,0,1,41,6555,28,27,1,864,1655303,470063,38050721,0
79,1,0,1,0,30,15955,14,0,0,419,36401,1004479,30329297,0
81,0,0,1,1,96,14020,28,26,0,24,3802487,34828,11911612,1
52,0,0,1,1,87,19197,27,11,1,31,3060588,1737340,16778116,0
23,0,0,1,1,25,15241,10,4,1,621,1246055,324082,4524037,0
25,0,0,0,0,96,10315,20,29,1,615,3855391,2917186,6105027,1
88,0,0,1,1,23,19067,2,26,0,162,3403842,2731269,38051302,0
59,1,0,1,1,15,16087,22,17,1,389,3358115,2577942,47195004,0
40,1,0,0,0,23,14614,28,24,1,398,4064221,1809612,30839797,1
28,0,0,1,1,73,21770,14,18,1,805,2297716,676734,33750983,0
14,0,0,1,1,6,8617,16,27,1,356,1629562,606383,41395647,0
44,0,0,1,0,29,3170,23,1,1,81,3711059,1394754,15901123,0
64,1,0,1,1,94,2579,2,27,0,404,346073,1425208,2047641,1
88,1,0,1,1,34,12184,28,15,1,833,4800269,1439123,16340767,0
70,0,0,1,0,21,7560,19,27,1,656,49794,2171298,48270531,0
8,1,0,0,1,89,24038,25,22,1,875,3219793,1327184,31179642,1
87,0,0,1,1,88,20168,30,5,1,599,3438520,1579523,9744385,0
0,0,0,0,1,22,7411,3,23,1,139,2250673,697555,41220517,0
7,0,0,1,1,84,2623,10,24,1,625,2720335,2956245,20833658,0
87,0,0,1,1,96,22513,22,2,1,68,1538412,2070565,22502175,0
62,0,0,0,1,80,18080,29,7,1,368,4152215,2824632,18315210,1
10,0,0,0,1,44,17232,27,3,1,940,4525058,283669,4437118,0
80,0,0,1,1,10,6459,6,17,0,727,2060834,860868,37430960,0
7,0,0,1,1,92,18703,19,19,0,351,272669,2342398,47843639,1
34,0,0,0,1,47,12747,21,3,1,445,38787,2519448,33699047,0
34,0,0,0,0,74,21366,23,7,1,799,2930478,2596613,21772712,1
32,0,1,0,1,21,15166,25,25,1,837,831478,1754933,7376312,1
4,1,1,1,1,46,3957,13,23,0,731,3279108,2965588,21458202,1
40,0,1,1,1,23,20558,3,28,1,221,556208,374957,25852086,0
27,0,1,1,1,59,16476,12,6,1,205,1470632,2546614,11399451,0
6,0,0,0,1,96,8672,0,19,1,493,2162825,2331989,28122870,1
72,1,1,1,1,33,20017,22,17,0,483,1059813,2412634,18622357,1
71,1,0,1,1,58,14285,17,0,1,573,256241,1692828,10501267,0
11,0,0,0,1,75,5133,26,26,0,393,782178,771183,25654364,1
33,0,0,1,1,87,23124,12,17,1,818,4398672,828123,7851199,0
32,1,0,0,1,12,5234,2,1,1,658,4208407,408025,37763665,0
47,0,1,1,1,12,24707,7,30,1,509,4436013,991163,39057114,0
22,0,0,1,1,73,1900,17,18,1,509,2997071,2982508,7672588,0
61,0,0,1,1,47,10756,1,9,0,15,3490576,2445888,4968938,0
87,0,0,1,1,54,24438,19,20,1,280,1232242,1064720,47692720,0
36,0,0,1,1,89,10135,5,0,1,863,555763,2833222,17350791,0
98,0,0,1,1,8,4794,25,20,1,757,2730682,2377269,41376253,0
43,0,1,1,1,40,9612,26,6,1,175,3309201,847948,29535815,0
85,1,0,0,1,9,6104,17,27,0,711,1843228,461711,37583114,1
90,0,0,1,1,91,16710,24,13,1,713,3306372,367763,25863614,0
34,1,0,1,1,23,14091,27,0,1,635,3418167,1107795,21956360,0
64,0,0,1,1,46,12446,17,3,1,464,3084765,2474614,36676664,0
98,0,0,1,1,19,16898,8,10,1,802,4525603,2854329,17239399,0
100,0,0,0,1,62,11027,14,1,0,480,2273826,1092917,11299429,0
46,1,0,1,1,18,10084,22,7,1,279,1163407,1938376,27182899,0
77,1,0,1,1,52,13212,26,17,0,503,3380456,1478937,17276935,0
2,0,0,0,1,76,8793,2,30,0,660,2853595,2030255,20422864,1
0,1,0,1,1,77,22801,24,30,1,557,3439488,2638764,32149991,1
4,0,0,1,1,79,7278,8,16,0,119,913399,1637895,20836956,0
89,1,0,0,1,86,16994,21,13,1,292,2224064,2971101,7633953,1
13,0,0,0,1,67,19873,17,29,1,558,2777258,1249900,23156663,1
26,1,0,1,1,59,10225,22,17,1,905,510386,2025814,5339619,0
8,0,0,1,1,36,18846,19,9,1,270,3221010,2923852,34941053,0
78,0,0,0,1,40,17541,19,19,0,427,3572635,1556098,29376011,1
14,0,0,1,0,89,4369,6,20,1,724,3651436,1935834,4332121,1
89,0,0,0,1,95,23335,20,17,0,333,4509340,2397466,16118486,1
41,0,0,0,0,89,1124,16,19,0,445,4173431,114729,48413437,1
76,0,0,1,1,79,14573,2,22,1,337,2755271,708305,17339066,0
50,0,0,1,1,61,6525,6,4,0,918,2936752,617757,7702824,0
62,0,0,1,1,48,24946,12,7,0,645,2121073,1366869,24266338,0
95,0,0,1,1,38,23300,8,9,1,612,839070,1797066,33900731,0
51,0,0,1,1,55,14679,8,24,1,827,4744053,2808557,35681399,0
95,1,1,0,1,73,3794,22,0,0,800,2284004,1794603,28931470,1
3,0,0,1,1,96,9910,4,16,0,989,3520982,1327672,45794132,0
93,0,1,1,1,14,22089,3,18,0,365,1676622,1426595,35011340,0
100,0,0,0,1,16,22055,8,23,1,204,521531,605075,32115371,0
22,0,0,1,1,45,12475,5,16,0,547,4888351,1028289,14256140,0
14,0,0,1,1,7,5575,28,9,0,260,1374838,84373,27099520,0
42,0,0,1,0,69,23731,9,17,1,209,2276539,1154902,22929916,0
28,0,0,1,1,44,3651,17,29,0,469,3657719,1577513,18611563,0
35,1,0,0,1,69,17448,2,0,1,338,2642640,2652617,16699467,0
12,0,0,1,1,81,23395,22,29,1,303,4872828,1896995,24933161,0
31,0,0,1,1,83,22125,30,16,1,103,4901682,2318460,26446224,0
70,0,0,1,1,75,12937,19,27,1,73,4157483,338075,41846810,0
58,0,0,0,1,34,6520,6,12,0,78,4831872,2749580,22839568,0
85,1,1,0,0,92,4221,28,24,0,182,3241542,2238238,26284604,1
27,0,0,1,1,76,12756,11,27,1,502,1291542,536068,38629988,0
65,0,0,0,1,71,19989,27,9,0,746,1432663,628526,49049040,1
41,0,0,1,1,83,5430,4,0,1,444,242991,1103855,5034141,0
44,0,0,1,1,47,24907,16,19,1,874,4455020,1895629,25272729,0
61,0,0,0,1,57,19313,25,6,0,563,3160402,2977615,38374121,0
56,1,0,1,1,82,13517,18,27,0,88,2703020,2282722,34776946,1
5,1,0,1,1,95,5545,24,30,1,909,3449367,703015,39211908,1
27,1,0,1,1,34,2482,3,20,0,163,3755661,858536,32376466,0
27,1,0,1,1,45,12139,11,25,1,272,2213166,1865646,28385089,0
43,0,0,1,0,48,20672,20,12,1,235,4715769,2218753,24391207,0
83,0,1,1,1,41,3918,14,20,1,68,4105728,1540484,32033365,0
29,1,0,1,1,10,4622,1,6,1,259,4846662,2890635,41624267,0
61,1,0,1,1,87,19456,25,5,0,482,6997,1513144,28709997,1
74,1,0,1,1,41,13640,14,21,0,62,1091985,1115480,42888323,0
91,0,1,1,0,5,13581,10,12,0,335,1254967,174713,37737491,0
88,0,0,0,1,93,6524,23,7,0,31,390427,1245948,33661681,1
61,1,0,1,0,14,14642,0,15,1,129,1298237,1572430,4577379,0
96,0,1,0,1,30,11925,13,25,1,318,4503642,485735,29888161,0
0,1,0,0,1,91,23532,26,8,1,769,2841181,2136826,20442868,1
26,0,0,1,1,21,24494,3,12,1,161,4794150,2393897,38299220,0
61,0,0,1,0,68,23915,5,26,0,858,1766760,2243997,20575646,1
76,0,0,1,1,98,15424,7,1,1,501,1952385,2843729,7309303,0
2,1,1,1,0,31,2725,19,11,1,682,3385009,404548,19491633,1
69,0,0,1,1,79,23876,1,11,1,193,1037056,1701594,48141111,0
71,0,0,1,1,72,16272,3,25,0,144,4517862,2415750,4948917,0
26,1,0,1,1,22,5829,16,14,1,421,1682027,765853,30939298,0
8,0,0,0,1,87,5310,23,19,0,564,2782009,176196,31651979,1
61,1,0,0,1,54,19121,8,9,1,242,3113848,1872213,46065743,0
36,0,0,1,1,94,11906,18,24,1,35,4773267,699896,41397220,0
96,1,1,1,1,69,18822,29,13,1,72,2854524,2910757,6831396,1
50,0,0,1,1,24,3389,7,29,1,687,475113,1929402,37514286,0
43,1,0,1,1,66,21012,8,25,0,355,1663348,2579802,23944389,1
23,1,0,0,1,79,13301,27,16,0,371,1800711,2360815,2467049,1
78,0,0,0,1,63,8891,12,9,0,130,1669812,637076,4388313,0
58,0,0,1,1,29,16187,7,28,0,428,2972164,1852210,21265761,0
31,0,0,1,1,87,16233,13,23,0,437,2995805,84817,13354883,0
95,0,0,1,1,69,2180,17,10,1,82,1302855,2234016,984712,0
87,1,0,0,1,69,12776,17,16,0,586,4547159,2665328,21842826,1
51,0,0,1,1,71,12294,9,10,1,650,1867193,318192,2998857,0
61,0,0,1,1,62,12857,28,14,1,941,2330104,1532190,33021404,0
57,0,0,0,1,44,12765,19,3,1,332,1480054,1024639,17564881,0
51,1,0,0,1,51,6335,0,24,1,359,1458595,1135792,21417625,0
11,1,0,0,1,47,5435,11,3,0,186,207787,1023995,39379904,1
38,0,0,1,1,12,2810,2,20,1,920,1750704,2302209,42124416,0
1,0,0,1,1,98,2313,19,14,1,278,2227669,827719,48789623,0
2,0,0,1,1,66,15873,11,30,1,553,3011176,727399,39574557,1
100,0,1,0,0,38,16606,17,13,1,517,3966512,353392,4748426,1
55,0,0,0,1,12,5004,11,28,1,86,3074314,810799,42860603,0
80,0,0,0,1,29,1330,6,30,0,644,642568,1617935,29474768,0
58,0,0,1,1,30,10469,28,8,1,745,2708977,617524,35869534,0
1,0,0,0,1,95,10789,25,15,1,722,2962084,2589307,37789116,1
1,0,0,1,1,58,24489,2,23,1,222,3131789,1408645,4951025,0
91,0,0,1,1,87,23265,6,0,1,110,658018,804106,43799475,0
53,0,1,1,1,91,14544,22,2,1,993,3743610,1759245,22476035,0
86,1,1,1,1,45,1224,12,3,1,443,4756651,615146,4233654,0
100,0,0,1,0,84,24476,28,18,1,22,1750842,286458,26331481,0
95,0,0,0,0,76,8330,10,8,1,572,3541619,2220920,46635659,0
96,0,0,0,1,67,9258,24,21,1,838,4142658,1464921,15880966,0
0,1,0,1,1,98,10756,19,18,1,486,1069447,631950,3074376,1
18,1,0,1,1,76,21957,19,7,1,878,898333,1559839,12254172,1
1,0,0,1,1,79,19680,16,24,1,998,807852,2086599,14523438,0
52,0,0,1,1,11,24054,30,25,0,372,577499,2079270,33005864,0
43,0,0,1,1,89,18175,14,3,0,779,4651356,185536,15455652,0
89,0,0,0,1,89,16391,29,12,1,174,1626606,2423039,35913341,0
31,0,1,1,1,73,6343,26,20,1,681,2705420,2920357,38063639,0
69,0,1,0,1,54,18232,5,18,1,135,437604,1984231,35029247,0
31,0,0,0,1,47,13905,5,13,0,280,3246444,1242932,3781152,0
67,0,0,1,0,21,18834,6,4,1,136,491549,2443191,42028086,0
54,0,1,1,0,25,17500,8,17,1,268,1463831,2852871,38235547,0
74,0,0,0,1,10,13435,25,17,1,394,4097264,113378,47251540,0
55,0,0,1,1,75,15121,25,26,1,395,2150043,1593277,27019811,0
16,0,0,0,1,79,19396,25,28,1,916,4832261,1422748,22637113,1
37,0,1,0,1,86,21582,8,20,1,230,2303285,710713,9483887,1
23,1,0,1,0,42,19799,20,14,1,44,1945763,1308534,2462859,0
68,0,0,0,1,67,9014,17,22,1,535,3057898,2387586,33242164,1
97,0,1,1,1,16,3242,0,16,0,278,3882111,2871309,29705386,0
69,1,0,0,1,26,20596,17,2,0,685,3713667,2988831,35724374,1
85,0,1,1,1,7,19445,17,0,1,22,4931214,1930556,16339999,0
10,0,0,0,1,23,3887,11,23,0,39,1311390,1099009,19053598,1
15,0,0,1,0,47,7624,0,17,1,809,3983154,1059603,236364,0
96,1,0,0,1,91,7317,27,21,1,56,4329529,1029090,38660043,1
72,1,0,1,1,71,2892,23,26,0,835,1718746,1832013,30467984,1
58,0,0,1,0,91,369,18,15,0,124,263808,850433,19490530,1
69,0,0,1,1,9,23462,25,5,0,35,1916149,2626188,18794600,0
79,0,0,0,0,33,18591,13,8,1,272,1508796,819459,41130183,0
92,0,1,1,1,9,21419,13,21,1,658,2954482,2145106,37976047,0
2,0,0,1,0,97,22351,25,9,1,397,957078,2138064,43511033,1
19,0,0,0,1,49,108,15,21,1,22,3521794,622739,25244825,1
58,0,0,0,0,58,7344,27,28,0,9,1600491,294834,36048246,1
35,1,0,1,1,28,19097,23,26,1,582,3452496,393287,2875780,0
18,0,0,0,1,25,11944,5,16,1,879,3002767,2829860,20246180,0
89,0,0,1,1,36,14266,16,6,1,393,4536803,1187320,33023376,0
66,0,0,0,1,9,9013,12,13,0,18,4933114,2548231,41748726,0
18,1,0,0,1,66,10122,29,13,0,244,3441593,782258,14384487,1
19,0,0,1,0,22,15235,28,11,1,237,1368182,661435,35162508,0
95,0,0,1,1,39,15925,22,5,0,704,4102706,1454051,10782221,0
70,0,0,1,1,84,18269,18,28,0,737,26123,217885,16113012,1
51,0,0,1,1,92,15977,24,13,0,294,2819804,2418154,16719590,0
32,1,0,0,1,9,23801,24,7,1,51,1432947,2804531,15113634,0
39,0,0,1,1,13,9442,19,16,1,826,3020919,1990243,28454561,0
38,0,0,0,0,8,22097,1,7,0,790,3503251,2101503,37365488,0
81,0,0,1,1,37,14526,9,7,1,865,3618510,1533717,46859162,0
0,0,0,0,1,95,11272,30,16,0,696,690451,254319,2639245,1
10,1,1,0,1,26,5546,8,10,1,620,1369995,2720508,1696858,0
91,0,0,0,1,63,17078,20,6,1,29,2476450,2340267,32832265,0
56,0,0,1,1,15,18633,26,22,0,695,2940919,1245650,41797746,0
88,0,0,1,1,73,14439,30,6,1,633,2989656,1700378,15109517,0
49,0,1,1,1,14,908,11,11,0,80,50747,1681242,48311495,0
22,1,0,1,1,7,9889,7,15,0,388,112492,1762823,16766124,0
30,0,0,1,0,19,21461,8,12,1,164,3373305,2092948,5320610,0
93,1,0,0,1,41,6824,10,28,1,970,2730173,2941737,14786994,0
41,1,0,1,1,44,5456,0,30,0,32,2611982,68185,17675324,0
98,0,0,1,1,21,1841,10,14,0,224,3946281,397702,20237978,0
6,0,0,1,1,24,5594,18,18,1,270,788065,2833601,22644962,0
15,0,0,1,1,8,2491,22,2,0,724,4284210,1523313,36385345,0
89,0,0,1,1,38,12627,29,10,1,786,17969,2847039,26654210,0
59,0,0,0,0,99,24606,1,23,1,963,2021435,1982091,3123624,1
1,0,0,1,0,38,6174,13,7,1,710,3212692,1422476,2952932,0
0,0,0,0,1,71,20805,3,7,1,978,3098206,400616,2765786,1
47,0,1,1,1,32,627,19,11,0,224,698355,2886496,45176223,0
11,0,0,0,1,97,13042,22,30,0,649,3652790,2880026,38099589,1
68,0,0,1,0,83,17482,29,2,1,282,1862985,2428436,7346473,0
36,0,0,0,1,40,8350,14,19,1,877,1754132,1437088,28236377,0
31,0,1,1,1,39,5312,1,27,0,115,2690627,2232553,21029892,0
8,1,0,1,1,45,24142,23,1,0,618,2655891,426965,13259862,0
98,0,0,1,1,63,7896,23,26,1,944,1130186,2764054,40594192,0
18,1,0,0,1,78,7799,28,2,0,275,3221880,2685984,32968365,1
47,0,0,0,1,21,20771,30,15,1,838,372685,2874529,27224076,0
79,0,0,1,1,34,23892,15,20,1,130,811570,722299,21533431,0
2,0,0,1,1,58,16506,21,18,0,796,1239104,1605271,7325095,0
19,0,0,1,1,56,5342,3,19,1,112,2482155,2654067,19112700,0
23,0,0,1,1,76,9271,1,6,1,212,4190082,1965546,35515171,0
53,0,0,1,0,27,10695,14,18,0,206,4883583,880525,31501930,0
32,0,0,1,1,23,9295,18,0,1,993,4236252,383293,32090101,0
23,0,0,0,1,41,18623,18,12,1,708,2862096,925304,31251392,0
74,0,0,0,1,63,12173,15,13,0,949,3383874,1790995,9896424,0
71,1,1,1,0,40,21686,11,0,0,988,2476730,1727647,23681342,1
35,0,0,1,1,72,9182,2,3,1,229,603606,1366325,18447285,0
37,0,0,1,0,30,24065,19,16,1,810,3429712,398324,3102960,0
83,0,1,1,1,31,18751,14,5,1,798,3501172,1296632,27041434,0
98,1,0,1,1,81,7102,30,19,1,786,2315206,2439447,16207548,0
88,1,0,1,0,66,21736,6,20,0,125,944962,2725097,40142108,1
98,0,1,0,1,66,6069,8,5,1,137,4005295,1683958,18491011,0
24,1,0,0,1,56,20832,25,1,1,263,344179,546597,37198527,0
92,0,0,1,1,48,6761,28,16,1,356,4389380,1120502,4712262,0
17,0,1,1,1,37,19445,14,28,1,821,846212,2882647,40142591,0
81,1,1,0,1,94,5249,19,25,0,508,337085,245753,37992621,1
65,1,0,0,1,88,4103,12,15,0,207,1952005,1005107,38560063,0
53,0,0,1,1,67,4495,6,11,1,987,751152,2265468,13297124,0
34,1,0,0,1,76,19375,25,11,1,625,708268,2298895,14518226,1
79,0,0,1,1,84,24415,21,17,0,506,2104165,2917358,45264981,0
60,1,0,1,0,73,12586,15,29,0,645,3355636,1302783,38439111,1
40,0,0,1,1,38,21460,9,15,0,555,3614825,2121893,23045110,0
99,0,1,0,0,31,12864,24,5,1,102,2991519,2989577,3223926,0
32,0,1,1,1,40,3974,23,12,0,453,679473,2680700,48636476,0
67,0,0,1,1,8,20478,1,30,1,214,863648,521061,9940626,0
32,0,0,0,1,57,4870,18,25,1,599,4680937,2718852,43441823,0
13,0,0,0,1,75,21045,5,24,1,653,4741798,1037409,1523226,1
20,0,0,0,1,41,1133,20,15,1,326,1862691,1559647,1647752,0
47,0,0,1,1,92,9253,17,23,1,943,2138314,139745,5629379,0
19,0,0,0,1,83,21065,1,9,1,493,4623775,568048,6957271,1
7,0,0,1,1,54,17209,20,10,1,301,1425200,1574939,43266409,0
6,0,1,1,1,74,14660,20,0,0,874,3676315,2458519,13677250,1
66,0,0,1,1,30,17372,0,20,1,354,288247,941456,4978841,0
16,1,0,1,1,94,2868,14,6,0,258,2398671,235413,37833840,1
32,1,0,1,1,29,17076,9,23,0,393,4794042,2669854,6962946,0
47,0,0,0,1,37,24534,26,22,1,662,4891910,1741091,18977160,0
75,0,1,1,0,71,3665,2,16,1,986,2602963,398683,16549356,0
58,0,0,1,0,77,790,24,11,0,404,3168670,1863384,14747234,0
85,0,0,1,1,41,1452,30,19,1,842,119740,1879227,12885288,0
21,0,0,1,1,42,15076,9,19,1,853,3361271,33634,34853669,0
29,1,0,1,1,98,7828,28,14,1,765,1404991,1692855,23602825,0
37,0,1,0,1,31,4510,2,8,1,188,3140158,2308882,48353398,0
50,0,0,0,0,17,19153,21,30,1,651,3009505,2605518,18014329,0
53,0,0,0,1,27,22387,5,27,1,629,1163229,2295824,48957301,0
7,1,0,1,1,71,10403,1,21,0,360,236895,2484942,33020394,1
26,0,0,1,1,91,10463,22,5,0,277,1085185,25812,32850582,0
26,0,0,1,1,92,3130,24,4,0,722,2735882,1263325,43240056,0
97,0,0,0,1,59,2555,8,4,0,706,787894,817110,21126968,0
20,0,0,1,1,41,20435,7,8,1,565,1685878,618731,7371618,0
29,0,1,1,1,16,16227,29,1,1,484,3206530,1783507,5112268,0
96,0,0,1,1,58,5885,20,9,1,733,1427759,2727249,28293444,0
27,1,0,1,1,24,2838,23,4,1,370,831708,1954756,34954464,0
63,0,1,1,1,22,14768,24,30,0,662,1196662,329817,24991894,0
96,0,0,1,1,11,17856,0,16,1,336,494684,1498754,15753647,0
68,0,0,0,1,94,7952,16,20,1,792,1577391,41673,12167990,1
60,0,0,0,1,80,14589,26,3,0,706,4108250,1395968,15312872,0
47,0,0,1,1,98,563,12,3,1,351,2726123,253045,45798440,0
18,0,0,1,1,6,23445,4,12,1,154,3059112,2836507,13556192,0
3,0,0,0,1,58,10774,6,19,1,199,764160,1871711,8846746,0
34,1,0,1,1,12,22293,28,18,1,932,4374639,2557903,40828067,0
63,0,0,1,1,37,8917,8,5,1,805,2882968,166571,34806195,0
48,0,0,0,1,50,20689,24,18,1,146,932867,2276043,21973580,0
16,1,0,1,1,46,21498,13,21,0,155,3323730,1224918,16565301,0
43,0,0,1,1,98,3399,18,15,1,734,2691565,2995857,33695992,0
91,0,0,1,1,67,11944,0,5,1,74,3083038,797384,20426619,0
29,0,0,1,1,96,5329,2,10,0,745,2386986,2132667,43653330,0
92,0,0,1,1,81,13614,15,9,0,95,3817398,2735076,14153208,0
45,1,0,1,1,92,14625,7,30,1,336,2269199,2109911,26369164,0
5,0,0,1,1,37,3661,6,17,1,275,4911735,1958857,7406729,0
98,0,1,1,1,73,19529,20,8,1,314,4681591,269230,43287850,0
36,0,0,1,1,74,5273,10,9,0,497,4799478,1430669,23634770,0
23,0,0,1,1,8,11035,25,14,1,292,984720,2180622,13738393,0
92,0,0,1,1,62,13901,27,23,0,673,1621489,60920,2207365,1
45,0,0,1,1,33,7412,14,13,1,829,869327,1166500,44107145,0
52,1,0,1,1,25,3505,24,15,1,902,3068707,735057,45882905,0
94,1,1,1,1,30,17731,12,28,1,80,514419,2452017,43131533,0
98,0,1,1,1,90,21482,19,6,1,109,2243852,2792410,2583366,0
59,0,0,1,1,45,16182,5,24,0,516,560261,2706855,11868462,0
96,1,0,1,1,82,6206,27,7,1,124,4784970,2574966,43940757,0
62,0,0,1,1,38,10623,4,24,1,649,4768966,757522,33732775,0
84,0,0,0,1,48,3021,21,7,1,281,781901,972023,22510581,0
31,0,0,1,1,5,19053,30,12,1,407,1636826,927466,6261503,0
86,1,1,1,1,36,9366,3,18,1,580,2186873,875167,17494366,0
32,1,1,1,1,36,13244,18,9,1,57,3799854,1909591,16097042,0
66,0,1,0,1,55,2745,14,0,1,325,2661802,191980,1858366,0
17,0,0,1,0,28,5317,20,26,1,538,4420588,2888266,8215842,0
24,0,0,1,0,48,4823,4,21,0,91,14400,1313285,22172717,0
94,0,0,1,1,89,21107,29,27,1,4,2806519,886128,11046833,0
53,0,0,1,1,80,23150,10,29,0,533,3729590,2248743,25628867,0
57,1,0,0,1,88,12920,17,15,0,921,2625339,896775,9339236,1
66,0,0,0,1,41,6607,9,2,1,459,1244835,172022,3318866,0
45,1,0,1,1,88,188,15,2,1,415,2118717,443188,2606960,0
23,0,0,1,1,70,17431,3,5,1,636,3206538,216991,9689440,0
31,0,0,0,1,18,20228,28,25,1,209,2693363,2484812,5042097,0
46,0,0,1,1,21,21172,18,11,1,263,3123060,2356187,21380977,0
85,0,0,1,1,92,23820,29,24,1,745,4735427,1881437,12881890,0
22,0,0,0,1,98,22178,22,29,1,603,3201719,306897,38436747,1
65,1,0,1,1,19,22571,4,4,0,625,4160095,2757956,8748118,0
26,1,0,0,1,65,4815,14,15,0,115,4205127,1572015,28168906,1
1,0,0,1,0,53,23793,5,16,1,397,3591626,2705431,22690021,0
89,0,0,1,1,12,23754,29,9,1,311,1933958,694247,47936944,0
16,1,0,1,1,7,10759,26,6,1,607,4902266,1001755,43435093,0
32,0,0,0,1,79,6341,30,29,1,708,2324434,1382820,30183186,1
8,0,1,1,1,31,3578,22,24,0,521,4923529,1855415,16595890,0
42,0,1,1,1,13,4433,1,9,1,826,3516965,2177981,34030495,0
47,1,0,0,1,19,13014,9,1,0,939,3802687,1705550,41102398,0
38,0,0,1,1,36,3996,19,14,1,109,3141942,890682,14233577,0
92,0,1,1,0,15,19707,29,24,1,286,3618971,1791919,29889201,0
41,1,0,1,0,7,6250,30,20,1,472,2823967,2516080,19027250,0
25,0,0,1,1,30,14198,5,28,0,368,3377838,1910430,1835508,0
98,0,1,1,0,11,13098,18,16,0,106,2039571,1739164,49840503,1
49,0,0,1,1,96,24499,5,30,1,452,1835382,2161589,5455928,0
24,1,1,0,1,59,319,25,3,1,61,1836457,2554818,7945338,0
23,0,0,1,1,43,7287,14,7,1,67,745051,386456,14534589,0
12,1,0,0,1,8,9903,0,18,1,373,3930557,1332223,39622548,1
59,0,1,1,1,34,9007,7,20,1,247,4952831,1431336,9592779,0
6,0,0,0,0,42,23122,25,1,1,438,4420388,853111,42313925,0
56,1,0,1,1,55,12221,20,20,1,423,4872421,1575415,4918049,0
35,0,0,1,0,82,1902,29,15,1,925,1856883,1226993,39858112,0
44,0,0,1,1,40,9528,29,13,1,277,1088603,1735026,28050861,0
19,0,0,1,1,99,1927,29,11,1,268,135770,800245,33207777,0
64,0,0,1,1,87,6509,10,8,1,338,3013237,2115397,24269217,0
7,0,0,1,0,64,21615,13,11,0,453,60681,1891709,15074282,0
15,0,0,1,1,55,13888,0,2,0,791,4187387,2472018,45727504,0
13,0,0,1,1,80,12612,13,22,1,657,4239673,2419407,4877529,0
75,1,0,1,1,53,2251,25,12,0,189,2634762,2244022,48711576,0
86,0,1,0,1,19,23635,9,5,1,613,278167,351587,39786884,0
14,1,0,0,1,77,18367,30,1,1,628,4366484,1097251,45337760,1
91,0,0,1,1,95,22332,26,29,1,764,575166,2134989,24874930,0
97,0,0,1,1,88,21920,16,6,1,415,2753213,1580327,30460633,0
65,0,1,1,1,32,12242,10,25,0,780,3724184,558654,43592451,0
31,0,0,0,1,29,3988,9,19,1,247,4975622,984730,11238238,0
86,0,0,0,1,84,1325,14,13,1,688,1554948,1373094,3317828,0
62,1,0,1,0,86,15923,11,5,1,534,4832455,2280916,10803416,0
85,1,0,1,1,40,15468,2,22,1,359,3075309,2693519,3445802,0
50,1,0,1,1,8,13276,21,8,1,948,1277033,838895,34358646,0
24,0,0,1,1,25,6805,17,6,1,237,3819645,27399,16951737,0
57,1,0,1,0,95,24789,23,18,1,517,889835,2613962,37756924,1
62,0,0,1,1,69,6558,26,24,0,760,1109466,66021,29672644,0
61,0,1,1,1,73,15509,25,15,0,755,780860,1759586,12855663,0
21,1,1,1,0,14,17793,6,12,1,84,4019888,1435871,25565024,0
57,0,0,0,1,54,17766,10,5,1,336,2708547,985229,43955792,0
57,0,0,1,1,89,13744,17,3,1,970,4280945,1884421,23717565,0
85,0,0,1,1,14,9458,16,11,0,63,535897,470985,43769342,0
48,0,0,1,1,94,5116,22,25,0,204,3665598,1265538,32861853,0
51,0,0,1,1,20,3213,15,20,1,262,1716863,1257975,38561326,0
41,0,1,0,1,42,13217,28,9,1,254,4436256,2233737,32437207,0
69,1,0,1,1,71,2692,28,15,1,471,1739223,357987,3592348,0
14,0,0,1,1,24,7932,22,0,1,64,3126584,647854,40711723,0
53,0,0,1,1,73,13275,2,11,1,826,4683809,1925826,5421971,0
59,0,0,1,1,74,24819,29,19,1,254,819560,1133535,5791276,0
100,0,0,0,1,29,2147,25,29,1,409,572748,2384060,41098330,0
96,0,0,1,1,93,11777,12,18,1,637,82089,25063,43658927,0
7,0,0,1,1,58,23541,7,21,1,981,4954895,1881505,23280442,0
52,1,0,1,1,16,19200,23,24,1,979,3794157,2803148,44109469,0
59,1,0,1,1,69,10129,4,28,0,53,4231902,224996,28268366,0
4,1,0,1,0,58,4860,6,18,1,384,2694181,746509,15028754,0
67,1,1,1,1,71,14797,18,29,1,98,2302716,1872662,42021590,1
5,0,1,1,1,25,1967,21,27,1,125,1802781,2757332,13141483,0
95,1,0,0,1,9,9695,18,20,0,104,166319,2783758,41582845,1
93,0,0,1,1,62,941,26,17,1,532,452187,168792,37168880,0
46,0,1,1,1,83,57,11,8,1,643,1690114,180771,37136865,0
98,0,0,1,1,8,18664,8,23,1,448,3392597,2373619,35175148,0
54,0,0,1,1,23,5777,22,25,1,903,4844271,232805,8168113,0
39,0,0,1,0,85,10962,16,3,0,259,3947461,2812133,48132539,0
51,1,0,1,1,59,24312,23,10,0,939,600258,2282062,17354013,0
15,0,0,1,1,65,4571,24,23,1,236,2862693,2428573,18275617,1
12,0,0,0,1,76,14316,9,15,0,813,398954,106612,36147973,1
29,0,1,1,1,28,13601,17,25,1,388,888472,790841,9822396,0
18,0,0,0,1,72,15690,0,19,1,162,2788099,80179,796092,1
16,0,0,0,1,92,688,14,1,0,838,3104349,2572080,43654773,1
62,0,1,0,1,23,12147,30,8,1,213,3223230,2888298,28537065,0
18,0,0,1,1,28,14296,10,17,1,428,1526725,2060705,142248,0
91,0,1,0,1,58,17984,3,16,0,768,3310224,2415604,4936081,0
57,1,1,0,1,25,15446,24,16,1,426,2732121,2905720,6960944,1
54,0,0,1,1,85,2528,5,13,0,186,1566511,1251164,3395131,0
89,0,1,1,1,76,23526,26,12,1,564,922514,1266618,31906533,0
100,0,0,1,1,99,17960,12,18,0,452,1362975,2979928,15207924,0
89,0,0,1,1,23,13422,27,25,1,945,4203640,2381592,13715002,0
61,1,0,1,1,79,23077,25,22,0,140,2965508,388989,13445322,1
22,0,0,1,1,57,17961,7,5,1,563,1083599,2487342,31239055,0
8,0,1,0,1,54,11536,6,11,1,85,4960283,874697,37693540,0
11,1,0,1,0,27,215,4,12,1,111,463709,1168735,16222919,0
0,0,0,0,1,41,1815,4,30,0,994,1588713,707238,34193553,1
57,0,0,1,1,32,2130,15,2,1,135,4555016,2290390,10362350,0
0,0,0,1,1,91,10831,29,15,0,115,4453538,2542430,31246357,1
33,1,0,1,1,80,22204,5,20,1,190,3358420,489374,28291397,0
95,1,0,1,1,84,23079,15,9,0,443,4648590,713336,4588757,0
47,0,0,0,1,84,17831,14,21,0,40,2380318,2128013,7978825,0
88,0,0,1,1,82,15001,5,9,1,434,2542554,2362537,42232945,0
0,0,0,1,1,75,1952,20,17,1,110,741898,2115194,44081652,0
15,1,0,0,1,25,11007,7,2,0,936,4180403,2830298,27683202,0
60,1,0,1,1,25,2837,2,12,1,981,1020038,2707864,49970196,0
63,0,0,0,1,45,7390,8,15,1,537,3962881,1975137,12493829,0
62,1,0,1,1,39,24652,20,3,0,633,356039,333793,1356734,0
68,0,0,1,0,92,11103,8,23,1,774,4351192,2259503,7796031,0
21,0,0,1,1,5,24030,4,28,1,731,1845017,1047585,34217709,0
92,0,0,0,1,82,8565,18,10,1,960,3154595,24882,47814290,0
66,0,0,1,1,88,4505,24,16,1,355,4403562,160043,30250078,0
75,1,0,0,1,96,19291,15,24,0,556,3830395,1697660,23790807,1
25,0,0,0,1,86,269,15,0,1,1,2657116,2731795,30771758,0
15,0,0,1,1,71,7939,17,11,0,593,2667497,2224032,47558310,1
50,1,1,1,1,95,17462,11,2,0,901,157902,1351158,25508830,0
100,1,0,0,0,74,12136,15,18,1,428,1857503,1574008,660713,1
85,0,0,1,1,8,5003,28,8,1,314,3081766,2434624,34428154,0
56,0,0,1,0,5,16231,4,18,1,608,940372,2761662,25965504,0
28,0,0,1,1,25,7717,2,18,1,914,198836,1080680,213556,0
77,0,0,0,0,96,7506,6,30,1,301,413094,438777,44962943,0
91,1,1,0,1,86,6468,19,17,0,442,2894897,2705627,46191919,1
68,1,1,1,0,56,17836,30,19,1,681,1216671,31729,28144845,1
46,0,1,1,1,57,23477,13,10,0,163,3629907,1218096,21475875,0
93,0,1,0,1,89,238,23,23,1,676,4771880,699924,33755643,1
61,0,0,1,1,84,4855,15,21,1,554,4954846,1512147,35690571,0
68,1,0,0,1,60,1980,0,0,1,714,2270271,2332340,4115377,0
75,0,0,1,1,94,22655,4,20,1,2,4286183,1989163,19928943,0
15,0,0,0,1,77,7962,7,28,0,786,1365304,2204351,13689668,1
89,0,0,0,1,91,12423,1,11,0,163,3353474,2689911,41390016,1
89,0,0,1,0,70,4237,21,10,1,278,1835136,1782198,27236944,0
47,0,0,1,1,71,18119,6,9,1,823,3182882,566513,32910518,0
84,0,1,1,0,37,9818,5,10,0,837,2956115,2345813,30626671,0
38,1,0,1,0,92,10099,9,7,0,943,3364765,332509,22437715,1
99,1,0,1,1,27,16081,2,16,1,664,478490,1634044,918469,0
32,1,1,1,1,10,10333,5,5,1,32,2025089,413951,23783038,0
93,0,0,1,1,89,22579,22,26,0,98,3308253,696939,31153677,1
100,0,1,1,1,51,18876,28,6,1,229,2103121,171412,45759176,0
22,0,0,0,1,62,5295,18,28,0,369,4440223,1412420,21925900,1
9,0,0,1,1,9,17844,27,30,0,907,2158442,1376105,49426355,1
68,1,1,1,1,81,6201,25,30,0,778,1850841,2932540,30584643,1
99,0,0,1,1,81,21555,1,4,0,471,78753,1806561,30796683,0
33,0,0,0,1,87,20674,18,3,1,371,4464684,453569,47503010,0
51,1,0,1,1,13,5951,27,29,1,102,3770865,1208811,44441892,0
94,1,0,1,0,7,24426,29,6,1,202,2253128,1784251,13500771,0
9,0,0,1,1,65,17649,16,15,1,171,3495223,2772028,20549854,0
18,0,0,0,1,99,410,22,24,1,519,3104147,1314266,39956399,1
57,0,0,0,1,68,14012,3,3,0,816,1013331,2891947,36440496,1
95,0,0,1,1,50,5649,2,2,0,245,4523881,2272358,21854795,0
0,0,0,1,1,60,21746,13,13,1,589,3868487,1489290,40626388,0
68,0,0,1,1,43,10184,21,25,1,919,4534102,466084,34723326,0
3,1,0,0,1,17,13689,29,3,1,715,796780,1630125,7720085,0
15,0,0,1,0,45,15991,2,20,0,995,4334530,2926889,36541169,1
23,0,1,1,0,15,10177,27,8,1,136,1797299,621992,24816016,0
79,0,0,1,1,45,11855,10,10,1,471,1223780,2452852,6041604,0
1,0,1,0,1,79,3474,9,0,1,100,3020541,2345336,11644026,1
91,1,0,1,1,51,21460,2,8,1,7,3430593,263073,5954590,0
31,0,0,1,1,53,23039,8,24,0,778,1416724,1757414,28622454,0
90,0,0,1,1,69,18808,15,7,1,396,3350194,882057,23307848,0
83,0,0,1,1,39,11384,17,14,1,479,4290642,2559519,46081058,0
23,1,0,1,1,39,1097,30,28,1,459,4008653,877759,10693541,0
11,0,0,1,0,71,3884,4,25,1,933,3463506,1387583,17650197,1
49,1,0,1,1,8,10749,25,23,0,154,4615984,871204,46618827,0
34,0,0,1,1,28,19554,14,7,0,5,2849046,2241967,1250316,0
32,0,0,1,1,98,6509,25,19,0,947,469833,2500028,43868094,0
32,0,0,1,1,88,9594,15,28,1,687,168290,1540021,17080951,0
60,1,0,1,0,40,9717,17,6,0,775,3987763,1929451,39214834,0
50,1,0,1,0,81,2703,5,30,0,292,4375136,2562985,38766785,1
42,0,1,1,1,60,2913,3,13,0,519,2692121,681493,15615708,0
100,0,0,1,1,8,6061,22,17,1,423,487526,1103404,36729129,0
11,0,0,1,1,96,14363,12,2,0,298,4221790,201717,5133832,0
66,0,0,1,1,44,12665,0,30,1,254,887083,829761,9039379,0
64,0,0,1,0,47,21770,23,14,0,356,1788591,233781,34921427,0
32,1,0,0,1,62,230,1,23,1,754,1989107,2283336,827516,1
39,1,0,1,1,66,6426,30,19,0,182,3180634,408960,48332422,1
73,0,1,1,1,11,3022,14,30,1,262,13487,2001710,16359463,0
42,0,0,1,1,13,7554,3,25,1,981,3700962,902709,38444492,0
43,1,0,1,1,26,5376,26,26,0,65,4797584,2246532,11529958,0
28,1,0,1,1,8,24443,12,5,0,2,710022,1567078,29743897,0
12,0,0,0,1,40,15759,22,27,1,579,4895292,329175,45737846,1
11,0,1,1,1,74,22083,13,14,1,103,940742,2714047,3027412,0
94,0,1,1,1,71,4278,14,13,0,738,1884886,2379240,18286277,0
45,0,0,0,0,39,21841,7,10,1,270,1719354,829086,31806755,0
1,0,0,1,1,37,20612,8,7,1,249,4978266,1038695,18421458,0
34,0,0,1,1,11,17029,4,7,1,345,2917424,311029,23377077,0
86,0,0,1,1,59,11065,24,4,1,997,1148503,1390846,19774323,0
80,0,0,1,0,51,2747,24,15,1,997,1830836,2282229,28268659,0
89,0,1,1,1,66,21744,2,26,0,592,484515,1518373,36263327,0
7,0,0,1,1,71,13633,6,29,1,128,2818821,1007849,30645189,0
92,1,0,1,1,68,2706,7,30,0,207,4616662,888147,12287114,0
25,1,1,0,1,47,9701,15,6,1,496,2943748,2593734,30341266,0
73,0,0,0,1,22,11463,16,0,1,408,4571930,2188854,21049167,0
89,0,1,0,1,7,1666,26,30,1,553,1953925,517486,20956812,0
33,1,0,0,0,63,19752,9,4,1,712,2667222,1668382,44836716,1
6,0,1,1,1,66,6474,20,2,1,250,1530668,612249,49093931,1
67,0,0,1,1,43,1906,0,12,0,310,4410923,1374840,4934473,0
57,0,0,1,1,95,2118,18,19,0,642,3316377,320838,25365165,0
74,0,0,0,1,68,9363,17,16,0,637,4177877,1950428,15592718,1
28,0,0,1,1,77,135,28,0,1,106,3764770,2936171,20972378,0
35,1,0,1,1,85,3785,17,18,1,346,781969,2670322,38914007,0
88,0,1,0,1,64,20681,19,3,1,402,953992,1595608,16901574,0
20,0,1,0,0,46,11487,4,12,1,530,3023576,632500,30105160,0
35,1,0,0,1,9,18634,10,18,1,147,2924918,1972056,47621098,0
9,0,0,1,1,50,16982,0,17,1,677,3120425,2697185,25296107,0
100,0,0,1,1,8,19488,26,10,1,481,581354,2527638,44904988,0
72,0,0,1,1,18,6536,21,22,0,96,1047870,1784332,22793016,0
23,0,0,1,1,97,3237,10,25,1,89,3913551,1837361,5013744,0
63,0,1,1,1,15,9318,10,8,0,859,1524643,2095059,39961023,0
98,0,0,1,0,64,9027,4,30,1,917,1979538,2693208,6656895,0
48,0,0,1,1,26,18097,28,26,1,215,2911021,1383259,8153060,0
98,0,0,1,1,9,23241,19,2,1,958,2097477,1646297,13023365,0
35,0,0,0,1,57,15796,21,15,0,715,1401318,963978,29957180,0
81,0,0,0,1,16,12145,17,24,1,149,4346750,2995497,7208195,0
95,0,0,1,0,25,22611,7,23,1,171,3098832,1173033,31360022,0
23,0,0,1,1,83,24437,21,20,1,863,2526102,295088,48100910,0
22,0,0,1,1,28,17899,14,29,0,314,110681,1855238,13717883,0
61,1,0,1,0,17,7042,2,26,1,35,4483056,884166,46027881,0
95,0,0,0,1,30,18638,15,27,1,355,1253033,1233150,39954143,0
36,0,0,0,1,44,10440,19,21,0,912,1660697,2616195,47184863,0
11,1,0,0,1,30,23474,11,16,1,308,2365764,2970309,29008741,0
54,0,1,1,1,49,19529,28,12,0,239,2814353,187238,3084664,0
12,0,0,0,1,34,6095,1,5,1,799,4982495,1843203,13330976,0
22,1,0,1,1,68,14996,19,24,1,845,3666977,2606890,19560751,0
88,1,0,1,0,77,12791,24,6,1,234,3359976,1263493,28880040,1
98,0,0,1,1,92,23626,19,8,1,211,657989,1166072,35376231,0
29,0,0,0,1,42,15008,12,20,0,138,885817,2240768,3581812,0
16,0,0,1,1,22,14605,23,29,1,560,4716264,2235751,48123317,0
61,1,0,1,1,13,7952,18,4,1,486,1138011,1500711,44986824,0
83,0,1,1,1,90,24754,12,4,1,837,23994,1169354,27212243,0
88,0,1,1,1,60,16570,30,21,1,255,858954,2662928,47301385,0
85,1,0,1,1,42,17562,20,14,1,832,2030344,2646452,2303598,0
12,0,0,1,1,25,16980,17,29,1,367,4069336,2517418,17645199,0
58,1,1,1,1,75,16448,29,30,1,817,2467650,432151,22912725,1
18,0,0,1,0,16,6787,24,30,1,260,1602380,2778211,24223724,1
48,0,0,1,1,40,8337,15,3,1,680,42129,585749,25877692,0
99,0,1,1,1,15,23933,24,9,1,76,368495,1566087,8780666,0
11,1,1,1,1,71,5152,29,29,1,749,1626785,2623096,10618320,1
60,0,0,0,1,31,8739,9,29,0,444,1967303,2132346,40381568,0
18,0,0,1,1,67,10411,6,8,0,809,4337338,379696,34023892,0
75,0,0,1,1,75,7937,1,6,1,474,4127877,1943685,2335277,0
8,0,1,1,1,70,18601,3,14,1,815,1402315,409031,42322035,0
70,1,1,1,1,78,2575,30,18,1,171,4948579,1020712,31611007,1
27,0,0,0,1,71,18122,21,9,1,832,731889,1759431,35848195,0
77,0,0,1,1,85,21890,24,6,1,911,4989835,1012610,41184282,0
94,1,0,1,1,69,15035,28,26,1,992,908791,1934703,16863137,0
51,0,0,1,1,38,717,21,2,1,29,2313450,2731089,23705393,0
82,0,1,1,1,81,17634,3,2,1,502,2207549,2132813,973247,0
15,0,0,1,0,82,4369,0,19,0,158,2082365,2255871,17482536,1
68,1,0,0,1,85,17969,30,27,0,541,3327036,2916883,47452042,1
98,0,0,0,1,38,19383,15,17,1,764,3225129,1357674,33905192,0
11,0,0,1,1,68,12759,22,23,1,475,2957714,925445,47742167,1
24,0,0,1,1,21,6153,22,12,1,207,1290637,2801373,34008808,0
51,0,0,0,1,55,12611,5,11,0,484,606544,1389462,35028995,0
84,0,0,1,0,60,21373,18,16,0,348,2834037,475607,15760766,0
99,0,0,1,1,93,12428,4,25,0,464,489820,2933435,30934349,0
52,0,1,1,1,98,6232,22,16,0,970,3043142,78129,4463024,1
22,0,0,1,0,52,21980,5,10,0,802,351136,1387118,27768501,0
15,0,0,0,0,66,20554,6,16,1,447,225818,2487873,15893633,1
56,0,0,0,1,60,578,4,19,1,908,71941,813449,37617322,0
38,1,1,0,1,15,17836,27,16,1,921,2292471,604429,16839917,1
52,1,0,1,1,89,956,0,18,0,136,4047399,263402,5650542,0
41,0,0,0,0,24,12246,25,6,1,629,4243235,1975185,8913456,0
57,0,0,1,1,97,8253,26,18,1,768,2803391,620978,24040809,0
38,0,0,1,0,72,13241,20,27,0,376,2889101,1368860,47259969,1
13,1,1,1,1,38,23363,1,1,0,630,1679897,133588,28288834,0
94,1,1,1,1,46,11861,25,28,1,497,1230223,2596097,22611881,0
4,1,0,1,1,45,15984,9,29,1,352,1825302,2867038,45345089,0
34,0,0,0,1,66,23587,1,9,1,88,1523237,2720098,23094011,0
86,0,0,1,0,21,13825,19,30,1,389,775380,2399940,30739246,0
92,0,0,1,1,16,12436,13,28,0,147,3203733,1934664,22496460,0
74,0,1,0,1,72,15967,21,5,1,75,1148198,849204,8432050,1
17,0,1,0,1,45,20881,20,15,1,81,419177,408473,12302419,1
75,1,0,1,1,18,243,6,7,0,156,4053191,2086839,41481716,0
8,0,0,1,1,8,20921,9,3,1,280,24167,338622,19867671,0
73,0,0,0,0,86,12585,30,27,1,166,692930,2768962,25096031,1
57,0,0,0,1,81,14374,7,19,1,204,411625,2567779,30376607,1
16,1,0,1,1,78,9331,25,10,1,799,2323596,997685,41652091,1
6,0,0,1,1,18,21097,0,17,1,967,3488,601146,15971989,0
45,0,0,1,1,13,18945,28,20,1,560,4589607,2857422,39336012,0
12,1,0,0,1,47,21122,30,14,0,899,1572034,1800146,24937925,1
39,0,0,1,0,24,17009,7,25,0,204,4554638,1998843,33678021,0
41,0,0,1,1,5,1934,15,15,0,474,1852990,2267414,2347247,0
8,0,0,0,1,97,23738,13,28,1,744,2141745,2477404,23812411,1
49,0,0,1,1,85,14998,18,7,1,771,3123069,315359,22444976,0
26,1,1,0,1,76,3938,25,16,0,943,3844854,2097043,7700958,1
65,1,0,1,1,21,18739,27,1,1,373,4874660,212623,22594089,0
4,0,1,1,1,89,4899,29,16,1,166,3701157,2488804,18374930,1
28,0,1,1,1,93,2782,9,14,1,797,3136871,2801559,10981367,0
36,0,0,0,1,24,928,17,19,0,232,145423,761721,49312137,0
37,0,0,0,1,63,15285,29,6,0,108,402059,1624817,38457197,1
82,0,1,0,1,93,5205,1,10,1,813,1216850,2142282,47863286,0
7,0,0,1,1,89,24112,4,18,1,917,1981070,2550744,29219634,0
64,0,1,1,1,17,15933,28,23,0,433,2386911,1928614,39727913,0
85,1,0,1,1,81,4865,1,5,0,945,871190,1604491,12614614,0
16,0,0,1,1,51,13123,19,17,0,221,1793744,1750279,32081452,0
70,0,0,1,1,54,16098,2,8,1,507,4594490,2123612,25939644,0
88,0,0,0,1,98,15189,30,24,1,246,607367,754480,41578372,1
44,1,1,1,1,81,22637,23,15,1,989,4508425,1160031,4635044,0
3,0,0,0,1,44,16667,8,12,1,750,4797851,1065373,27786963,0
35,0,0,0,0,11,2355,10,22,0,730,2381113,244874,21010035,1
69,0,0,1,1,59,19467,15,25,0,848,2434290,2694977,44998813,0
30,0,0,0,1,55,10538,29,7,1,843,1014120,2801871,28857301,0
18,0,0,1,1,80,3767,27,25,1,358,378896,585287,8119809,0
60,1,0,0,1,6,22746,13,16,1,538,4179389,546312,18433634,0
53,1,0,1,1,18,5700,29,13,0,542,2782638,2446833,23602636,0
38,1,0,1,1,21,4802,13,21,1,746,3937629,2149795,38951434,0
90,0,0,1,1,81,22983,21,8,0,615,4035512,169938,31687913,0
73,0,0,0,1,5,14536,19,5,0,855,3503731,1294347,19751484,0
89,0,1,0,1,5,2898,10,15,0,124,2186920,2996927,11876527,0
18,1,0,1,1,30,19112,10,2,1,969,1958434,30187,10136580,0
38,0,0,0,0,50,14000,29,1,0,284,361007,1556018,13329347,0
66,0,0,1,1,17,8798,17,7,0,150,1342456,2802280,30390623,0
44,0,0,0,1,38,15391,10,26,0,384,3016813,2085188,41650856,0
12,0,0,1,1,66,15500,23,3,0,924,2556531,2174799,27130599,1
91,0,0,1,0,77,16169,30,11,1,460,3304956,501774,13905592,0
57,0,1,1,1,55,20778,13,30,0,704,3339899,1035612,36309052,0
19,0,0,1,1,87,18633,18,0,0,979,1163863,2033799,17477009,1
91,1,1,1,1,91,20755,17,23,1,748,448763,410836,35222291,1
71,0,0,1,1,45,3854,3,28,1,403,3304518,248540,49216898,0
60,0,0,1,1,59,9037,12,16,1,687,319999,1170785,48183529,0
38,0,1,1,1,32,6396,1,17,0,84,2228080,352742,28365849,0
0,0,0,0,0,98,4783,18,16,1,614,4216993,191137,14713075,1
2,1,0,1,1,65,9193,8,23,1,687,1200882,1249273,28762079,0
76,0,0,1,0,11,21170,22,15,1,852,202658,2074617,40536212,0
91,0,0,1,1,82,15954,10,2,1,48,3742618,170776,40561212,0
61,0,0,1,0,6,4925,30,8,0,514,3127448,1974491,40463295,0
62,1,0,0,1,80,14353,16,26,1,791,144472,2336824,46348329,1
24,0,0,0,1,6,5569,25,11,0,466,2073696,2178791,4809665,0
55,0,0,1,1,32,1643,4,6,1,341,3897238,1819472,47412410,0
32,0,1,1,1,58,4691,20,5,0,991,3609364,1158264,2269320,0
37,0,0,0,1,96,24663,8,10,0,389,4136984,2554999,37345336,0
5,0,0,0,1,80,15873,15,5,1,328,2797711,1336631,9667598,0
57,1,0,1,1,98,20139,11,25,0,555,20207,1467228,39090402,1
43,0,0,1,1,62,2756,0,16,1,719,3404184,1264729,33122811,0
44,1,0,1,0,51,3295,16,23,0,890,1771227,603664,47993501,0
31,0,0,1,1,65,3260,13,9,1,101,1386056,777635,6941824,0
44,0,0,0,1,44,14341,25,26,1,654,2648532,954784,12485383,0
60,0,0,1,1,90,8007,6,2,0,540,4522279,2570077,35601512,0
46,1,0,1,0,22,23590,22,18,1,586,2812590,326040,15634272,0
20,0,1,1,1,18,2662,26,2,0,6,2656606,2188098,19132446,0
79,1,0,1,0,29,13456,15,26,0,750,1226551,61735,42301194,0
84,1,0,1,1,14,6581,14,24,1,767,2221697,278811,30295837,0
74,1,0,1,1,52,15503,23,20,1,532,1848384,186560,49125299,0
100,0,0,0,1,52,10732,3,1,1,580,3676682,317761,3382942,0
35,0,1,1,1,65,4935,29,19,1,878,655954,180765,35065999,0
98,1,0,1,1,57,1774,22,22,1,963,25809,2830380,13656832,0
18,0,0,1,1,13,21581,21,27,1,543,4542275,2700680,38110812,0
19,0,0,1,0,15,5591,14,30,1,178,2300474,708200,21467935,0
56,0,0,1,1,31,774,16,25,0,468,2180751,2372572,37221536,0
17,0,1,1,1,63,22991,1,0,1,43,1022701,1356661,2760970,0
46,0,0,0,1,62,20506,7,17,1,857,1177642,1148784,23062836,0
48,0,1,1,1,17,23482,5,7,1,601,811977,2861908,27530215,0
13,0,0,0,1,69,4257,6,23,0,908,227960,1275787,42539431,1
14,0,0,1,1,15,12545,23,18,1,560,1942911,2043080,14094959,0
30,0,0,1,1,61,16194,27,4,1,724,634826,2691621,234767,0
0,0,0,1,1,71,14502,15,23,0,745,4268918,1957453,59218,1
53,0,0,1,1,70,23879,30,9,1,117,1905548,716655,49499957,0
2,0,0,1,1,28,21591,4,29,1,796,4252032,2858688,26686439,0
15,0,0,1,1,88,21028,20,30,0,479,4295228,199360,30218858,1
86,0,0,1,1,53,8497,17,30,1,633,3871669,1896210,11764518,0
56,0,0,1,1,44,14226,19,8,1,713,3254254,1746451,34455378,0
74,0,1,1,1,83,6553,10,26,1,249,4639669,1623930,43168866,0
11,0,0,0,1,74,14358,1,17,1,713,361274,1395851,14999607,1
73,1,0,0,1,88,4543,6,30,1,39,4689490,2361048,30551795,1
95,0,0,1,1,90,1432,29,25,0,393,747439,2395112,37525389,0
15,0,1,1,1,6,10221,29,23,1,161,4735531,1289735,3802896,0
71,0,0,1,1,58,14745,14,18,0,740,2678765,1480578,2076836,0
75,0,0,1,1,19,23605,26,24,1,230,672625,569594,37711169,0
23,0,0,0,1,52,19837,8,4,0,982,3746275,1476723,33158189,0
27,0,0,1,1,58,10623,26,20,1,171,431960,2144427,21261307,0
7,0,0,1,1,50,13301,1,10,0,769,4114932,2844268,18597787,0
91,0,1,0,1,61,11880,3,19,0,718,3101271,2897177,25302380,1
35,0,0,0,1,59,8760,26,23,1,337,4942673,2498549,34867171,0
89,1,0,0,1,64,18926,14,0,1,600,2805991,2512018,43533660,0
7,0,1,0,1,99,17501,7,11,1,753,4333614,751798,47371849,1
57,0,0,0,1,34,21155,24,5,0,457,565960,1646763,39963991,0
59,0,1,1,1,32,12780,3,22,0,394,4245022,1244892,13202102,0
49,0,1,1,1,56,11569,7,23,1,146,1093641,2552116,35321160,0
27,1,0,1,1,45,6070,6,19,0,265,2076336,914856,21740044,0
91,0,0,1,1,25,16499,12,11,0,249,2902905,2562605,947744,0
100,0,0,0,1,91,3688,4,24,1,525,1910852,2302182,499568,0
40,1,0,1,0,46,13530,19,30,1,811,4693308,2095938,39066425,0
99,0,1,1,1,17,9908,21,11,0,98,1420149,1183551,13649923,0
63,0,1,1,1,49,8145,21,2,0,388,4479105,2553993,47831411,0
26,1,0,1,0,94,17184,17,23,1,555,1666140,1385331,33876815,1
62,0,0,0,0,58,16184,18,25,1,735,1124322,2770674,39580551,1
16,0,0,1,1,23,9013,10,14,1,159,536858,2745003,49217701,0
72,0,0,1,1,31,21339,5,30,0,475,4642354,2737226,31309961,0
32,0,0,1,1,44,24755,3,10,0,489,3020103,1916415,21159134,0
83,0,1,1,1,11,23317,2,9,0,25,798529,2102322,48670932,0
76,1,0,0,0,29,14855,28,20,1,216,123174,2654751,35475870,1
91,0,1,1,1,53,4455,19,27,1,76,978824,190435,35128364,0
28,0,0,0,0,40,13912,5,20,0,853,4879395,1125883,8101250,0
12,1,0,0,1,75,6619,14,22,1,273,4056699,1524008,4850659,1
45,0,0,0,1,88,22498,2,20,1,962,3950985,16553,23921762,0
34,0,1,1,0,28,1942,16,22,0,668,367432,2654239,22008561,1
5,0,0,0,1,65,18145,29,15,1,526,1676577,1037594,32020939,1
81,1,0,1,1,96,21594,21,24,1,884,4660655,249212,27644207,1
68,1,0,0,0,73,2689,30,11,1,713,4114401,155275,11428613,1
46,0,0,0,1,56,9326,1,15,0,68,3748953,2799850,15539693,0
24,0,0,0,1,40,1402,24,4,1,69,3229091,93442,926512,0
65,0,0,0,1,99,18212,15,17,0,881,854770,1818656,16847730,0
9,1,0,1,1,55,1693,21,9,1,525,1543337,2269286,18957328,0
55,0,0,1,1,37,11803,16,5,0,85,3463165,2641687,7289183,0
29,0,0,1,0,57,13062,10,24,0,270,2738155,2605365,14250320,0
4,1,0,0,1,92,9490,3,28,0,658,4582417,1352867,31810858,1
32,0,0,1,1,78,2259,20,28,1,137,3114432,1470884,19701800,0
64,0,0,1,1,42,9343,11,28,1,858,1019419,1148118,47307554,0
17,0,0,1,1,48,13444,7,13,0,746,2151955,1525787,33871256,0
95,0,0,1,1,9,17442,2,13,0,300,2541401,1842846,24518654,0
48,0,0,0,0,35,10618,10,8,1,539,4736840,1402722,27372205,0
10,1,0,1,0,13,12682,12,27,0,169,84013,1829252,27867324,1
84,0,0,0,1,36,22084,24,15,1,981,4795474,748114,29123014,0
25,0,0,1,1,45,22445,8,12,1,568,3519055,1502034,7898010,0
62,0,0,0,1,9,7224,14,13,1,350,4446413,1559122,31654892,0
88,0,0,1,1,55,23978,11,20,0,556,3609083,1659562,5006580,0
85,0,1,1,1,58,21023,9,10,1,10,1305299,1404356,2376265,0
58,0,1,0,0,95,10593,26,1,1,416,4798553,868101,37905195,1
26,1,0,1,1,32,11594,20,21,0,582,3929388,2702509,38082045,0
48,0,0,1,1,47,4212,3,27,1,282,2032975,1564205,37399993,0
76,0,0,1,1,16,5098,6,19,0,728,2120681,561992,41128580,0
32,0,0,1,1,73,456,28,19,0,553,1437048,592631,20985225,0
97,1,0,1,1,76,2519,8,28,0,814,3334681,2891919,5753446,1
98,0,1,1,1,21,11489,5,18,0,14,1614521,2422068,11910901,0
0,1,0,1,1,12,11055,6,11,1,301,2531448,446476,2400338,0
20,0,0,1,0,91,7559,16,16,0,154,1304966,2432816,43991771,1
54,1,1,1,1,22,1082,3,30,0,612,3180294,378858,32152610,0
5,0,0,1,0,14,11890,30,8,1,7,1303307,1786305,5356849,0
91,1,0,0,1,43,19522,1,21,0,677,801060,2525550,18389058,1
80,0,0,1,0,45,11799,16,25,1,228,1062207,2933370,5355066,0
68,0,0,0,0,48,12636,28,10,1,946,1280463,864429,27442416,0
94,0,0,1,1,73,23569,26,11,0,194,1220203,2332031,34471000,0
4,1,0,1,1,47,6849,6,2,1,285,4560172,1462034,45491794,0
2,0,0,1,1,85,20512,10,16,1,980,3759964,1683521,42680685,0
52,1,1,1,1,51,24139,25,5,1,874,3205910,1981204,1725220,0
22,1,0,1,1,79,22284,19,3,1,376,3296742,1887927,47966882,0
100,0,0,1,1,52,21398,17,12,0,232,744034,1493993,45323133,0
52,1,0,0,1,23,17486,20,16,1,119,2568667,2440629,43496425,0
36,0,1,1,1,25,603,6,9,0,244,1585168,2438978,36062290,0
73,0,0,0,1,7,10762,17,19,1,695,1232449,2231805,49434650,0
73,0,0,0,1,60,13294,22,30,0,265,3086737,405413,34073768,0
82,0,0,1,1,47,286,18,17,0,927,3654314,629008,44710350,0
16,0,0,1,1,5,20981,13,13,1,376,79358,2270869,48381578,0
84,0,0,1,1,92,8284,7,15,0,469,2517702,2394480,5000267,0
77,0,0,1,1,40,3393,6,18,1,99,2489647,556358,11037322,0
72,0,1,1,1,10,14447,0,25,0,605,2946197,731004,26960062,0
0,0,1,0,1,78,13547,24,14,1,658,2128819,1070976,27845007,1
50,0,1,0,1,50,7563,30,25,0,948,4645138,2958049,41539414,1
44,1,0,0,0,92,477,5,22,1,158,512517,2660230,40203680,1
76,0,1,1,1,27,15144,27,22,1,77,2912675,662271,7787504,0
3,0,1,1,0,24,5270,30,20,1,395,655231,1164150,10074878,1
61,0,0,1,1,57,1007,28,25,1,281,3335256,79722,30352365,0
64,0,0,1,1,42,2389,3,12,0,666,3082240,2466486,36775214,0
31,1,0,1,1,39,5058,15,1,1,212,2778017,233131,17933482,0
33,0,0,1,1,38,9494,14,28,1,729,2247145,2088305,28647029,0
91,0,0,0,1,54,4105,21,8,0,650,1323835,953798,18627455,0
94,0,0,0,0,51,9569,17,12,1,629,2598035,1034467,42851945,0
71,0,0,1,1,40,12136,17,24,1,589,1479738,605140,22359419,0
38,1,0,0,1,20,24215,7,24,0,672,3909766,2215495,10561368,0
25,1,0,1,1,91,23419,9,21,1,355,319798,262309,39675243,0
33,0,0,1,0,53,103,4,11,1,566,2454097,157475,26555110,0
53,0,1,0,1,69,9124,6,0,1,281,56091,1033792,40090582,0
2,0,1,0,1,67,11343,16,27,1,472,4912873,1915259,18605247,1
49,0,0,1,1,56,7303,5,12,1,669,3071329,1541675,17869609,0
11,1,0,1,0,77,18303,10,21,0,675,1314161,1997,47632612,1
64,1,0,0,1,80,13509,26,26,1,564,4292257,1395054,31363204,1
53,0,0,1,1,64,23448,9,7,0,116,3593426,2393994,6590335,0
4,1,0,1,1,21,18273,6,3,1,497,4377844,1800808,48813935,0
93,0,0,1,1,71,1168,25,21,1,636,3803546,1025016,16995372,0
93,0,1,0,1,42,11422,6,10,0,213,3700023,1092345,49768818,0
56,0,0,1,1,33,5231,9,23,1,908,2738111,2027971,49402439,0
16,0,0,0,1,35,367,12,5,1,176,3030177,1856137,48602730,0
46,0,0,1,1,63,8343,2,12,1,263,2323493,1944554,14469630,0
22,0,0,1,1,58,9996,27,19,1,711,2750718,1687389,17570889,0
78,0,0,0,1,57,2228,24,22,1,85,1041131,902078,2921555,0
100,0,0,1,1,30,23926,27,4,1,565,4071397,179224,5266445,0
84,1,0,1,1,17,7916,8,26,1,337,3266182,572440,47453998,0
13,0,0,1,1,61,10261,4,12,0,751,4418927,2080406,26011354,0
65,0,0,0,1,23,9280,24,26,1,580,56017,623335,15555441,0
74,1,0,1,1,31,6084,15,16,1,173,3042077,2413060,37479420,0
50,1,0,1,1,17,24319,28,18,0,625,4974962,1035684,4407229,0
37,1,0,1,1,56,895,10,18,0,801,2873027,2935502,31749712,0
63,0,0,1,1,68,19333,22,0,1,968,604180,1694687,34778809,0
97,0,0,1,1,62,12622,22,3,1,697,1278887,42146,40706636,0
37,0,0,0,0,23,10166,24,1,0,274,3012828,335818,20101738,0
49,0,0,1,1,87,12096,17,11,1,656,1567700,2529852,46493930,0
97,1,0,1,1,7,5828,25,25,1,607,1635031,1875074,39083625,0
81,0,0,1,0,71,16212,14,0,0,560,4421067,1138995,17539021,0
29,0,0,0,1,30,1734,4,11,0,809,4162711,1500967,27754282,0
78,0,0,1,1,10,22323,7,12,0,81,167640,440432,7829305,0
90,0,0,1,1,17,16565,7,5,0,831,1262217,2998526,47491663,0
50,1,1,0,1,31,13711,18,6,1,669,4520943,2819313,22868406,0
62,0,0,1,0,92,4686,4,28,1,233,1783864,2209943,1460624,0
97,0,0,1,0,14,17695,27,19,1,273,1638845,2429986,48138730,0
51,0,0,1,1,20,16477,3,4,1,538,3251493,1168563,25080536,0
37,0,0,0,1,27,22625,19,8,0,970,4697896,1842732,31954029,0
96,0,0,1,1,51,9373,17,12,0,591,3956341,1152446,8859995,0
87,0,0,0,1,16,15111,21,13,0,671,4330818,808554,18274584,0
78,0,0,1,1,32,14136,11,7,0,424,3499927,2291278,22189102,0
29,0,1,1,1,81,9145,0,15,1,561,4272190,727706,14553015,0
50,1,0,1,1,22,4838,7,13,1,904,4441053,2606826,26348306,0
80,1,0,0,1,62,15091,27,28,0,689,4020851,1903670,49826063,1
4,1,0,1,1,6,6689,25,17,1,192,3225699,283187,7404448,0
28,0,0,1,1,50,18180,8,29,1,173,3665157,828915,32139522,0
3,0,1,1,1,21,14673,26,9,1,680,2183279,744338,41078449,0
9,0,0,1,0,91,20703,20,18,0,125,3361231,30661,43886521,1
55,1,1,1,1,68,24896,12,15,1,258,4409641,1870626,614063,0
16,1,0,1,0,91,1770,21,8,0,693,4355018,854848,2805243,1
73,1,0,1,1,69,5501,0,20,0,719,2373713,211139,32774924,0
16,0,0,1,1,58,18624,5,0,0,55,2899498,2389636,39397061,0
83,1,0,0,1,47,22735,0,8,1,152,3192438,1406530,27553912,0
87,0,0,0,0,82,1992,13,23,0,668,1630558,2638963,5027002,1
68,0,0,1,1,80,12099,4,25,1,774,1907822,2903568,2442236,0
33,0,0,1,1,59,6563,12,13,1,424,3396859,939720,14067482,0
5,0,0,1,1,18,6874,24,6,1,963,464111,1944746,16837399,0
52,0,0,1,0,48,366,4,28,0,464,2224470,344195,39207730,0
65,0,0,1,1,42,11364,30,22,1,759,792175,601163,19485172,0
76,0,0,1,1,62,4961,14,23,1,631,2234117,190734,38574634,0
42,0,0,0,1,53,10903,29,10,1,194,46907,1209581,42009708,0
74,1,0,1,1,20,21454,2,19,1,266,881350,1070962,21927000,0
22,0,0,1,0,86,21128,27,6,0,253,1604839,527064,35196248,0
54,0,1,1,1,78,13719,30,23,0,3,3534468,2270621,9289376,1
79,1,0,1,0,87,2321,29,26,1,248,132805,1968825,25890705,1
94,1,0,0,1,34,22004,3,9,1,651,4077956,783306,14180517,0
74,0,0,1,0,72,10978,2,18,1,623,2159891,2628218,34493457,0
15,0,0,0,1,75,19638,19,1,1,665,4282437,2003845,8973577,0
7,0,0,1,1,84,6894,11,1,0,834,2424166,2596496,7133685,0
3,0,0,1,1,41,11532,27,22,1,137,4359904,1691139,46056553,0
3,0,0,0,1,73,374,25,24,0,701,444925,2750232,42794656,1
55,1,0,1,1,59,7572,30,29,0,211,4470238,2002889,38581458,0
24,0,0,1,0,43,12306,13,28,0,241,4368997,2059567,31807046,0
66,1,1,0,1,61,3341,5,15,1,187,2864199,655362,16944853,0
95,1,0,1,1,53,122,18,11,0,606,2905971,325647,489925,0
66,1,0,1,0,67,11992,29,7,0,641,1499653,2958534,1756857,1
26,0,0,1,1,38,10724,4,25,1,407,2254828,15695,9573943,0
92,1,0,1,1,61,20968,22,9,0,641,4529325,2100077,42708571,1
31,0,0,1,1,66,13499,16,22,1,523,631378,817117,40463392,0
49,0,0,0,0,43,9049,18,14,0,720,1969546,1270428,44133114,1
60,0,0,1,1,78,15873,26,15,1,541,3699249,2896653,45723776,0
50,0,1,1,1,71,18923,21,24,1,103,1065271,341143,6324136,0
18,0,0,1,1,66,9871,25,3,0,751,1946647,1672911,5214281,1
20,0,0,1,1,33,22965,17,25,1,519,4577725,377579,2076271,0
4,0,0,1,1,35,7694,23,28,1,166,4957647,2638601,42664559,0
81,0,0,1,1,64,14530,22,30,1,4,3304055,2872959,4799087,0
91,0,0,0,1,43,8161,11,22,1,740,2275351,1214891,28641173,0
41,0,0,1,1,83,16103,17,4,1,266,2244494,1798075,1871981,0
60,1,1,1,1,5,13013,4,16,0,566,2029672,1694215,25002801,0
21,0,0,1,1,60,8782,12,9,0,252,342372,611636,19939739,0
20,0,0,1,1,87,8577,30,3,1,248,4988407,1042455,29598783,0
69,0,0,0,1,62,15024,3,0,1,472,3459579,1054838,45657861,0
0,0,0,1,1,95,19371,30,0,1,926,390535,2646208,41429493,0
4,0,0,1,1,25,12743,17,6,1,499,4590953,1922614,16414077,0
11,0,0,1,1,58,13333,19,2,1,266,391202,547656,8163645,0
89,1,1,1,1,75,13518,8,15,0,236,1793762,115015,26538550,1
45,0,0,0,0,47,2623,25,24,1,950,4991421,912513,42484554,1
33,0,0,1,1,58,16878,1,26,1,628,183532,2377454,29868552,0
48,0,0,1,1,6,14681,25,15,1,553,2724009,206536,3530264,0
77,1,0,1,1,18,13650,9,14,1,775,807054,1609975,1719004,0
89,0,0,1,0,7,6890,12,22,1,184,2296851,1306471,1481346,0
44,0,0,1,1,18,12974,5,10,1,481,1467536,1719976,46688476,0
26,1,0,0,1,9,20154,19,21,1,532,2680647,2063664,6629245,0
72,0,0,1,1,85,22026,7,17,1,774,1685344,562087,15793826,0
25,0,0,0,1,43,1720,12,20,0,342,2329125,2523373,756374,0
46,0,0,1,0,5,17554,3,23,0,766,859186,621904,28703344,1
85,0,0,0,1,47,6427,24,19,1,16,820993,1156303,30394112,0
55,0,0,1,1,96,16222,30,29,1,784,4187574,2447781,18586970,0
93,0,0,1,1,63,14005,25,7,0,98,929139,2958874,8240602,0
62,0,0,0,0,82,15831,18,24,1,919,4765405,2633297,38501060,1
47,0,0,1,0,85,16624,6,23,1,515,4858774,2173677,41046086,0
60,0,0,1,1,19,22768,14,5,1,342,3849496,2672274,15236990,0
80,1,0,0,0,50,3196,4,17,1,796,1551811,2754002,38242360,0
25,1,0,1,1,11,6863,29,7,0,915,3928317,2930171,22363702,0
35,0,0,1,1,46,2572,26,19,1,614,493372,1910316,31833974,0
0,0,0,0,1,11,18425,16,16,0,570,3489585,1772864,49210586,1
7,0,0,0,1,51,121,18,28,1,701,4970268,310507,45993258,1
98,0,1,0,1,92,19611,24,4,1,618,3970560,1620079,10412344,0
51,0,0,1,0,94,13230,28,2,1,680,4910965,734437,22051020,0
78,1,0,1,1,82,5917,24,18,1,597,715479,112620,12850727,0
46,0,1,0,1,23,24589,20,6,1,993,476682,2364416,30334672,0
55,0,0,1,1,57,6262,29,11,1,387,2513456,42435,2610507,0
85,0,0,0,1,94,3159,4,0,1,545,3827853,734135,5759732,0
13,0,0,1,1,20,13850,10,2,1,904,709196,2503228,33498858,0
89,0,0,1,1,66,9964,3,9,1,423,250347,1678002,1420481,0
27,0,0,1,1,70,1730,13,5,0,971,2095926,1399428,47866185,0
86,0,0,0,1,69,21228,30,15,0,426,4294020,2927687,1159833,1
77,1,0,1,1,55,18490,3,13,1,220,1216177,2801473,9244271,0
87,0,1,0,1,40,14825,3,7,1,284,2831112,956659,20344450,0
1,1,0,0,1,39,11645,1,5,1,925,3449400,1284588,11918618,0
25,1,0,0,1,28,531,6,30,1,788,1307371,59087,36838473,0
13,0,0,0,1,73,11174,18,10,0,223,299441,2117677,26515085,1
58,1,0,0,1,33,2433,0,3,0,692,1456296,2078727,18268638,0
55,0,0,0,1,5,5252,11,7,1,337,3681008,2056195,25182160,0
6,1,0,1,0,61,6741,26,25,1,78,1745415,2297618,43751781,1
2,0,0,1,1,13,17028,25,4,0,164,1723651,2784497,17333721,0
22,0,0,1,1,84,9374,18,9,1,225,2145475,1562374,40626825,0
17,0,0,1,1,19,13322,24,21,1,277,1069093,2797275,45209261,0
37,0,0,1,1,78,24079,11,11,1,37,4624361,19569,43687675,0
98,1,0,1,1,20,376,8,28,1,994,4896355,512356,29863399,0
14,0,0,0,1,52,6299,25,16,1,362,4469611,2966166,7554416,1
63,0,0,1,1,40,14958,6,19,1,786,4799716,2995771,38071305,0
88,0,1,1,1,57,3793,0,10,1,457,3722541,2139823,17766068,0
100,1,0,0,1,83,6036,5,19,1,530,2809327,2509401,10136344,1
27,0,0,1,1,7,11086,9,27,1,197,1242005,2909528,19652364,0
73,0,0,1,1,23,3998,0,11,1,76,927610,468252,26468798,0
38,0,0,0,1,45,12916,17,20,1,761,929988,1643762,23621881,0
56,0,0,1,0,41,10718,2,11,1,624,1541251,1602383,46306820,0
16,0,0,1,1,63,20701,10,16,0,312,4432492,2393819,35468009,1
85,0,0,1,1,71,12562,26,19,1,962,680082,1890995,31253354,0
89,0,0,1,1,12,21771,13,26,0,514,2381144,2772973,36816862,0
43,0,0,0,1,92,11619,5,22,1,789,4547571,1032395,30089054,0
24,0,0,1,1,18,1813,10,21,0,272,2850568,16355,24072411,0
16,0,0,0,1,65,1244,6,25,1,676,2321308,204498,14977070,1
12,0,0,1,1,39,13314,7,4,1,99,2307078,162925,4441627,0
83,1,0,1,1,20,7260,24,26,1,84,1130112,471174,6455282,0
24,1,0,0,1,75,17155,22,16,1,290,2944366,683468,22432281,1
67,0,1,0,1,39,8550,21,23,1,98,3882958,1970629,42259652,1
9,0,0,1,1,12,22725,4,27,1,532,3913600,1396260,47738022,0
66,0,1,1,1,64,23979,25,4,1,588,4912260,1630355,37655007,0
17,0,0,0,1,16,23364,17,29,1,237,826093,619895,15877526,1
99,0,0,1,1,53,905,14,12,0,371,4897485,105617,11507263,0
85,0,0,1,1,84,15953,23,28,1,151,1306302,1113735,5547986,0
33,0,0,0,1,72,15247,20,13,0,289,4915249,1822034,44599081,1
7,1,0,1,1,39,10153,25,7,1,647,1618531,2928228,40804382,0
39,0,0,1,0,49,7461,17,13,1,51,936842,1303455,3275345,0
82,0,0,1,1,45,340,2,26,1,685,238562,2624640,21176219,0
41,0,0,0,1,65,3561,9,5,0,452,4084076,886899,44397381,0
40,0,0,1,0,80,14386,25,6,0,48,3569957,1100112,38857838,1
100,0,0,0,1,89,14301,27,30,1,626,2275126,1461771,25247381,0
5,0,0,1,1,19,13921,30,25,1,383,1143475,772539,25774831,0
51,0,0,1,0,71,17316,14,9,1,79,2028133,2656756,26169942,0
25,0,0,1,0,63,17912,22,29,1,331,2268611,110398,36807486,1
63,1,0,1,1,6,21822,25,16,1,767,2743242,1610827,21025071,0
97,0,0,1,1,10,19844,7,5,1,325,1963620,1759916,39737384,0
58,0,0,1,1,61,5123,20,2,1,192,2141806,5905,37417860,0
55,0,0,0,1,20,3348,25,18,1,760,133497,1610253,46811649,0
58,0,0,0,0,27,14944,7,18,1,782,1956289,1436216,17851535,0
69,0,0,1,1,99,15007,28,21,1,747,1838286,1224341,12675717,0
100,1,0,0,1,45,24590,13,23,1,946,2201056,2767880,41058890,0
32,1,0,1,1,34,15481,9,27,0,360,1435067,2065476,16945886,0
52,1,0,1,1,71,8107,12,2,1,905,3824378,1331256,33143502,0
21,0,0,1,1,59,6471,9,2,0,44,3462257,700174,45455906,0
20,1,0,1,1,84,8248,5,4,1,736,658185,14057,1568118,0
69,0,0,1,1,8,13614,17,5,0,533,4535375,2730353,11034548,0
69,0,0,1,1,32,21728,15,5,0,217,1768653,1288707,13622499,0
3,0,1,1,1,54,24884,27,22,1,704,1489852,1283618,27379939,0
93,1,0,1,1,32,24646,29,28,1,56,4899240,296812,1032767,0
74,0,0,0,0,57,7151,27,22,1,978,4633176,423825,25032093,1
61,0,1,0,1,71,10633,17,12,1,11,495249,2062637,15866153,1
61,0,0,1,0,30,19881,23,26,1,357,2539107,1890947,17924164,0
93,0,1,0,1,43,12231,19,18,0,479,384313,2007652,37061845,1
94,0,0,1,1,17,22152,23,29,0,894,1019416,1238771,23252118,0
23,1,0,0,1,75,14242,24,4,1,569,2491255,1366473,33085977,0
54,0,0,1,0,58,18218,5,0,0,735,19734,2131152,30625257,0
8,0,0,1,1,17,17149,8,16,0,105,1601681,2309847,3334744,0
2,0,0,1,1,63,23504,15,1,1,978,2003840,1757699,27911955,0
30,0,0,1,0,8,15769,5,11,1,726,602668,2221605,42308485,0
39,0,0,1,1,84,2234,10,27,1,593,1044018,588764,596826,0
100,0,0,1,1,61,12390,29,17,1,621,4049749,2977206,48723560,0
35,0,0,1,1,96,6429,2,6,1,855,2810326,1440786,12166807,0
23,0,0,1,1,64,543,7,4,1,550,2282613,1874267,33126874,0
94,0,1,0,1,51,18385,0,28,1,632,1736414,1859688,39775085,0
5,0,0,1,1,81,14528,21,18,1,668,2448671,2222190,45139282,1
65,0,0,0,1,78,873,14,15,1,7,358738,1374334,36815346,0
83,0,0,1,1,9,20901,14,22,1,930,1312697,2914666,20971650,0
91,1,0,1,1,40,13970,18,11,0,642,1494201,218853,204994,0
74,0,0,1,1,23,3036,25,18,1,44,4906165,1424660,34615701,0
3,0,0,0,1,34,22355,9,18,0,194,3993703,2239629,27843509,1
78,0,0,1,1,45,11485,18,19,0,662,3816096,1699578,15938595,0
5,0,0,1,1,52,17602,8,20,1,954,2677550,2492536,19992827,0
93,1,0,1,0,32,13224,6,14,0,248,1605443,2330586,13652472,0
50,0,0,1,1,35,18004,28,23,1,897,1053932,1336378,48024202,0
61,0,0,1,1,61,11444,13,8,1,610,994328,1473252,3699692,0
56,0,0,1,1,47,20721,1,28,1,37,925671,1146464,48191092,0
65,0,1,0,1,69,17491,21,20,1,313,3293110,1464214,22609197,1
78,1,1,0,1,13,16646,27,7,1,651,2171977,2979718,10847414,0
74,0,0,0,1,16,11154,12,18,0,573,1290284,119432,1574692,0
7,0,0,1,1,91,443,19,26,1,987,3914856,2158098,36166220,1
25,0,1,1,1,16,18350,25,6,0,654,433393,2310901,26857187,0
50,0,0,1,1,46,19182,26,18,0,584,3491492,2941613,33490024,0
44,1,0,0,0,77,9424,22,27,1,593,3831185,1239551,15315505,1
43,0,0,1,1,57,93,3,11,0,77,4046402,699037,4818103,0
4,0,1,1,1,94,5786,6,25,0,744,805055,2194727,20756301,1
69,0,0,0,1,98,3055,21,2,0,879,4433370,2076884,10163015,1
25,0,0,1,1,61,24802,7,3,1,263,1620127,2980476,46838657,0
67,0,0,1,1,88,7638,22,1,1,591,2259548,1798025,19113606,0
18,0,0,1,1,20,21750,15,6,1,425,1276602,864567,30824914,0
83,0,0,1,1,81,4025,24,21,0,622,1030301,1226720,13434778,1
96,0,0,0,1,54,2568,19,26,1,783,3214505,1100186,34556750,0
19,0,0,1,0,8,10507,8,2,1,747,4004258,2474127,39332735,0
11,1,0,1,1,93,2286,20,0,1,740,1837204,1388538,18687089,1
46,0,0,1,1,17,4403,28,11,1,206,2106602,628638,33510220,0
0,0,0,1,1,64,19059,10,25,1,94,506286,2751147,8427927,0
89,0,0,1,1,32,16898,24,18,1,702,4413504,505164,44513721,0
13,0,0,1,1,16,21140,30,19,1,186,2250272,1230173,31241766,0
63,0,0,1,0,28,20229,13,25,0,118,888363,238132,4292939,0
37,1,0,1,0,96,9986,26,16,1,47,4706285,2592768,15941325,1
36,0,0,0,1,5,6593,3,23,1,804,2544736,45203,7818135,0
10,0,1,1,1,38,9810,30,17,1,127,1928457,353606,37624584,0
99,0,0,0,0,7,17334,18,2,1,78,2537572,1648665,36876935,0
76,0,0,1,1,26,4267,14,12,1,516,3201570,1234520,35636517,0
2,0,0,1,1,89,22531,13,30,0,329,4952061,1408637,24749989,0
32,0,0,0,1,31,4712,22,4,1,353,3930960,2331612,11938985,0
5,0,1,1,1,25,4963,15,24,0,570,997572,969965,22731599,0
49,0,0,1,0,90,1922,19,21,0,759,2988248,2242478,194845,1
9,0,0,1,1,17,16366,20,18,1,188,417269,1547314,32517189,0
4,0,1,1,1,48,9973,2,18,1,712,3823573,1932981,22535809,0
22,0,0,1,1,84,12317,5,7,1,591,1448849,101438,14617850,0
9,0,0,1,0,28,23633,28,19,1,230,4096472,2096336,32848305,1
43,0,0,1,1,50,23119,3,15,0,925,1992364,2682536,7116497,0
1,0,0,1,1,21,411,0,4,0,321,30838,758185,47047649,0
12,0,1,0,1,9,13765,17,3,1,486,3009563,2533613,27041947,0
39,0,0,1,1,42,19838,7,26,1,372,898775,2668534,27238981,0
1,0,1,1,1,63,9762,15,24,1,667,163509,2022741,9831460,0
83,0,1,1,1,31,15653,30,15,1,78,2149130,351407,19893958,0
64,0,0,1,1,58,9715,19,23,1,456,550211,733982,27299411,0
62,0,0,1,1,94,3357,27,13,1,519,2353228,75699,8865969,0
100,0,0,1,1,75,17743,15,12,1,600,3651905,181420,9452765,0
72,1,0,1,1,59,14894,14,22,1,848,1324973,2303408,11663849,0
16,0,0,0,1,75,19481,30,19,1,193,1880342,2876277,33775211,1
8,0,0,0,1,47,22444,25,24,1,746,1115311,113667,31005664,0
74,0,0,1,1,95,2240,1,26,1,844,3972017,520015,7867359,0
14,0,1,0,1,42,21357,28,7,1,809,4555261,2261216,3882951,1
23,0,0,0,1,92,1801,11,23,1,586,973489,1162102,25265537,0
37,0,0,1,1,92,23754,3,25,1,810,4936967,93193,23633002,0
34,0,1,0,1,65,23575,22,17,1,419,515445,777464,18287778,1
93,0,0,1,1,49,4129,10,4,1,418,2590969,2635320,35376805,0
94,0,0,1,1,62,15964,1,5,0,905,4295517,215452,31593116,0
48,0,0,1,1,33,23343,5,5,0,817,942437,37780,11352924,0
68,0,0,0,1,58,10485,16,24,0,406,1411371,2865247,29651378,1
61,0,0,1,1,95,10002,27,19,1,421,1970232,1384159,25687490,0
59,0,0,1,1,38,16125,18,22,1,316,4912298,171753,42114106,0
49,0,0,1,1,25,20744,8,24,1,12,2131758,2009754,23063942,0
77,0,1,1,1,49,12674,4,20,1,379,3338118,593769,42212018,0
74,0,0,1,1,5,4054,13,26,1,292,2101732,226657,36142819,0
8,0,0,0,1,14,7484,15,21,1,810,4094146,793942,5463270,0
33,0,0,1,0,62,1351,26,16,0,864,4930149,1852545,46955032,1
75,1,0,1,1,98,19208,23,28,1,895,3532650,2702293,47332105,0
98,1,0,0,1,32,11518,0,22,1,81,2302013,1316250,36485530,0
34,0,1,1,1,65,24339,19,15,1,898,2599060,2981998,16930063,0
0,0,0,1,1,34,8332,2,4,1,927,3295859,644732,36061702,0
39,0,0,1,0,32,13241,9,19,1,788,2314910,338438,35420639,0
63,0,0,0,0,33,5554,24,2,0,886,2320122,1609686,43597946,0
21,0,0,1,1,35,23706,14,0,1,38,1494085,910380,44358756,0
59,0,0,1,1,72,15712,22,4,0,645,2582109,2147516,10843679,0
63,1,0,1,0,87,4324,27,2,1,200,1100115,933840,40869015,1
92,0,0,0,1,78,9810,2,23,1,272,2579299,344811,43081856,0
71,0,0,1,1,35,8398,29,27,1,572,3585990,1154109,14357621,0
10,0,0,1,1,45,23132,0,30,1,608,4287416,2345929,38680417,0
100,1,0,1,1,68,5990,12,15,1,515,3798736,446551,39000779,0
13,0,0,1,1,46,23320,14,15,1,713,2339883,802018,23255443,0
59,0,1,1,1,48,4723,20,28,1,122,4026604,2030971,38322908,0
29,0,0,1,1,35,18029,9,3,1,228,994954,2332408,22563751,0
34,1,0,0,0,15,10945,2,2,1,545,4942446,341235,46277375,0
84,0,0,0,0,40,13141,26,11,1,326,2004343,2956049,23576071,0
36,1,0,1,1,36,13399,17,16,1,608,4868161,2827271,3940277,0
4,0,0,1,0,91,13976,18,11,1,274,3016827,1843437,28771355,0
82,0,0,1,1,43,1404,20,30,1,260,3442538,2076228,22908818,0
77,0,0,0,1,71,18830,4,9,0,172,3121693,2884542,27719905,0
25,0,0,1,1,64,1845,9,1,1,238,2478495,1300852,25457542,0
61,0,1,1,1,96,10764,23,9,0,348,1574236,2290734,18496069,0
3,1,0,0,1,29,8248,15,1,1,675,2827881,1203936,3655359,0
88,0,0,0,1,32,21671,19,16,1,371,4786348,1351468,45360333,0
41,0,0,1,1,23,7957,17,23,0,610,3230197,137069,20019309,0
88,0,1,1,1,87,22959,7,4,1,888,2094100,50478,30295486,0
17,0,0,1,1,33,17445,12,1,1,546,2194097,2729038,39566440,0
39,0,0,1,1,54,5306,30,23,1,113,466755,1904329,1421200,0
71,0,1,0,1,23,14432,7,13,1,165,2054376,1156995,40268245,0
38,0,0,1,1,60,8888,25,9,0,481,1130723,2969128,22036414,0
13,0,0,1,1,22,23256,12,14,1,400,3193450,1436917,24042956,0
31,1,0,0,1,49,9812,23,4,1,742,3259909,1201553,17790652,0
50,0,1,1,1,92,2919,11,25,1,997,2282847,1519944,598321,0
37,1,1,1,0,84,767,12,13,1,188,981579,1024339,20618564,1
96,0,1,1,1,86,23829,29,20,0,108,2397729,2721425,35980894,1
22,0,0,0,1,45,8255,26,17,0,209,3664517,2495717,9785373,0
62,0,1,1,0,17,10332,16,29,1,791,2788550,768638,46538424,0
14,0,0,1,1,72,14889,14,23,1,907,345301,704491,15233592,0
96,1,0,1,1,81,6538,27,12,1,627,2800679,226766,26323576,0
24,0,0,0,1,72,10137,8,12,1,34,572578,2744028,9569853,0
16,0,0,1,1,87,6676,19,2,1,58,3600921,1322840,45254157,0
96,1,0,1,1,28,6376,3,3,1,601,2077053,551000,5479476,0
65,0,0,0,1,37,10090,23,4,0,304,3250295,2247828,42765905,0
77,0,1,0,1,77,20032,11,9,1,979,4690562,2434984,14651285,0
52,0,0,0,1,59,8109,23,24,0,72,1865848,444865,17958894,0
50,1,0,1,1,7,18727,21,28,0,580,1456523,2468046,21028360,0
38,0,1,0,1,7,17997,3,1,1,646,1446142,1109182,2124763,0
50,0,0,1,1,34,6977,12,23,0,600,3188035,843518,1451721,0
69,0,0,1,1,22,11883,2,20,1,724,2641434,1970031,20691344,0
5,1,0,1,1,70,6920,4,26,1,259,3244344,1432679,43540838,1
66,0,0,1,1,47,13479,12,8,1,873,3296144,1053463,32979274,0
6,0,0,1,1,77,4374,13,8,1,826,4758979,2872220,209416,0
50,0,0,1,1,70,17301,7,9,1,23,2017650,528218,43316245,0
71,1,1,0,1,88,3461,22,11,0,697,4628429,2227845,1929233,1
41,1,0,1,1,31,9257,10,14,0,83,209284,2068859,36347846,0
63,1,0,1,1,23,2150,7,2,1,641,71041,2908167,25619388,0
14,0,0,1,0,20,15879,30,27,1,771,1743723,1909784,26880641,0
28,0,0,0,1,30,11051,29,8,1,791,3118427,1176707,40896549,0
32,0,0,1,1,18,16988,11,6,0,1,690660,1849815,14563251,0
93,1,1,1,1,51,7957,10,29,0,367,779473,596633,10096913,0
26,0,0,1,1,22,17933,16,24,1,5,308644,733599,42001056,0
35,0,0,0,1,32,8355,26,22,1,668,4126927,2376143,36986226,0
28,1,1,1,1,23,7881,12,29,1,69,2462728,273488,40106266,0
37,0,0,1,1,34,23433,3,15,0,595,22114,2638878,10315685,0
56,0,0,1,1,25,23427,12,23,1,812,2742686,648239,42872964,0
96,0,0,0,1,25,427,8,3,0,909,1268427,672745,11923224,0
100,0,0,1,1,52,4358,21,29,1,990,4400573,1543683,5942916,0
26,0,1,1,1,59,15658,13,13,0,200,4699900,253669,26457862,0
54,0,0,1,1,34,6921,11,4,1,593,1542469,139743,49105237,0
32,0,0,0,1,46,10408,25,15,1,793,3386181,442558,44518004,0
67,0,0,1,1,41,20801,23,27,1,588,2088567,839847,37193211,0
85,0,1,1,1,45,23336,29,21,1,507,1129001,1295615,5941436,0
65,0,1,1,1,50,3873,12,19,0,238,3584777,2956979,27323738,0
9,0,0,1,1,98,4540,7,13,1,285,1194791,851834,44621259,0
4,0,0,1,1,90,20426,4,12,1,235,2362762,2338962,6329114,0
73,0,0,1,1,64,3435,10,23,1,375,1451120,233837,3117124,0
96,0,0,0,1,92,1015,23,28,1,385,3078877,1790752,28712884,0
37,0,1,1,1,78,20754,19,13,1,962,146133,1484213,3046482,0
12,1,1,0,1,92,9233,5,4,1,802,1782842,1830680,28470087,1
30,0,1,1,1,5,6260,6,18,0,571,4784220,391352,38030752,0
46,1,0,0,1,58,2989,21,16,1,225,39989,1488733,22720030,1
99,0,1,1,1,39,11878,21,29,1,449,1512206,2974,3496492,0
87,0,1,1,1,20,13036,30,0,1,202,4185221,1127027,36267343,0
51,0,0,1,1,9,449,23,28,1,210,939569,2297095,11782316,0
55,0,0,0,1,35,18231,29,29,1,22,4849129,1963896,34184518,0
14,0,0,0,1,41,3219,14,29,1,693,3790636,1088326,329262,0
28,0,0,1,1,29,15727,4,28,1,501,679906,1942410,36915639,0
7,1,1,1,1,66,13139,23,23,1,543,2227459,294172,37681870,1
4,0,0,1,1,29,17288,8,18,0,322,1311763,2545720,2305972,0
28,0,0,1,0,71,17044,27,10,0,215,546271,2818032,24993368,0
46,1,0,1,1,42,24189,19,9,0,259,2742483,1742692,18512252,0
67,0,0,1,1,52,9293,30,3,1,686,554822,2281350,16761014,0
75,1,1,1,0,88,12443,18,22,1,428,829450,2151620,12910302,1
44,0,0,0,1,98,12681,4,16,1,377,4066177,2600521,21290020,0
1,1,0,0,1,68,10717,12,21,1,856,2460511,2168341,8725881,1
26,0,0,1,1,6,15880,25,16,1,217,3218992,195820,11090510,0
94,0,0,0,1,68,24055,25,15,1,169,2998428,2165442,36840388,0
35,0,0,1,1,73,4995,11,18,0,525,4810734,1270969,29814179,0
35,0,1,0,1,87,2572,4,19,0,522,3383867,274650,34528960,1
25,0,0,1,1,24,22469,29,26,1,574,725668,1006748,19032688,0
42,0,0,0,1,90,20609,6,30,1,390,2620246,716702,30568910,0
26,0,0,1,1,15,3793,2,13,1,453,907973,1733818,7590207,0
68,0,0,1,1,86,10999,12,22,1,434,1911258,473281,3030384,0
19,1,1,1,1,95,16448,10,15,0,423,2066960,637367,35848252,1
10,0,0,1,1,35,9295,9,1,1,976,129505,391894,46036914,0
73,0,0,1,1,39,10114,29,7,1,939,734104,2670585,10525459,0
37,0,0,1,1,48,17911,8,5,1,341,3573392,1316344,25062979,0
5,0,0,0,1,59,24941,29,9,0,810,1302655,2493938,2120811,0
71,0,0,1,0,49,21981,28,1,0,379,4343144,2188308,34573700,0
22,1,0,1,1,25,13609,5,29,1,808,1445119,2905949,43558411,0
46,1,0,1,0,56,4879,13,29,1,389,2160379,2164429,17333819,0
89,0,1,1,1,24,5017,9,18,1,225,3166109,2588122,48052403,0
45,1,0,1,1,13,13306,24,3,1,579,2056815,2743986,20634916,0
11,0,0,0,0,99,11211,16,5,1,317,1794731,2186517,5482196,1
89,0,1,1,1,13,22235,1,12,1,527,1342984,632338,4496155,0
12,0,1,1,1,62,2275,25,0,0,906,3997380,393138,42488789,1
61,0,0,1,1,75,8925,1,4,1,513,1999963,1559336,41595882,0
81,0,0,1,1,37,16094,26,23,0,831,3604515,1900921,23342515,0
88,0,0,1,0,5,22518,23,27,0,330,1829173,2486359,20257179,0
96,0,0,1,1,87,19783,3,6,0,272,4575974,1534558,13159760,0
59,0,0,0,1,7,13979,6,13,1,351,2221949,2664922,29900647,0
42,0,0,1,1,43,4369,19,26,1,28,3087061,809308,31373152,0
75,1,0,1,1,16,12641,3,18,0,37,4580251,2103856,5618610,0
99,0,0,1,1,98,9702,7,29,1,859,2965145,1711961,14782710,0
67,0,0,0,1,20,15172,13,10,1,566,4315,1311777,49915658,0
4,0,0,0,0,81,7195,26,17,1,631,3666014,1798961,16142936,1
36,0,0,1,1,54,18231,25,17,1,395,4360904,2590174,33275577,0
71,0,0,0,1,92,14212,19,25,1,725,3255543,326988,35194655,0
91,0,0,1,1,85,15579,2,20,1,293,1694113,2026126,35824332,0
30,0,0,1,1,31,8633,10,23,1,422,145620,137636,13817057,0
8,0,0,0,1,33,18213,25,5,1,249,798027,100276,12526638,0
50,0,0,0,1,82,16174,24,5,0,418,4009306,1103948,37178956,1
28,0,0,0,0,73,18771,2,6,1,662,1632302,1083519,45526472,0
77,0,0,0,1,56,4381,4,16,0,970,3706475,551567,23957217,0
39,0,0,0,1,10,17839,15,18,1,951,3188787,1322702,224445,0
40,1,0,1,1,28,7090,10,26,0,644,4662070,1958462,8022585,0
85,0,0,1,1,44,21216,0,4,0,556,39352,1412676,36236233,0
10,1,0,1,0,37,18297,8,30,1,645,2092243,204898,12584423,1
22,0,0,0,0,13,18309,21,6,1,471,3522795,1850660,35188835,0
0,1,0,1,1,53,16327,4,5,1,255,3712878,1488335,47310600,0
45,0,0,1,1,71,15092,19,16,0,208,4888395,2079083,3346019,0
100,0,0,0,1,27,5277,23,24,1,184,2445727,1342032,41504582,0
20,1,1,0,1,89,19515,10,28,1,403,3344382,2828389,9798401,1
89,0,0,1,1,26,11060,1,18,1,15,3318979,2997202,18696480,0
35,0,0,1,1,76,3975,29,11,1,307,119304,2613493,46643983,0
53,0,0,1,0,88,18546,9,6,1,153,48829,860045,17559249,0
86,0,0,1,1,82,16685,4,11,1,204,3649038,2226699,25033533,0
56,1,0,1,0,98,22769,23,16,1,993,1857963,1208423,49469493,1
0,0,0,0,1,12,21614,16,14,1,362,814911,2422179,4869506,0
62,0,0,1,1,23,22796,11,15,1,72,2643618,1456394,46595359,0
53,0,0,1,1,42,9270,2,0,1,693,1897045,2479805,36609654,0
54,0,0,1,1,10,5612,6,10,1,67,1712164,1300845,39802895,0
39,0,0,1,1,56,24173,10,0,1,172,2137541,2008541,48854291,0
14,0,0,1,0,38,19622,30,12,1,487,2241442,246088,25033,0
20,0,0,0,1,78,14570,10,27,0,500,4796558,345551,23080161,1
46,0,0,0,1,99,14243,25,30,1,806,3011017,856581,2662158,0
72,1,0,1,0,15,7057,11,19,1,701,4395180,1488638,11105610,0
52,0,0,0,1,47,11346,4,16,0,581,4042274,624144,40435297,0
8,0,0,1,1,39,9119,9,28,1,46,3430052,1965755,44721134,0
73,0,0,1,1,15,11445,24,15,1,103,3685529,132802,37167539,0
51,0,0,1,1,44,20402,11,29,1,751,1057950,1231981,29817722,0
56,0,0,1,1,36,7597,13,16,1,624,4027755,1175003,9009755,0
25,1,1,1,1,53,10985,0,24,0,828,3760887,1644848,22670738,0
40,0,0,1,1,94,23975,26,13,1,32,782514,2621750,41296949,0
34,1,0,1,1,90,21050,13,23,0,764,4527578,1258447,4844851,0
62,0,0,1,1,61,15605,6,4,1,919,362626,2538376,9055691,0
24,0,1,1,1,69,13942,9,12,0,403,3158910,720486,5389281,0
89,0,1,1,1,52,17396,11,17,0,539,2087518,485234,46698588,0
74,0,0,1,1,97,16154,5,6,1,469,581064,2371820,35346770,0
37,0,0,1,0,56,10629,15,27,1,290,379454,1842279,23601555,0
1,1,0,1,1,43,20946,9,16,1,322,4941300,949376,24522779,0
6,0,0,0,1,90,1549,19,10,1,117,4234849,751746,39525502,1
81,1,0,1,1,58,8285,26,24,1,821,1525191,2820217,18768584,0
90,1,1,1,1,29,18330,11,16,0,649,391857,1550539,10097594,0
33,0,0,1,1,49,19679,26,18,1,671,2730787,1396661,19459580,0
90,0,0,1,1,33,19856,9,5,0,824,1068321,761381,39501502,0
16,0,0,0,0,36,18800,9,19,1,352,1389863,1767033,21783204,1
42,1,0,1,1,98,5502,21,17,1,376,362633,317020,29753420,0
58,0,0,1,1,86,1607,25,20,0,586,364139,1052108,17189566,0
50,0,0,0,0,71,8259,10,9,1,932,2285533,706275,25786720,0
53,0,0,1,1,16,6837,8,0,1,409,259524,2340156,15253840,0
23,0,0,1,1,62,5955,8,0,1,897,762160,1059075,43189999,0
24,0,0,0,1,24,13311,11,14,0,726,3604524,1220204,8186013,0
70,0,1,0,1,54,19315,1,26,1,901,1848009,900297,24156112,0
51,0,0,1,1,12,11013,13,5,0,563,4476571,1389859,39942209,0
69,0,0,1,1,35,6993,8,26,1,161,445883,2255902,43229400,0
87,0,0,0,1,28,14863,28,24,0,949,4097783,1077037,46359049,0
32,0,0,1,1,17,6239,17,25,1,849,3894719,2391075,25187633,0
48,0,1,1,1,76,23416,21,6,1,470,296059,804294,14288169,0
28,0,1,1,1,46,11421,28,9,1,979,4503441,2401176,27302340,0
62,0,0,1,1,82,9801,22,3,0,701,1865920,1599001,11368096,0
21,0,0,1,0,83,11748,29,13,0,931,3085836,483788,13643749,1
25,0,0,1,1,89,6820,24,7,1,931,3366442,2569126,40494754,0
27,0,1,0,1,83,11408,26,0,1,236,2827366,2666522,48203981,1
84,0,0,1,1,30,23940,12,29,1,595,4062842,1106625,18690399,0
48,0,0,1,1,42,12561,21,28,1,795,194075,2019148,24273211,0
70,0,0,1,1,42,22860,15,20,1,139,4059502,1305423,49088555,0
80,1,1,0,1,59,20500,12,1,1,234,3618334,449798,48623882,0
83,1,0,1,1,14,3949,7,26,1,540,2864204,2415517,33778295,0
48,1,0,1,0,87,7755,25,18,1,138,198063,1848872,45285309,1
19,0,0,1,1,15,8464,30,9,1,803,2676758,783681,40019169,0
85,0,1,1,1,7,23585,11,3,1,274,1797375,166508,27302491,0
91,0,0,0,1,27,21397,18,16,1,133,2422057,399837,17317216,0
62,0,1,1,1,66,11089,9,15,1,390,1029804,1529255,29870846,0
60,0,0,1,0,74,8655,21,4,0,854,1055016,502583,29290594,1
48,0,0,0,1,45,9456,1,9,0,670,2795598,741051,2801017,0
70,1,1,1,1,45,3681,14,21,0,338,2332655,2678280,9912393,0
0,0,1,1,1,97,11389,16,10,1,493,854626,2083248,33142667,1
95,0,0,1,0,8,22817,27,0,0,833,1809109,2541302,28561587,0
12,0,0,1,1,7,12847,5,12,1,708,1478531,2850996,10736372,0
93,0,0,1,1,88,24565,27,19,1,190,2273777,2478967,40672310,0
86,0,0,1,1,55,16592,2,1,1,362,4152137,34314,35091362,0
50,1,0,1,1,59,5907,10,0,1,176,912889,1830258,22775557,0
55,0,0,1,1,67,15015,27,13,0,624,1911792,1254747,20503419,0
82,1,0,1,1,53,3824,4,20,0,152,2927206,1129924,16422631,0
61,0,0,0,1,76,22369,21,11,1,593,207575,1479211,5135924,0
31,1,0,0,0,74,7460,12,10,1,683,1389069,542456,16440656,1
29,0,0,1,1,73,16679,15,0,0,887,324206,927457,25513076,0
28,0,0,0,1,12,1161,25,13,1,853,1876714,2750795,5202754,0
48,0,0,1,1,12,9432,21,7,1,200,15726,2071533,6431167,0
44,0,0,1,0,23,16651,27,17,1,494,734299,41572,20187708,0
92,1,0,1,1,78,17169,9,4,1,274,893504,2689155,41773225,0
29,0,0,1,1,59,12857,12,30,1,161,2708117,493627,18203958,0
15,0,0,1,0,77,710,22,30,1,606,4410317,2226289,40790162,1
39,1,0,1,0,76,4246,30,2,1,521,1998538,2590079,11012955,1
18,0,0,1,1,12,987,22,21,0,692,1697421,1754635,36936624,1
17,0,0,1,0,61,6046,10,5,0,11,3644027,753559,10843047,1
0,0,0,0,1,76,21229,15,23,1,452,4141758,1783263,49959523,1
77,0,0,1,1,88,22644,5,26,1,514,632665,674592,5896869,0
46,1,1,1,1,11,5771,27,20,0,795,173180,715608,18042078,1
65,0,0,0,1,50,20360,0,4,1,402,1160236,2594364,13251107,0
91,0,1,1,1,26,1885,7,20,0,357,190876,737825,18675622,0
93,0,0,1,1,85,11936,25,24,0,674,4230866,1711969,48410058,0
37,1,0,1,1,48,222,29,1,0,438,1228317,1734884,3275878,0
50,0,0,0,1,9,22166,19,2,1,11,3273649,1688666,22480898,0
62,1,0,0,1,29,20877,16,30,1,247,1876648,2398541,18443585,0
3,0,1,1,1,51,23675,9,3,1,450,1175000,1002506,9604655,0
0,0,0,1,0,47,24099,28,28,0,287,1057611,1449598,3785539,1
7,1,0,1,1,19,17191,1,22,0,940,4157626,493826,5170009,0
28,0,0,1,1,68,15231,18,25,1,56,2479148,1516182,3791493,0
54,0,0,0,1,35,47,5,27,0,345,416382,825550,24991306,0
2,0,0,1,0,87,11165,1,0,1,234,1190634,1895479,40932962,0
31,0,0,1,1,48,15421,17,15,1,147,2045721,1757197,47636168,0
9,0,1,1,0,99,13148,13,18,1,288,3952889,19234,18325766,1
73,1,0,1,1,51,23652,5,25,0,420,3782378,1365179,41993646,0
82,1,0,0,1,16,10162,11,22,1,583,4930897,1284660,445691,0
33,0,0,0,1,68,7386,19,7,0,654,2003034,389377,43850181,1
96,0,0,1,1,27,4166,20,1,1,379,4497519,1148362,27310819,0
86,0,0,0,1,54,4363,26,26,1,685,4882245,2297322,5887251,0
54,0,1,1,1,91,16528,7,2,0,257,151546,58137,47036987,0
91,0,0,1,1,40,14405,2,13,1,180,4317933,73566,22687273,0
31,1,0,1,1,15,10438,4,6,1,801,684848,2044318,49285390,0
49,0,1,1,1,90,2393,16,12,1,162,4100293,556071,12659714,0
6,1,0,1,1,51,15396,25,6,1,912,3378335,1369643,49425078,0
92,0,0,1,1,60,3082,19,15,1,863,2481444,407717,44401186,0
7,0,0,1,1,98,19167,29,2,1,121,1814534,1640909,5472623,0
64,0,1,1,1,73,8287,29,25,1,642,432273,83456,28943422,0
56,0,0,1,1,41,23204,4,4,0,190,160956,1487518,29625703,0
66,0,0,1,1,88,6725,13,22,1,844,229790,2253061,27875252,0
87,1,0,1,1,14,10046,28,2,0,19,3848502,452120,34484147,0
86,0,0,0,1,60,5677,19,23,1,399,1968850,2149661,25620996,0
58,1,0,1,1,90,15777,27,27,0,464,2483452,1810505,22636920,1
71,0,0,1,1,46,11052,13,14,1,784,2379189,1465088,4769506,0
53,1,0,1,1,34,7578,8,19,1,924,3284257,2699177,9502840,0
100,0,1,1,1,98,22350,7,10,0,971,3972019,2992097,465474,0
66,1,0,1,1,26,20396,10,29,1,646,1982052,1217891,8916071,0
50,0,0,1,1,59,5596,27,22,1,795,1778166,2816995,17861277,0
96,0,1,1,0,42,23412,28,17,0,721,3555340,2460215,17084382,1
91,1,0,0,1,60,18616,17,4,1,935,3930866,708670,12339012,0
7,0,1,1,0,75,5730,8,21,0,907,1848389,1763625,28640202,1
33,0,0,1,1,40,17476,1,12,1,653,1503072,2324372,47113626,0
34,0,0,1,1,82,5702,21,28,1,496,900066,164458,40574715,0
95,1,0,1,1,15,8607,1,0,0,589,4396637,2529287,10714078,0
87,0,0,1,0,11,2544,5,26,1,328,1582154,1078213,47507459,0
77,0,0,1,1,86,11003,5,13,1,25,1121937,1682404,200008,0
31,0,0,1,1,38,24868,10,8,1,681,4494363,237689,29057895,0
45,0,0,0,1,67,4561,22,29,1,636,2824780,2191187,6137620,0
15,1,0,1,1,6,16615,9,8,1,165,4623337,1209140,163662,0
67,0,0,0,1,66,19321,12,3,1,270,4245973,351629,29138120,0
36,0,0,1,0,11,7779,20,20,0,917,3036216,899715,5928347,0
53,1,0,1,1,47,9752,27,24,1,555,1131956,1594755,47442371,0
84,0,0,1,1,99,1965,18,30,0,300,1307945,1665385,4606225,0
13,0,0,1,1,22,8054,27,25,1,980,3916960,675561,25498805,0
94,0,0,1,0,24,11458,30,26,1,468,732097,407083,29473352,0
54,0,0,0,1,11,725,1,1,1,298,2164098,487918,44197637,0
47,0,0,1,0,90,1074,28,15,0,923,4482649,1810176,4251446,0
81,0,0,0,1,56,23990,19,4,1,33,2760590,1611780,19659693,0
6,0,1,0,1,41,15028,28,19,0,927,4984204,595428,45050667,1
73,0,0,1,1,50,4885,13,17,0,656,1395616,1616318,31520596,0
6,0,0,1,0,46,8909,27,1,0,647,3393540,5163,31285432,0
32,0,1,1,1,64,22787,0,13,1,376,2911787,23984,44559792,0
22,0,0,0,1,84,19148,26,14,1,528,4339031,2734856,38043293,0
84,0,0,0,1,82,11758,11,24,0,46,829837,1564621,21111355,1
18,0,0,1,1,36,13551,17,9,0,516,367712,566093,40275577,0
18,0,0,1,1,42,5737,23,27,1,515,2075104,2695616,10285602,0
35,0,0,1,1,43,22243,15,15,0,350,1057888,559628,14523132,0
28,0,0,0,1,30,18445,4,7,1,275,1509108,2099133,3800189,0
59,0,0,0,1,34,15232,20,25,0,347,2865851,2073291,40314630,0
81,0,0,1,1,45,24078,18,25,1,285,4980427,2154765,38634528,0
1,0,0,1,1,13,7051,13,23,1,503,1880029,2566303,24312173,0
0,0,0,1,1,36,8247,10,23,1,502,1831682,2344166,34127732,0
46,1,0,1,1,60,22663,16,20,1,881,399806,2292974,21773398,0
68,1,0,0,1,57,9362,21,13,1,236,4211954,2371996,48021488,0
19,0,0,1,1,11,9873,14,19,1,849,1531402,2258216,21955790,0
10,0,0,1,1,80,24387,15,9,0,577,2530745,649295,19161957,0
1,0,0,1,1,27,1904,30,12,1,277,1376595,1531779,16003460,0
66,0,0,1,1,85,17560,13,18,1,737,2728417,1369456,25921739,0
86,0,0,1,1,56,17843,27,1,0,183,1547526,1358708,31397807,0
11,0,0,0,1,25,2407,16,25,1,601,1990006,839333,29801510,1
19,0,0,1,1,80,19900,3,4,0,523,2870474,2855928,18133683,0
4,0,0,1,0,90,12191,13,13,0,611,4744429,784696,42806200,0
36,0,0,1,1,27,8479,3,23,1,420,3840196,2041769,21404674,0
37,0,0,1,1,73,23655,26,20,1,39,2011970,1274905,33910686,0
93,0,0,1,1,22,20350,2,22,0,562,3238851,651201,46296898,0
8,0,0,1,1,41,22867,3,20,1,796,3064682,339806,38398851,0
97,0,1,1,1,11,14030,29,25,1,20,2797694,1824242,18421869,0
52,0,0,1,1,65,12238,21,24,0,679,1097537,199154,43170698,0
43,0,0,0,1,7,1483,5,23,1,491,3375106,1232336,33989032,0
98,0,1,1,1,5,487,29,7,1,409,1497697,980434,7098154,0
85,0,0,1,0,64,13897,26,0,1,895,4591213,2411884,2863284,0
23,0,1,1,1,10,23711,21,4,1,765,634504,1460399,28869614,0
80,1,0,0,1,75,7830,21,24,1,174,419637,1417898,48411398,1
73,1,0,1,1,95,24304,3,10,1,712,1271643,932539,42834446,0
29,0,0,1,1,62,16903,26,7,1,800,3621754,2002808,9560672,0
58,0,0,1,1,35,11172,6,16,0,959,2295170,1379308,320726,0
86,0,0,1,1,12,5944,6,24,1,212,1067929,2667587,38678080,0
95,1,0,0,1,82,11550,17,9,1,880,2051980,370341,38195539,0
80,0,0,0,1,19,20520,11,13,1,882,4666785,1906021,38488316,0
80,1,0,1,1,11,10200,15,0,1,300,1404695,1719919,28169074,0
13,0,0,0,1,11,9602,5,4,0,937,3228442,2065368,7690551,0
8,0,0,1,1,37,1071,4,14,1,596,281167,275806,42731328,0
39,1,0,1,1,45,4656,9,9,0,249,685392,2718296,6708436,0
65,0,0,0,1,61,4781,16,14,1,9,4230057,433714,15315222,0
24,0,0,1,1,11,365,29,0,1,373,1162115,516294,48328890,0
72,0,1,1,1,63,3018,2,30,1,461,3801830,1272598,13124034,0
21,0,0,0,1,24,20756,8,23,1,38,526467,1672489,9740364,0
3,0,0,1,1,75,16683,28,10,1,470,1601012,2999838,41640805,1
25,0,0,1,0,54,7950,26,17,1,124,4190659,2504046,42971643,0
57,0,1,1,0,18,14408,24,5,1,862,1893588,712166,44289798,0
28,0,0,0,0,19,9717,9,1,0,549,122086,1881154,9171515,0
97,1,0,0,1,86,10419,24,1,0,298,3618680,715704,29742057,1
86,0,0,1,1,14,22,26,16,0,151,4024166,1559104,5596010,0
36,0,0,0,1,95,23186,9,21,1,75,2365078,435958,45575184,0
74,0,0,0,1,69,398,20,4,0,206,2454098,713450,40643225,1
69,0,1,1,1,59,18351,5,19,1,656,1574798,1021902,5060518,0
17,0,1,0,1,32,10985,24,13,1,39,574822,1312674,25566555,0
84,1,0,1,0,52,3687,3,11,1,476,2552999,2119008,42484875,0
41,0,0,1,1,7,14010,10,3,1,310,2334080,2395686,42472970,0
99,0,1,1,1,64,3429,19,8,1,893,931005,101147,14243870,0
40,0,0,1,1,7,10606,27,26,1,626,3613069,2598148,34409755,0
37,0,0,1,1,79,12930,8,17,1,104,3992791,477311,45252135,0
33,1,0,1,1,72,22735,11,9,0,155,4547497,1919587,41760640,0
16,0,0,1,1,98,3250,22,6,0,686,3379280,2306204,48088297,1
36,0,0,1,0,43,3765,21,29,0,458,2447697,441239,48611999,1
24,0,1,1,1,58,2214,9,4,1,814,2994552,343911,34259314,0
75,0,0,0,1,36,1357,5,14,1,532,1903259,1978694,17965815,0
86,0,0,0,0,20,13531,12,29,1,347,3853048,2734324,8539615,0
85,0,0,0,1,21,24536,30,25,1,854,2199043,2823558,40049029,0
84,0,0,1,1,15,16162,4,12,0,429,2042972,2771272,25470497,0
26,0,0,0,1,36,9421,27,13,0,288,4849008,1951519,5284897,0
56,0,0,1,1,31,22807,26,24,1,288,3891314,2489875,32678341,0
30,1,0,1,1,9,11972,3,3,1,631,3272413,1486499,24751718,0
5,1,1,1,1,93,24647,2,5,1,177,1731501,1114356,43139186,1
90,0,0,1,1,96,507,29,14,0,998,4377020,2540372,44772758,0
39,0,0,0,1,22,7834,22,12,1,303,216760,2977067,16011415,0
97,0,0,1,1,7,6270,4,12,1,40,2114994,2203692,18116332,0
11,0,0,1,1,32,924,17,17,1,5,4697038,908266,32940020,0
52,0,0,0,1,70,13734,2,16,0,958,3886060,2088100,48855465,1
70,0,0,1,1,38,4973,4,27,1,104,4656183,269539,44202140,0
9,1,0,0,1,90,20043,8,0,1,502,384051,382615,32068512,1
44,1,0,0,1,26,18768,27,3,0,503,182144,1184075,15179837,1
16,0,0,1,1,34,5669,5,10,1,777,1772074,1554956,15382076,0
25,0,0,1,1,52,12049,14,24,1,455,2251576,2829271,43889393,0
84,0,0,1,1,69,6886,26,18,0,658,3487900,1031461,17233156,0
91,0,0,1,1,97,12819,17,27,1,942,4635435,2380587,24082297,0
61,0,0,1,1,65,23838,7,12,1,744,2953261,110265,34328342,0
45,0,0,1,1,23,22316,11,15,0,1,392217,2395101,19035229,0
63,1,0,0,1,87,13325,29,18,0,241,355927,2913150,45477555,1
1,0,0,0,0,56,10430,21,30,1,378,237727,2892917,15042590,1
53,0,0,0,1,45,2543,5,14,1,134,2864297,1155251,33114295,0
64,0,0,1,1,97,23069,28,27,1,718,2047701,1051606,25584854,0
50,0,0,1,0,85,1232,29,11,1,728,1739434,701945,9636477,0
52,0,0,1,1,69,23248,7,22,1,506,3183488,172061,24843059,0
35,1,0,1,1,54,7273,30,7,0,721,3839618,1063780,26386288,0
25,0,1,0,1,45,8072,22,26,0,593,1256898,235843,26312636,1
28,0,0,0,0,37,11834,14,21,0,236,1050864,1957817,10900425,0
20,0,1,1,1,90,16482,15,0,0,533,237067,459390,30653626,0
10,0,0,0,1,86,7695,28,21,0,368,3423986,907209,12540117,1
39,1,1,1,1,21,19388,30,7,0,803,4414222,2384655,7145423,0
10,0,0,1,1,88,7076,4,4,1,186,2391918,993284,19627442,0
35,1,0,1,1,59,19975,10,23,1,890,1320180,38977,42982966,0
58,0,0,1,1,91,14373,29,27,1,817,1483694,1408097,21638805,0
38,0,0,0,1,96,22812,24,0,1,738,3511761,1061046,21343513,0
98,0,1,0,1,50,14900,16,11,0,205,3305750,1819872,47383326,0
53,0,0,1,1,94,12396,12,3,1,142,2076141,791321,41197268,0
97,0,1,1,1,63,8856,19,14,0,580,42171,1865980,20637467,0
54,1,0,1,1,75,8654,30,27,1,382,2989568,1605139,26467119,0
23,0,0,0,1,61,301,25,8,1,984,563916,2149218,40665670,0
21,0,0,0,1,24,23555,27,9,0,134,1610554,244063,3854676,0
68,0,1,0,1,45,13930,26,20,1,404,4120435,1880256,13771449,0
55,0,0,0,1,79,20062,24,12,0,864,4995044,232993,13946001,1
32,0,0,1,1,75,14316,15,9,1,535,4817546,860719,414520,0
35,0,0,1,0,42,18227,17,27,1,233,1996218,1859977,18185968,0
19,0,0,1,1,31,20068,12,9,0,14,4461337,2168306,20925353,0
82,0,1,1,1,13,18311,28,13,0,342,1131539,2868482,5199081,0
98,0,0,0,1,72,3623,2,18,0,721,4000237,695509,20653655,1
80,0,0,0,1,42,12080,2,18,1,360,1146593,505335,26698216,0
61,0,0,1,1,97,14519,5,24,0,819,688594,1467904,34715829,0
97,0,0,1,1,94,17603,14,0,1,373,2366810,2379859,44349472,0
72,1,0,1,1,29,8452,18,26,1,770,3200124,938926,12640713,0
25,0,0,1,1,18,2678,2,21,0,177,1247441,2881075,28065474,0
65,0,0,1,0,41,17857,20,21,1,263,1742658,11034,36354911,0
72,0,0,1,1,54,3294,28,25,1,739,4840037,2012805,6100924,0
72,0,0,0,1,96,8545,2,30,1,100,695226,792355,34212989,0
39,1,0,1,0,76,16063,20,23,0,690,2376770,1441482,47680106,1
16,0,1,1,1,46,3935,2,29,1,142,4586538,2096379,34580456,0
0,1,1,1,1,79,7156,17,7,0,532,3877568,2715092,15400303,1
88,1,0,0,1,58,10595,7,16,1,220,3986556,1569667,33225640,0
60,0,0,0,1,39,22175,15,22,1,909,3513778,1478730,29140482,0
42,0,0,1,1,35,5623,2,9,0,313,4287362,358374,33762807,0
41,0,0,0,1,50,21610,21,0,1,249,3796355,2496577,2960930,0
24,0,0,1,1,21,14881,10,7,0,177,1387499,389306,47182539,0
38,0,0,1,1,89,4972,15,4,1,748,786064,745055,23300069,0
34,0,0,1,1,94,7811,1,1,1,455,193815,2210159,26140002,0
2,0,0,1,1,96,16479,0,18,1,963,1055681,2215585,33424911,0
100,0,0,1,1,57,17434,7,26,1,133,3670332,1846907,13646234,0
43,0,0,0,1,26,2301,11,29,1,949,4226987,2109819,44327525,0
50,1,0,0,1,62,10183,18,30,0,948,4758732,1603393,3430883,1
93,0,0,1,1,45,13077,17,24,1,865,2468519,639284,8233150,0
97,1,0,1,1,7,22311,17,1,0,430,3519134,2873970,45912159,0
11,0,0,1,1,96,23779,20,19,1,827,1011993,1342535,6991100,1
18,0,0,1,1,67,1942,21,22,1,521,1331070,2918677,2283194,1
100,0,0,1,1,70,6159,10,23,1,53,2535583,1321659,44484990,0
43,0,0,1,1,50,11212,29,10,1,603,4707568,106555,39270805,0
58,0,0,0,1,88,16774,17,2,1,271,99663,1627430,35278968,0
48,0,0,0,1,12,788,5,25,1,738,108639,2718304,14848210,0
60,1,1,1,0,43,19700,0,25,1,850,127470,1610199,41522509,0
16,0,0,1,1,29,3465,8,8,0,772,1920377,1843984,42298378,0
73,0,0,1,1,83,133,19,7,0,418,2554512,2505764,13736057,0
56,1,0,1,1,98,1093,15,5,1,318,1211174,2186616,17888303,0
54,0,0,1,1,51,18451,28,13,1,749,320070,2760175,16562478,0
46,0,1,1,1,38,23133,29,27,1,213,193912,668507,8098301,0
11,0,0,1,1,72,14005,28,7,1,722,2219853,264391,29533448,0
61,1,0,0,1,61,19612,4,14,1,820,2085727,1432015,26208884,0
79,0,0,1,0,90,20946,18,26,0,164,3656150,2344632,46237322,1
87,0,0,0,1,29,4717,21,25,1,611,1375618,2928310,15738748,0
82,0,1,1,1,77,16387,16,23,0,698,4549255,1313270,2654492,1
7,1,0,0,1,91,1816,22,2,0,71,1092652,1480,41623643,1
94,0,0,1,1,66,13024,7,22,1,226,413541,13188,20321786,0
20,1,1,1,1,43,5680,18,7,1,942,1165850,181768,12882834,0
80,0,0,1,0,80,7676,17,27,0,421,2032950,1553773,16736641,1
86,1,0,1,1,82,3679,11,21,1,706,646373,2276739,35930441,0
100,0,0,1,0,11,12504,15,15,1,425,3571207,529763,3506405,0
79,0,0,0,1,99,14245,13,5,0,848,2226082,2487860,18799978,0
69,1,0,0,1,10,21039,3,6,0,412,2315971,1616385,30431866,0
71,0,0,1,1,91,11529,7,28,1,310,2248611,2035816,41453250,0
24,0,0,1,1,58,19133,26,12,1,252,1977513,1943431,45957971,0
81,0,1,1,1,87,19352,23,19,1,158,2056731,851376,20422906,0
88,0,0,0,1,89,7196,29,25,0,543,3443851,970291,21311183,1
11,0,0,0,1,23,23724,11,28,1,8,474462,2573040,39311386,0
14,0,0,1,1,51,10203,10,30,1,998,1912260,1556062,36041840,0
58,0,0,1,1,23,723,12,30,1,99,3897026,837056,32474034,0
25,0,0,0,1,38,24344,7,25,1,967,1342107,1124283,38171210,0
25,0,1,1,1,47,9083,17,8,0,850,2809956,448245,26743211,0
46,0,0,1,1,17,10849,12,18,0,944,2166594,2568394,11578721,0
31,0,1,1,1,40,19393,3,6,0,228,2241423,396267,37134997,0
9,0,0,0,1,29,8444,25,15,1,186,1832020,2976296,13040614,0
15,0,0,1,1,60,17390,30,24,1,85,2414397,2073875,35870321,0
70,1,0,0,0,25,980,0,23,1,772,2219746,2866865,13440870,1
16,0,0,1,0,38,24338,26,6,1,608,4179655,1437798,26744498,0
22,1,0,1,1,29,1550,22,14,0,592,1935714,1666729,25869973,0
25,1,0,1,1,86,660,30,28,1,274,1086562,2442448,49902494,0
84,1,0,0,1,15,6256,9,4,1,994,2687127,2660578,8712065,0
85,0,1,1,0,23,5988,5,1,0,790,883669,773270,25728280,0
6,1,0,1,1,53,20157,10,28,1,283,3121482,2525852,39796285,0
13,1,0,1,0,53,9471,6,1,1,76,1319773,777870,3239063,0
78,0,0,1,0,38,2205,9,19,1,32,3617448,1002637,25633200,0
6,0,0,0,1,6,11259,11,4,1,455,4627548,1164888,23492777,0
8,0,1,1,1,34,21159,20,11,1,808,137481,20940,28023328,0
47,0,0,0,1,42,9401,21,3,1,870,38632,1821774,21832686,0
71,0,0,0,1,19,778,27,29,1,236,3311121,1106714,15068570,0
58,0,0,1,1,79,4524,5,26,0,957,4727587,2791182,10502825,0
86,0,1,0,1,92,1955,5,29,1,232,1972548,2891679,47021783,1
92,0,1,1,1,64,24553,24,17,0,842,4920514,1804044,5412711,1
81,0,0,1,1,8,19218,29,19,1,164,4316446,1596222,27645706,0
94,0,0,1,1,87,19578,3,10,0,266,3169914,1700372,27032826,0
93,1,0,0,0,97,15537,1,28,1,455,2780813,766135,16214626,1
38,0,0,1,1,18,21022,24,20,0,883,925532,1501438,37161041,0
98,0,0,1,1,85,8429,25,19,1,131,194138,1833446,7250899,0
17,0,0,0,1,12,13358,6,5,1,76,1717499,2083111,19970438,0
58,0,0,0,1,81,18020,20,12,1,224,3717216,1569677,33108105,0
16,0,0,1,1,91,9552,21,25,0,575,1943660,558640,40793344,1
13,1,0,1,1,97,19431,26,22,1,371,2648832,1514468,16089242,1
30,0,0,1,1,15,23713,6,4,0,350,656412,2670924,28818959,0
23,1,0,1,1,84,4283,20,24,0,906,3562355,1165478,13289704,1
98,0,0,1,1,54,15551,20,28,0,661,4001651,2297746,37995917,0
59,0,0,1,1,91,18407,21,3,1,934,3570539,2843068,5257025,0
44,0,0,1,1,80,20957,23,26,1,20,1133778,894413,15949891,0
97,1,1,0,1,42,12919,28,9,0,15,2051950,417487,5063489,1
2,0,0,1,1,28,10097,1,1,0,405,2390128,545137,46119110,0
36,0,0,1,1,99,15478,30,26,0,863,2407582,767301,11433520,0
42,1,1,1,1,42,22693,26,25,0,403,3840226,1910241,28433732,0
39,0,0,1,1,66,22797,9,7,0,648,4930558,775264,1731704,0
89,0,1,1,1,60,22933,24,29,0,426,3790778,2906763,6971587,0
54,1,0,1,1,69,22092,13,19,1,790,601105,466470,16961042,0
86,0,0,1,1,94,15278,25,19,0,622,1783681,1089388,1238942,0
38,0,0,1,0,21,10509,4,2,1,628,4965341,983976,28187098,0
14,0,0,1,0,21,16664,19,27,1,494,2108412,729596,32350585,0
3,0,0,1,1,31,7214,7,8,1,332,2588759,2711967,19530155,0
92,0,0,1,1,93,16786,19,19,0,273,3352930,435844,30999495,1
85,0,1,1,1,98,16151,17,1,1,362,1608177,1142679,12045707,0
24,0,0,1,0,29,23785,20,26,1,12,2710184,2526410,14543277,0
12,0,0,1,1,80,14712,4,29,1,637,1407051,286638,30346943,0
81,1,0,0,0,53,4999,3,16,1,607,2437450,989956,24278655,0
32,1,0,1,1,62,8795,18,27,1,499,142804,77670,37853775,0
15,0,0,0,1,89,19003,10,0,0,893,1955827,2124648,4876813,1
41,0,0,0,1,5,5207,4,23,1,831,389816,4427,42750470,0
65,1,0,0,1,17,24893,15,28,1,840,1314682,1142817,26936520,0
54,0,0,1,1,57,21071,8,28,1,254,1124273,1289846,7444550,0
98,0,0,0,0,25,15011,24,16,1,955,1420865,1635896,27469538,0
41,1,0,0,1,5,569,24,4,1,560,75631,1169375,5412078,0
33,1,0,1,1,81,6012,5,12,1,210,1179625,440014,21161328,0
29,0,0,1,1,35,4018,7,28,0,756,1804943,1430645,11397323,0
12,0,0,0,1,65,1405,0,7,0,27,247952,200431,25086681,1
12,0,0,1,1,91,11658,30,29,1,448,4182239,1241742,10593619,0
17,0,0,1,1,7,4382,0,6,0,874,2654251,2596026,24611703,0
31,0,0,0,1,79,20951,22,22,1,117,499428,693141,30819635,1
95,0,0,1,1,33,6775,27,13,1,575,1642073,1739312,21655724,0
98,0,0,1,1,52,15441,4,7,0,427,2014323,2933254,30998841,0
38,1,0,1,0,86,14336,17,10,1,198,4847068,2017051,589445,0
45,1,0,1,1,66,3490,3,2,1,156,787634,783905,39611968,0
28,0,1,0,1,29,22522,15,4,1,126,3085253,755910,39726812,0
61,1,0,1,1,38,19995,19,17,0,157,164892,2048626,6554143,0
92,1,0,0,1,22,14360,21,4,0,402,4491417,1944690,30966141,0
61,0,0,1,1,69,8243,23,12,0,619,4968139,1558820,18447598,0
56,0,1,1,1,32,12317,28,4,1,302,878303,2210182,22041717,0
15,0,0,1,1,8,17433,18,1,1,494,2363848,1028253,31211952,0
55,0,0,1,1,25,656,27,25,0,87,1632212,1867756,21946562,0
9,0,0,0,1,74,24294,27,29,0,825,700137,347658,45809417,1
29,0,0,1,1,25,616,29,12,0,740,3227190,2295236,8247885,0
24,0,0,0,1,98,10342,6,27,1,10,2089897,2580930,16627177,1
83,0,0,1,1,24,10139,14,5,1,820,1289907,1978399,18611027,0
4,1,0,1,1,45,5627,17,16,0,539,4837535,1441345,10522249,1
64,0,1,1,1,57,23032,8,7,1,274,4711558,1078434,35049342,0
93,0,0,0,1,66,12194,27,26,1,297,2376780,1781046,25253773,1
48,0,0,1,1,35,24532,6,16,0,565,1495782,2337872,47242996,0
2,0,0,1,1,29,465,30,18,1,13,1794132,850401,28955201,0
44,1,0,1,1,73,21590,0,14,1,663,2296586,2475764,10569334,0
13,0,1,1,1,76,20803,12,29,1,563,3574108,1534533,20368301,0
29,0,0,1,1,21,12649,3,0,1,296,2265768,1402276,3780643,0
67,1,0,1,1,83,932,1,29,0,747,1479530,2259929,45125855,1
17,0,1,0,1,24,4067,9,17,1,343,3323889,1267708,40273694,1
61,0,0,1,1,49,21714,4,6,1,552,996549,376774,41677299,0
36,0,0,1,0,97,14648,24,6,1,306,1141345,1445721,11064755,0
24,1,0,1,1,54,16720,2,28,0,632,3357793,1916521,14956209,0
47,0,1,1,1,55,132,4,15,1,369,2027575,1940373,16903394,0
64,0,1,1,1,96,10427,10,10,1,541,3949660,2862048,27112567,0
52,0,0,0,1,76,13623,25,4,1,586,3954519,2850833,27255293,0
78,0,0,0,1,82,21521,17,20,1,630,891552,1801263,16885193,0
72,1,1,1,1,37,8203,30,13,1,734,4785662,513970,47980708,0
14,0,0,1,1,33,17563,19,22,1,150,2542927,1877720,38220857,0
48,0,1,0,1,26,10797,1,25,1,698,3297150,2250953,36900932,0
87,0,0,0,1,71,13921,23,26,1,223,4011417,372057,43164836,1
67,1,0,1,1,91,19072,22,30,0,298,2524726,2094181,28385030,0
11,0,0,1,1,7,23019,15,27,1,23,2087988,2185251,36989736,0
58,1,0,0,1,10,1075,22,9,0,964,4345576,265896,33546849,1
36,1,0,1,1,44,17775,22,4,1,488,2170259,2291656,26721927,0
60,0,1,1,1,91,18068,24,29,1,770,507432,478509,33183479,0
100,0,0,0,1,80,2628,17,23,0,718,2883860,2541745,1327948,1
42,0,1,0,1,73,23229,5,18,1,296,3311065,1014709,34116218,0
69,1,0,1,1,9,18131,14,17,1,375,4066644,1433434,10121258,0
38,0,0,1,1,7,22758,11,25,1,410,3478196,2918493,14120595,0
55,0,1,1,1,8,2106,28,3,1,918,4766176,2530629,11459659,0
62,1,0,0,1,67,961,29,30,1,302,3057549,2286900,22889070,1
45,0,0,0,1,92,24945,3,22,1,360,2512031,1529471,11967010,0
87,0,0,0,1,9,7631,28,8,1,722,3812155,2277513,28357536,0
10,0,0,1,1,65,17145,11,18,1,712,801617,335298,47071564,0
61,0,0,1,1,99,17033,25,10,0,874,2195948,2304967,14418609,0
76,1,0,1,1,61,18259,10,2,1,228,1066960,1378903,3929586,0
97,0,1,1,0,46,24359,21,10,1,715,3283756,848025,22734274,0
24,0,0,1,0,87,8128,8,6,1,878,1341653,1179289,48535840,0
70,1,0,1,1,60,23589,26,16,1,503,1399518,2609757,42200547,0
51,0,0,1,1,76,18534,0,22,1,700,226276,2142024,21466708,0
3,1,0,0,1,32,19132,17,17,1,336,2002615,1948920,23923463,1
58,1,0,1,0,59,13805,5,25,1,490,117337,783793,24041558,0
71,0,1,0,1,42,6692,30,14,1,399,757862,1731925,117720,0
19,0,0,1,1,27,23176,11,29,1,232,1367597,1188706,9034525,0
92,0,0,0,1,11,21821,27,16,1,303,1734675,297504,25385887,0
62,0,1,1,1,42,1961,22,25,1,128,1815454,707524,8645115,0
53,0,0,1,1,81,12597,28,24,0,339,2983707,287864,44853927,0
73,0,1,1,0,61,6029,2,16,1,316,3666496,2222562,12215873,0
97,0,0,1,0,89,16953,0,23,1,584,3806922,1697807,28695255,0
56,1,0,1,0,41,15723,6,9,1,895,3816347,2581664,46977790,0
89,0,1,0,1,10,8985,27,29,1,785,813446,496251,28441129,0
40,0,0,1,1,14,3781,17,14,1,249,477109,1638716,30159264,0
2,0,0,1,1,31,6968,11,22,1,914,3485411,810118,27632425,0
5,1,1,1,1,94,12824,28,15,0,66,3838263,2500691,46298555,1
4,0,0,1,1,61,6657,21,14,1,293,4355509,2303271,5859400,0
4,1,0,0,1,96,13505,19,25,1,368,1981037,2186394,12039545,1
53,0,0,1,1,20,24804,15,8,1,792,999920,1769464,25521170,0
46,0,1,1,1,63,8089,25,27,0,593,4702920,2584777,8797142,1
86,0,0,0,1,32,18570,19,20,0,655,1922855,1572067,5057187,0
48,0,0,1,0,7,13986,24,18,1,563,3437987,1017661,34200503,0
8,0,0,0,1,61,15689,6,0,1,920,1149226,1771936,37972628,0
98,0,0,1,1,69,12901,16,1,1,791,1810740,930525,33809357,0
19,0,1,1,0,71,21044,3,5,1,859,3490736,2001724,36597160,1
60,1,1,1,1,34,17337,9,23,1,726,3194671,888489,17214621,0
34,0,1,1,1,23,9293,5,8,1,303,1092605,1097048,5485082,0
49,1,0,0,1,12,11543,1,23,1,190,2774752,2233031,23714209,0
81,0,0,1,1,66,1753,3,17,1,205,3909575,2812705,11500157,0
61,0,0,1,1,23,3992,17,0,1,753,1958282,2770891,41261028,0
16,0,0,1,0,40,20203,0,30,0,756,3412270,1031913,39800967,1
87,0,0,1,1,73,1690,0,9,0,447,3568025,1746004,49188501,0
2,0,1,0,1,64,16485,15,3,1,780,629336,2540792,37710169,1
31,0,1,1,1,38,4029,24,13,1,99,1053649,1411814,14378404,0
98,0,1,0,1,59,5779,12,30,1,896,739671,73425,37190968,0
12,0,1,0,1,31,9720,13,20,1,348,542514,1798692,16565323,0
88,0,1,1,1,43,21003,10,25,0,778,2457074,1470890,34266637,0
72,1,0,0,1,46,8640,24,5,0,202,712720,1670011,49401569,1
67,0,1,1,1,46,6784,19,19,0,439,1846251,575053,28510593,0
13,0,0,1,1,92,5326,29,4,0,45,1201969,2556636,40415581,1
100,0,0,1,1,52,21868,28,14,0,728,934060,91639,22974674,0
97,0,0,1,1,35,7391,7,23,0,348,1174665,1182213,23290475,0
10,0,0,0,1,26,9332,27,9,1,359,1980854,1696811,12888313,0
55,0,0,1,1,91,23769,9,2,0,37,1110332,2977596,33881693,0
66,0,0,1,1,45,8830,15,16,0,905,1137374,2705623,16069990,0
91,0,0,1,0,28,19410,26,8,0,612,4010674,1387529,10553819,0
28,0,1,1,1,44,7085,6,30,1,355,971105,2326920,20930754,0
8,0,1,1,0,36,3090,4,8,0,875,3906352,678816,4632416,1
66,0,0,0,1,55,4247,30,14,1,440,1907449,842543,14145526,0
24,1,0,1,0,37,22355,9,17,1,689,1119793,1011726,24359090,0
97,0,0,0,1,32,12057,17,2,1,506,50889,2592759,39450830,0
75,0,0,0,1,85,3762,24,7,0,450,3559134,2957402,43863171,1
41,1,0,1,0,94,16076,6,2,0,954,2545004,2390837,35691097,1
8,1,1,1,1,86,19877,3,18,0,764,2351483,402948,24355194,1
78,0,0,1,0,83,11367,30,21,0,565,2854686,2081224,38276765,1
39,0,0,0,1,67,17317,9,12,0,873,3660296,2924938,38081762,0
24,1,0,1,1,26,9567,29,21,1,486,3435130,674287,26017485,0
4,0,0,1,1,22,14633,17,15,1,151,910057,2249009,16827428,0
10,1,0,1,1,89,7869,17,6,0,127,2652857,1391607,38129592,1
58,0,0,1,1,87,14243,2,25,1,908,1929249,2067553,36432459,0
97,0,1,1,0,6,15272,12,19,1,243,1840761,1702348,46918921,0
87,0,0,1,1,98,1565,30,4,0,853,4939412,2973013,14371144,0
78,0,0,1,1,93,14173,30,25,0,29,4239578,1120245,26667117,0
37,1,0,1,1,30,5070,13,18,1,228,2873398,2004269,44693622,0
71,1,0,1,1,43,20021,21,29,1,107,1314430,2986868,441883,0
4,0,0,1,1,21,20475,13,1,0,741,1120537,608419,9277640,0
47,0,0,0,1,20,5829,0,2,1,500,3213931,972287,3006519,0
89,1,0,1,1,31,2027,4,27,0,795,4468297,513924,29798684,0
17,0,0,1,1,53,20584,9,2,1,710,229631,2848265,29452039,0
69,0,0,1,1,7,24947,13,28,0,148,3447795,1611576,12158925,0
36,0,0,1,1,46,24208,18,1,0,694,3434756,2162570,1346034,0
59,0,0,1,1,67,5735,22,15,0,560,4350847,2064804,30772409,0
47,1,0,1,1,33,22079,6,16,1,619,1357373,1290342,33445617,0
76,0,0,0,1,6,20059,25,26,1,696,4896482,1916976,49343952,0
27,0,0,1,1,18,1814,14,15,0,489,3386656,2168147,6141578,0
68,1,0,1,1,16,16016,27,15,1,662,2006080,802389,30811858,0
76,0,0,0,1,28,8871,20,18,0,663,450916,2424416,21125437,0
80,0,0,1,0,32,14856,30,16,1,162,2182044,2865724,4114665,0
39,0,0,1,1,22,5918,8,23,1,772,458497,2853766,42321773,0
44,0,0,1,1,93,17193,26,4,1,480,4599490,471926,48239613,0
95,0,1,0,1,10,16526,28,11,0,272,99850,2369465,85587,0
61,0,0,1,1,34,19827,9,21,0,324,2875337,1059400,4279683,0
92,0,0,1,1,99,6502,7,11,0,540,157186,2283886,36368564,0
57,0,1,1,1,38,22072,8,28,0,988,2134154,2029628,49367113,0
66,0,1,0,1,87,22318,10,25,0,745,2454521,838397,41945815,1
55,0,0,0,1,62,17461,21,6,0,534,1604478,821101,8643917,0
39,0,0,1,1,32,17695,7,6,0,8,537925,2381329,29456574,0
97,0,0,1,1,76,22368,25,3,0,218,4902391,73974,36386557,0
39,0,0,1,1,79,23798,17,5,0,743,3134086,449287,23849590,0
90,0,0,1,1,57,24851,4,15,1,350,3969316,2048973,26733701,0
76,1,1,0,1,20,10419,7,7,0,114,3247456,1672411,45539444,0
32,1,0,1,1,30,1249,1,5,1,693,3091661,631157,32934702,0
5,0,0,1,1,69,16510,30,22,0,137,1201509,733181,60845,1
87,1,0,1,1,61,11511,17,29,1,858,788185,2328468,23329929,0
18,0,0,1,1,35,23817,18,28,1,426,4771593,2814123,31497034,0
79,1,0,1,0,31,7933,17,29,0,123,657512,1650049,28641549,1
39,0,0,0,1,53,24409,19,18,1,54,3475923,2260141,22320101,0
91,0,0,1,1,13,1984,15,29,0,331,3879595,1689342,890863,0
96,0,0,1,1,30,18875,3,24,1,889,4661652,1708768,4112399,0
58,0,1,1,1,10,7117,16,9,0,409,397601,647607,19535997,0
58,1,1,1,0,11,20723,5,15,1,98,4030971,1295497,36781946,0
47,0,0,1,1,17,618,11,1,0,91,4319700,2238773,20892188,0
40,0,1,1,1,53,16923,6,13,1,499,2014904,1034191,9754792,0
12,0,0,1,1,14,7288,22,10,1,522,2468721,2185610,9506631,0
44,0,0,1,1,47,1886,13,23,1,463,3772242,2205145,47380167,0
88,0,0,1,1,53,15946,11,23,1,242,2396495,1605167,20470981,0
52,0,0,1,1,99,18052,20,27,0,965,2052576,2950225,37930960,0
41,1,0,0,1,22,12535,19,1,0,396,1573600,600462,775520,0
99,0,0,1,0,15,16802,1,24,0,264,962899,173524,45436228,0
62,0,0,0,0,14,9512,20,2,1,710,2499831,1011893,19186359,0
26,1,0,1,1,32,14301,30,25,0,344,830862,1489670,31684959,0
37,0,0,1,1,89,227,3,30,1,769,323912,1173142,36205348,0
59,0,0,0,1,57,15591,7,21,1,793,1226599,1844105,42431745,0
6,0,0,1,1,58,14690,30,10,1,813,690007,1722558,42299004,0
4,1,1,1,1,29,18925,9,3,0,175,538295,2453675,34804010,0
44,0,0,1,1,10,4218,16,13,1,779,2638646,1710598,23654614,0
57,1,0,0,1,15,7629,6,4,1,190,2087533,1752855,37756420,0
30,1,0,1,1,37,14564,20,2,1,215,454148,2923715,16547833,0
22,0,0,1,0,73,20650,9,27,0,420,4620175,1500268,49766000,0
41,0,0,1,1,50,5199,20,25,0,40,46968,557839,42057355,0
9,0,0,0,1,92,9226,16,7,0,71,2458895,1615531,40149179,1
31,0,0,1,1,81,24431,15,9,1,219,4716846,1340644,39829896,0
52,1,0,1,0,59,6252,30,11,0,365,416030,428156,26752953,0
29,1,0,1,0,74,10848,24,25,1,981,2762497,242602,20807350,1
38,0,0,0,1,55,13913,12,7,0,517,2846066,1412717,661577,0
30,0,0,1,1,29,16708,30,22,1,737,1366237,2706387,22524153,0
81,0,0,1,1,27,21547,22,6,0,185,293120,1808976,27498242,0
99,0,0,0,1,54,235,17,1,1,144,1076369,1089081,6035680,0
1,0,0,1,1,50,8680,26,25,1,395,4100247,2332770,22612053,0
77,0,1,1,1,81,24808,4,11,1,694,4144720,2256884,17269131,0
76,0,0,0,1,96,9917,7,21,1,383,2656734,2970592,27293040,0
92,0,0,0,1,48,22420,29,19,1,928,901135,827374,21460491,0
11,0,0,1,1,17,21009,30,10,1,818,3278091,1848850,4920775,0
38,1,0,1,1,75,6396,26,8,1,728,4553960,1934163,36270015,0
65,1,1,1,1,52,8289,6,4,1,969,1506776,1071151,14759867,0
95,0,0,0,1,21,5088,29,5,0,702,2328054,1596242,23711035,0
12,0,0,0,1,77,16873,17,6,0,356,3616768,2445856,20534422,1
45,0,1,1,1,18,16702,22,13,0,263,716341,2676884,12720643,0
26,0,1,1,1,34,6808,5,17,1,860,1574206,1695677,8762932,0
16,0,0,0,0,34,16933,27,14,1,316,3194277,2454077,3075942,0
94,0,0,1,1,37,13789,12,0,1,471,330798,331183,22341372,0
97,0,0,1,0,58,23703,23,15,0,807,2474761,1411469,46754232,0
59,0,0,1,1,61,16483,8,14,1,77,4639986,118210,14392502,0
63,0,1,1,1,93,16067,29,21,0,563,986423,278141,4757103,1
87,0,0,0,1,35,13307,22,8,1,903,3178864,2692617,12797619,0
34,0,0,0,1,27,18754,29,6,1,469,3501972,1987172,43336215,0
69,1,0,1,1,56,24765,7,11,1,124,3928143,1913509,24291706,0
82,0,0,1,1,95,558,11,27,0,124,1351434,2999742,10529082,0
29,0,0,1,1,58,11,9,8,1,679,3423581,1270541,30040797,0
70,0,0,0,1,51,17451,6,11,1,717,1287147,1616917,43655445,0
73,1,0,1,1,53,13635,6,10,1,164,3069669,2666349,7116354,0
95,0,0,1,0,88,10475,16,2,0,524,1446882,327212,73002,1
97,0,1,1,1,60,7762,4,12,1,328,2097223,195991,19947057,0
62,1,0,1,0,96,11134,9,4,0,496,616653,420462,9660354,0
27,0,0,1,1,12,5636,20,21,1,107,336201,2445927,29545306,0
59,0,0,0,1,26,21439,30,21,1,356,3880327,1525505,29209515,0
78,0,0,1,0,66,20605,19,20,1,565,4333117,1826399,8081494,1
93,0,0,1,1,58,18555,14,29,1,189,4970900,2696675,47612018,0
36,0,0,1,1,39,24524,12,17,0,879,3995533,238728,41898886,0
92,0,0,1,1,99,9767,13,10,1,122,3958417,2740170,34499634,0
21,0,0,1,1,92,16988,16,25,1,236,3911075,632254,1707406,0
67,0,0,1,1,19,6632,6,2,1,23,4835359,929268,1830947,0
19,0,0,0,1,99,10969,23,21,1,994,292771,895698,44671706,1
95,0,1,1,0,9,14660,20,8,1,791,3025519,104256,17469924,0
99,0,0,1,1,90,11971,3,30,1,742,4527819,176216,32027665,0
67,1,1,1,1,21,6017,27,25,0,285,1503564,1046164,29860132,1
90,0,0,0,1,96,21665,8,7,0,434,4471493,2636634,844906,0
63,0,0,1,0,7,23721,18,23,1,664,4784346,2290549,45981625,0
16,0,0,0,1,23,14420,13,7,1,150,1813502,648305,42471144,0
11,0,0,1,0,95,7526,2,12,1,524,4442237,2604839,38549961,0
21,0,0,1,1,85,6835,28,10,1,848,2494606,1171627,23349811,0
16,0,0,1,1,41,20676,3,5,1,193,3661891,2464169,16124270,0
9,0,0,0,1,25,12129,22,12,1,883,451507,446495,33634207,0
64,0,0,1,0,55,6492,1,27,1,926,2341802,2255415,32505215,0
21,1,0,1,1,58,23730,7,10,1,36,2128125,1498682,41591348,0
89,0,0,1,1,15,21314,1,13,1,554,2427388,1625434,49391619,0
81,0,0,1,1,69,16446,3,13,1,746,3639406,330676,43459948,0
49,0,0,1,1,34,16303,1,18,0,384,547660,2858916,14556240,0
13,0,0,1,1,94,16650,29,4,0,536,428154,2019480,1296330,1
63,0,0,1,1,47,22085,24,14,1,423,123763,1523466,30883847,0
46,0,0,1,1,40,7765,28,12,1,38,29680,1801929,11210744,0
28,0,0,1,1,94,2103,3,23,1,160,835396,218196,26047826,0
75,0,0,1,1,61,24600,20,15,1,767,46290,1486821,19807885,0
35,1,0,1,1,95,19290,8,28,0,698,3340602,918608,37473961,0
98,0,0,1,1,30,2685,1,18,1,566,3901686,2301075,21793202,0
51,0,1,1,1,86,20501,19,16,0,928,2000459,2316816,9965976,1
75,1,1,1,1,64,2058,21,27,0,765,2045497,2869757,34727019,1
6,0,0,1,1,94,2134,16,29,1,844,1736645,2812526,5336472,0
28,0,0,1,1,26,20179,0,30,1,266,3833518,422384,21135708,0
10,0,0,1,0,28,19343,22,15,1,57,1365975,1372926,37585830,0
32,0,0,1,1,16,6994,5,28,1,204,3402276,1866785,35230788,0
5,0,0,1,0,79,18059,28,13,0,845,3821733,35439,11009272,1
78,0,0,1,1,64,6228,15,16,0,79,4641268,2541346,44794491,0
31,0,0,1,1,25,12133,3,6,1,764,3149275,1625170,20598453,0
50,0,0,1,1,84,15189,4,5,1,382,61877,1352551,5306002,0
74,1,0,1,1,40,2908,4,4,1,30,745385,284018,19924260,0
57,0,0,1,0,11,23835,8,23,1,821,222135,2137407,23447418,0
86,0,0,0,1,65,15879,4,23,0,589,1464680,1688210,5203404,1
25,0,0,1,1,57,16037,1,26,0,243,1352517,2983411,15987132,0
97,0,0,0,1,32,13801,6,0,1,688,2615474,1961392,11454088,0
45,1,0,1,1,28,9533,30,15,1,811,4083189,852014,46772413,0
97,0,0,0,1,57,5846,14,22,1,129,91612,353605,41243902,0
28,0,0,1,1,17,19197,25,13,1,594,3251146,1929884,6674462,0
3,0,0,0,1,82,14944,24,26,1,295,1018357,2820748,1630816,1
80,0,0,1,1,99,12909,22,1,1,908,192599,711186,42472669,0
98,0,0,1,1,76,1255,7,28,1,178,1096249,1302545,33746207,0
12,0,0,1,1,5,18719,28,3,0,393,2692401,2072493,43642400,0
38,0,0,0,1,85,23919,30,0,1,433,2199679,1147210,31070505,0
14,0,0,0,1,45,2375,25,1,1,644,2947839,2208033,30340991,0
28,0,0,1,1,63,19532,2,28,1,376,4244103,2123378,22946620,0
28,0,0,1,0,17,11154,10,25,1,219,4541020,1159285,23543539,0
74,1,0,1,0,58,8344,28,8,0,767,3339615,1662365,49956517,0
31,1,0,1,1,51,24739,24,27,1,604,3271573,2574201,4146386,0
1,1,0,1,1,31,7271,22,0,0,24,4633022,1249690,25750482,1
46,1,0,0,0,81,19662,9,22,0,580,209671,180239,6702046,1
77,0,0,1,1,44,20867,3,19,1,444,1433507,2725545,43711315,0
83,0,0,1,1,95,22120,11,22,1,254,2716262,1037087,14200623,0
21,0,1,1,1,36,23944,25,30,0,668,4766224,766159,22536863,0
74,1,0,1,0,62,24579,12,15,0,692,2893119,731864,27013707,0
26,0,0,1,1,80,15935,6,13,1,916,3687433,1476323,11335853,0
66,1,0,1,1,47,11762,18,22,1,319,2160123,559720,1307828,0
80,0,0,1,0,56,6790,26,30,1,733,4908868,1176652,16000493,0
55,1,0,1,0,81,23363,15,26,1,865,510199,471482,17099363,1
91,0,0,1,1,84,11992,9,12,1,542,982991,1227875,46874516,0
92,0,0,1,0,38,14326,29,25,1,451,4213145,2585989,5619005,0
20,1,0,0,0,10,12990,6,30,1,659,2456145,1075878,45923770,1
46,0,1,1,1,52,17180,2,18,1,149,1061232,740155,8139473,0
79,1,0,0,1,22,6315,1,14,1,424,1281363,554560,46522345,0
100,0,0,1,1,85,475,0,28,0,277,624537,987532,11059615,0
58,0,0,1,1,43,23959,26,17,0,340,9883,984427,13054135,0
83,0,0,1,0,82,10721,21,2,1,768,3662479,1695973,19227020,0
5,0,0,1,1,11,150,15,14,0,311,588190,2364096,7752896,0
18,0,0,0,1,10,7812,12,14,1,801,4688110,674845,30236527,0
56,0,0,1,0,80,18121,29,4,1,422,1774790,1134728,41688017,0
68,0,0,1,0,57,11841,2,12,1,521,916688,228255,35379818,0
2,0,0,1,1,5,2001,25,23,0,50,518909,647308,977468,0
0,0,0,1,0,33,9011,27,26,1,607,3982839,420395,32954974,0
57,0,0,1,1,96,2891,26,24,1,32,4187861,9351,28583974,0
37,0,0,1,1,73,17096,13,19,1,41,2890728,85297,44208357,0
14,0,0,1,1,89,24755,17,15,1,919,2647017,842714,14239459,1
33,0,0,1,1,89,2091,10,21,0,727,2204354,2888382,11563920,0
60,0,0,1,1,92,10534,18,19,1,884,2070963,999833,44327304,0
34,0,0,1,1,53,9632,23,14,1,298,3134509,2920880,33105772,0
63,0,1,1,1,63,5165,2,29,0,912,4759564,223196,14910466,0
24,1,0,1,0,17,11647,19,29,1,917,848504,1351766,18179877,0
23,1,0,1,1,49,274,1,13,0,959,3098811,1567654,43480364,0
11,0,0,1,1,50,9054,30,8,1,76,2252537,1880427,15014757,0
17,0,1,1,1,27,23859,23,20,1,454,2778631,2887968,34484122,0
14,1,0,0,1,36,18157,5,17,0,910,651742,1983259,19450212,1
79,0,0,1,1,76,24140,24,16,1,598,87156,2220253,18402692,0
26,0,1,1,1,79,24592,29,4,1,479,358228,1369137,30691964,0
71,0,1,0,0,17,14880,30,14,0,616,2150925,1364714,32773733,1
59,0,0,1,0,57,14414,23,23,0,943,1588947,641748,7383362,0
45,1,1,1,1,24,24598,28,30,1,426,4345355,793327,12789309,0
88,0,0,1,1,5,15635,3,10,1,668,1638577,1803074,24479738,0
16,0,0,0,1,61,22273,28,26,1,965,4286026,2618412,26406552,1
92,0,0,0,1,70,19161,12,29,1,666,926999,429546,27197078,0
52,1,1,1,1,15,957,7,28,1,436,3059528,428038,36200347,0
7,1,0,1,1,50,11914,14,21,1,91,2270351,2735086,21217782,0
78,0,0,1,1,34,3791,0,26,0,989,1583262,554824,10826218,0
26,0,1,1,1,73,3356,26,11,1,848,1281403,1874573,48334452,0
45,0,0,1,0,11,13349,24,6,1,184,4704484,1142885,28064620,0
49,1,0,1,1,28,14165,15,24,1,986,162793,1546117,2982721,0
70,1,0,1,1,99,16346,20,19,0,8,3814286,2000921,6320837,1
2,0,0,0,1,52,18204,19,20,1,203,4473807,1354182,11985484,1
92,0,0,1,1,98,23603,4,8,1,259,4444484,1589014,16911341,0
63,0,1,1,1,47,19106,12,2,1,834,1335772,2759043,48663705,0
43,0,0,0,1,83,23852,16,16,0,385,1483712,2874418,47507126,1
52,0,0,0,1,40,11794,1,23,1,1,936001,76589,41730989,0
23,0,0,1,1,78,6889,12,8,0,340,3814469,1065071,32687731,0
59,0,0,1,1,5,4545,1,10,1,810,1884452,1516656,27574461,0
2,0,0,1,0,11,19503,30,13,0,991,3955105,769665,25830747,1
19,0,0,0,1,48,14104,10,25,1,690,375072,2857523,35044176,0
45,0,0,1,1,65,20598,28,26,0,592,2036776,2904464,30038781,0
14,0,1,1,1,30,2487,14,27,1,435,3541379,499258,22411558,0
24,0,0,1,0,34,22883,8,29,1,816,1939956,2646084,19839144,0
93,0,0,1,1,5,16774,21,30,0,963,61336,2920105,36914828,0
77,0,1,0,1,67,9729,18,9,1,295,2174588,1472519,23162527,1
70,0,0,1,1,19,13893,3,3,1,838,1072676,739457,12326108,0
16,1,0,1,1,67,2631,28,15,1,933,1279554,1644262,25342258,1
83,0,1,1,1,59,3591,16,15,1,233,4697076,2681992,22331592,0
99,1,0,1,1,61,5672,14,28,1,548,4343695,281297,13328856,0
8,0,0,1,1,24,19495,6,11,1,76,2605576,2870725,105068,0
37,0,0,0,1,26,20043,22,5,1,586,238497,1259866,21176027,0
47,0,0,0,1,93,2215,12,6,1,547,4819479,2651571,40370752,0
59,0,0,1,1,54,11434,7,22,1,487,3078806,1295015,16786937,0
62,0,0,1,1,40,3449,0,7,1,834,4404108,1414240,6040692,0
85,0,0,0,1,41,1392,8,5,0,377,1336161,1179483,42556850,0
1,1,0,1,1,50,12847,17,6,1,543,3081837,2439182,15769928,0
87,0,0,0,1,31,19165,28,29,1,680,280185,991594,23715270,0
71,1,0,1,1,23,5532,16,30,0,493,3119016,2566867,9418323,0
10,1,0,1,1,87,6802,16,8,0,79,952818,2935694,17902612,1
63,0,0,1,0,20,24415,7,15,1,383,2138321,1742757,36898536,0
76,0,0,0,0,58,143,2,21,0,673,1147757,2236561,41042219,1
80,0,0,0,0,89,4806,28,29,0,194,1688546,2316968,35963167,1
71,1,0,1,0,99,12250,21,12,1,539,3427500,446182,19405795,0
20,0,0,1,0,38,5806,21,14,1,178,3218431,1669618,22692886,0
17,1,0,1,1,83,9477,10,17,1,344,3002409,1398230,33606048,1
93,0,1,1,1,55,22480,1,3,1,603,3327754,1943386,46684686,0
63,1,0,1,0,40,12503,1,4,0,115,3237201,2556251,43900794,0
81,0,0,1,0,57,22685,15,7,0,95,4616411,927784,48456736,0
94,0,0,1,1,94,8709,16,30,1,967,4173427,733336,30859434,0
37,1,0,1,1,98,24359,8,3,1,510,1572073,2082086,23233188,0
31,1,0,1,1,66,539,0,16,1,26,1022873,1257866,36931505,0
10,0,0,1,0,35,2248,28,16,1,253,666378,2008809,35304265,1
44,0,0,1,1,93,22470,28,1,0,150,2563820,298225,24738403,0
88,0,0,0,1,8,415,21,23,1,450,3339400,2262611,7361529,0
32,1,0,1,1,16,4193,11,15,0,400,502941,1662522,44690127,0
40,1,1,1,0,57,4712,24,18,1,281,1218126,2938727,31487245,1
7,1,0,1,1,65,5562,5,21,0,912,1753780,2449878,44677941,1
10,0,0,0,1,23,4379,10,6,1,249,320459,368106,38934003,0
85,0,1,1,1,60,8262,5,10,1,343,251386,968486,25627201,0
50,0,0,1,1,13,8283,19,0,0,548,1517222,2637955,40799467,0
87,1,0,0,1,29,13399,4,20,0,270,651658,1634087,28535505,1
40,0,1,1,1,58,3789,12,17,0,808,4889100,1926734,23205967,0
16,1,0,1,1,51,3984,0,6,0,265,1295182,2829028,5530352,0
75,0,1,1,1,45,21834,15,27,0,40,3121096,1221474,49758004,0
45,0,0,0,1,55,24113,18,27,0,351,3398298,2978369,444581,0
31,0,0,1,1,54,15229,10,12,0,370,4556833,1750143,4395627,0
78,0,0,1,0,11,10921,21,2,1,839,3623871,466401,19918937,0
79,0,0,1,1,31,3120,1,8,1,378,163374,2110222,1430977,0
53,0,0,1,1,52,21388,0,16,1,557,2464998,835123,18340893,0
85,0,0,0,1,59,24693,12,1,0,1,1919999,2564729,5787714,0
91,1,0,1,1,67,24300,16,14,1,981,4844485,1629655,43142858,0
19,0,0,1,1,10,13902,13,8,0,413,1343635,1251875,11970162,0
32,0,0,0,1,39,19728,16,6,0,648,4430621,1415169,2153962,0
73,0,0,1,1,36,1031,25,18,1,201,4318886,62946,46636954,0
39,0,0,1,1,82,10645,9,10,1,698,4158713,1705484,26305686,0
31,1,0,1,1,10,11552,27,23,1,19,1655014,1961544,34278327,0
96,0,1,1,0,67,18274,16,20,1,815,4084879,863214,36520378,1
1,1,0,1,1,22,3016,12,30,1,483,3866683,2434015,40054348,0
96,0,0,1,1,35,6487,5,17,1,632,744749,418618,12607409,0
32,0,1,1,1,56,1225,29,25,1,539,835269,2716153,43769492,0
76,0,0,1,1,20,16714,25,16,1,725,1104089,1864951,34735478,0
29,0,0,1,1,60,12639,3,21,0,983,3512932,707176,28110759,0
32,0,0,1,1,71,17445,3,3,0,875,4959789,748281,29256681,0
76,0,1,1,0,99,3395,13,1,1,206,2123097,2421170,42955389,0
25,0,0,1,1,66,22555,3,16,1,204,798674,1601327,13773285,0
21,0,1,1,1,85,3191,23,22,1,636,3600028,2785610,49811640,0
65,0,1,0,1,56,4738,22,19,1,438,4672610,2375055,41098485,0
37,0,0,0,1,9,14838,4,0,1,965,2952420,2127281,24007523,0
89,0,0,1,1,57,23349,13,12,1,610,3268278,951388,9340946,0
45,0,0,0,1,84,11849,14,9,1,57,3232539,1355862,5800435,0
14,0,0,0,1,21,24110,22,16,1,183,1240888,2012666,40668691,0
97,0,0,1,1,35,1548,7,22,1,455,1152000,2967064,17196757,0
43,0,1,1,1,20,6423,25,20,1,261,1724947,353825,18965185,0
48,1,0,0,1,61,13296,23,16,1,739,1820114,2861482,41454299,1
74,0,0,1,1,25,6288,10,10,1,985,4118200,1486468,17242249,0
60,0,0,1,1,45,10761,6,8,1,94,3105811,2070105,5721040,0
66,1,0,1,1,43,2458,22,30,0,938,1714583,1079964,41497959,0
5,0,0,1,0,41,1528,12,2,1,843,2249120,405780,20481506,0
8,0,0,1,1,45,5212,13,9,1,968,4717527,1271817,24134995,0
5,0,0,1,1,57,18136,8,16,1,102,560401,2826397,39818350,0
72,0,0,1,1,78,20568,26,15,1,156,3696593,2093536,20595667,0
94,0,1,1,1,36,1341,30,15,0,908,4902147,769713,11733191,0
31,1,0,0,1,29,10870,14,14,1,173,2117779,2358103,776701,0
40,0,0,1,1,57,9251,20,12,1,802,4545019,1679351,4197555,0
75,1,0,1,1,68,2224,7,1,1,607,4188680,2396431,45449042,0
7,0,0,1,1,37,8886,1,25,1,759,61809,1527826,25791851,0
71,0,0,1,1,42,16854,11,5,0,853,2381601,2468202,11426629,0
49,0,0,0,0,96,15520,15,2,1,464,3940736,2623848,11959468,0
91,1,1,1,1,83,9265,30,25,1,216,4140900,1084231,15643342,1
61,1,0,1,1,12,13097,28,23,1,214,1043778,2929370,42140635,0
83,0,0,1,1,5,3950,7,0,1,186,1619465,2230704,28247688,0
61,1,0,1,1,78,3674,0,16,1,781,1527713,1050184,10657884,0
6,0,1,1,1,63,13661,24,23,0,265,1759088,2461566,47001460,1
74,0,0,1,1,39,18615,16,26,0,749,2681668,608021,47828941,0
83,0,0,1,0,20,23124,29,0,0,879,188157,2196517,27495398,0
79,0,0,1,1,18,23091,23,30,1,328,1140195,2696156,12160593,0
3,0,1,0,1,9,19562,30,29,1,471,2528791,476882,48294445,1
5,0,1,1,1,84,8368,18,10,1,49,2415258,1824048,257202,0
57,0,0,1,1,25,6351,29,3,1,138,1937563,2525730,37093421,0
21,0,0,0,1,62,24176,19,10,0,105,2700951,359057,23766819,1
25,0,0,0,1,61,6593,30,12,1,632,1558987,1969814,44797757,0
2,1,1,1,1,15,568,28,28,1,977,663242,1518401,10406469,1
40,0,1,0,1,75,20143,26,21,1,29,3778470,1083806,7098752,1
59,0,1,1,1,12,17947,12,16,0,305,238799,2849624,39236583,0
13,0,1,1,1,85,4619,25,19,1,691,3975908,826782,40677890,1
74,0,1,1,1,98,24178,22,28,1,179,2358018,2817173,41949027,0
81,1,0,1,1,18,21615,14,20,0,962,1327242,2418531,40669172,0
11,0,1,1,1,53,5311,25,12,1,523,3120487,351527,2380355,0
86,1,0,1,1,37,15201,12,16,0,840,2964314,874335,1511701,0
11,0,1,1,0,28,2471,2,1,1,917,3464159,2812695,36949015,0
12,0,0,0,0,75,2548,15,1,1,993,2395464,524304,43652074,1
24,0,0,1,1,42,23777,8,21,1,818,383894,1647194,21057471,0
44,0,0,1,1,83,22285,18,17,1,455,413590,2802595,43131537,0
18,0,0,1,1,54,3600,7,5,0,873,1374610,2724587,28985240,0
54,0,0,1,1,93,16088,7,24,0,217,1359627,1308186,32346086,0
99,0,0,0,1,68,13890,13,30,0,9,1016906,1600445,9576679,1
44,0,0,1,0,85,10500,18,1,1,874,4219736,960748,4181093,0
7,1,0,1,0,6,1766,12,22,0,624,4237490,1646959,20757789,1
92,0,0,1,1,43,6906,2,29,1,555,2336006,919336,18728356,0
52,0,0,0,1,78,19125,25,10,1,678,209960,1279956,10058507,0
54,0,1,1,1,18,8182,4,16,1,347,1543259,1362256,48085942,0
31,0,0,1,1,16,23766,7,8,1,556,2720642,1580083,32547699,0
50,0,0,1,1,85,1958,5,19,1,693,528399,2984409,16010694,0
43,1,0,0,1,82,16227,4,4,0,700,3390387,2204022,4274896,1
81,1,0,1,1,55,12333,20,19,0,842,3631780,867002,41623974,0
69,0,0,0,1,14,378,26,14,1,240,2824789,2024565,37832201,0
17,0,0,1,1,48,16284,11,25,1,922,2672091,359037,20180230,0
82,0,0,1,1,44,968,5,24,1,766,17009,167054,44401994,0
21,0,0,1,1,97,24843,7,30,1,475,4572495,459261,32039634,0
36,0,0,1,1,64,12951,21,29,1,824,2839674,2244172,737217,0
95,0,0,0,1,74,23257,22,16,1,86,3986550,1424618,29638659,1
55,0,0,0,1,35,7281,24,9,1,184,454626,1988028,582733,0
58,0,1,1,1,41,24562,6,5,0,686,2181878,2361189,15968909,0
2,0,0,1,1,77,4345,13,12,0,753,266718,2873107,14885645,0
27,0,0,0,1,62,2425,8,27,0,404,2442824,1698075,5236010,1
73,0,0,1,0,47,7468,25,20,1,218,638362,1258360,46516414,0
34,0,0,0,1,75,14494,28,15,1,293,4957880,888789,14884959,0
60,1,0,0,0,42,12698,16,23,1,420,2284474,787779,7219496,1
92,0,0,1,1,12,19963,18,1,0,477,3621922,1514059,11992619,0
53,1,0,0,1,38,24873,5,27,1,630,1825524,2810379,34811816,0
62,0,0,1,1,21,9888,30,19,1,205,3563949,2906160,23974062,0
78,0,0,1,1,21,20623,18,4,0,839,84512,496485,38401626,0
96,0,0,1,1,98,5926,26,23,1,715,4295439,2312679,38527549,0
6,0,0,1,1,86,5960,29,28,1,939,2343174,162267,37207929,0
75,1,1,1,1,57,9679,17,16,0,376,238836,547495,7427633,1
48,0,0,0,1,19,4330,20,6,1,888,3395327,2219457,35954715,0
93,0,0,1,1,68,19078,0,23,1,821,3835352,2785340,39338090,0
84,0,0,1,1,61,2041,4,16,0,696,3577887,2388252,45130794,0
30,1,0,1,1,24,12905,12,4,0,940,4502805,2405155,30918523,0
57,0,0,1,1,65,19290,10,5,0,195,198377,1160807,11570236,0
60,1,0,1,1,29,909,23,9,1,364,2033207,2946986,49402531,0
23,1,0,1,1,82,21315,8,4,1,547,4833715,2501260,25394136,0
19,0,0,1,1,31,6056,9,13,1,385,3342151,2587340,36237527,0
36,1,0,1,0,51,7071,28,30,1,682,1100113,787488,6681664,0
3,1,0,0,1,32,16804,21,24,0,961,4057259,156867,18500871,1
91,0,0,1,1,10,24959,19,19,1,993,4434540,2287780,15041308,0
19,0,0,1,1,45,14430,18,13,1,26,3127800,951724,45488568,0
59,0,0,0,1,63,20573,23,1,0,875,4442767,2748811,47461584,1
23,0,0,0,0,99,16875,27,8,0,624,1696836,1991478,20475531,1
49,0,0,1,1,82,7520,30,17,0,451,1331648,264459,993104,1
48,0,0,1,1,65,8181,1,17,1,344,4625977,216391,17204409,0
50,0,1,0,1,84,281,7,27,1,611,2902397,1760965,2530118,1
95,0,0,1,1,53,10255,22,21,0,189,1743644,2024345,43638446,0
35,0,0,0,1,9,3545,17,8,1,637,1103663,2115141,7331859,0
97,1,1,1,0,15,21008,17,4,1,360,1675919,85498,7022030,0
99,0,0,1,1,90,14359,1,25,1,379,1273828,1497636,8729310,0
65,0,0,1,1,44,3084,14,17,0,173,1291448,2283015,23539788,0
78,0,0,1,1,96,9962,16,11,1,592,1463829,1567899,38466462,0
33,0,0,1,1,74,8189,22,5,0,751,4841961,1955642,911047,0
35,1,0,1,1,43,12784,23,16,1,618,3111451,1230755,9554503,0
5,0,0,1,1,74,17190,22,13,1,369,1157380,2916800,38854409,0
38,0,1,0,1,24,8176,14,9,1,99,4667373,181010,45907318,0
41,1,1,1,1,8,7565,19,25,1,78,1021900,2299322,47687395,0
57,1,0,1,1,93,18928,26,18,1,929,1437114,2720190,11597587,0
11,0,0,0,1,17,17585,14,2,0,186,3836722,2071242,27512521,0
2,1,0,1,0,53,946,27,9,1,393,737913,1363706,12395677,1
17,0,0,1,1,80,10381,24,13,0,915,1289806,2980794,15672804,1
39,0,0,1,0,13,12803,12,14,1,122,2805757,1062328,48404008,0
20,0,0,1,1,63,6107,17,15,0,670,2581914,140762,42700516,0
14,0,0,1,0,7,10882,20,5,0,714,3579857,151351,16819223,0
96,1,1,0,1,15,14581,14,13,1,191,1398253,2288735,8673667,0
98,0,0,1,1,9,32,17,3,0,437,1843951,1068507,32146681,0
25,0,0,1,1,39,12911,18,12,0,907,3890937,319242,14033649,0
7,1,0,1,0,28,3213,17,26,1,154,4592301,1227407,20307585,1
99,0,0,1,1,74,16845,23,26,0,922,826974,1340201,40365212,1
93,1,1,0,1,86,283,14,7,0,910,2461514,2278069,16671903,1
86,1,1,1,1,10,17418,9,22,1,912,4574549,1464809,18423434,0
41,0,0,1,1,90,10910,29,8,1,295,890132,1489771,46410489,0
43,0,0,1,1,46,24751,28,20,0,30,2946716,2687961,962687,0
13,0,0,1,1,47,22947,21,10,1,969,4792605,823330,20466415,0
77,0,0,1,1,18,8498,20,4,1,653,486560,2141239,34114081,0
1,0,0,1,1,80,7866,20,4,1,103,1837111,2976479,16860460,0
36,0,0,1,1,29,24414,15,24,1,65,4631575,2901261,45842067,0
68,1,0,0,1,88,13414,8,17,1,375,878012,682971,18566240,1
37,0,0,1,0,22,24190,1,15,1,231,1212670,2645296,17850228,0
40,0,0,1,1,28,9138,12,22,1,642,3563045,1382345,32370094,0
61,0,0,1,1,67,24681,0,25,1,23,3224225,2762283,40832738,0
59,0,0,1,0,83,580,21,18,1,290,345787,2298145,4921266,0
13,1,0,1,1,99,15245,23,23,0,321,4526043,563263,36767367,1
88,0,0,0,1,5,24726,7,8,1,617,2217785,2395882,28251251,0
83,0,0,1,1,19,21830,5,10,0,42,3554711,1168484,33211178,0
1,0,0,1,1,58,6716,18,10,1,170,4112751,2549956,11322763,0
69,0,1,0,1,38,776,18,13,1,837,537185,2599054,18625625,0
16,0,1,1,0,56,1636,1,9,0,423,387693,730068,29502119,0
88,0,1,1,1,6,22714,28,8,1,992,4361620,2649200,28540295,0
27,0,0,1,1,40,21104,17,4,1,202,3570356,281838,25890798,0
65,1,0,1,1,27,663,17,25,1,534,4347008,2912850,19741605,0
34,1,0,1,1,28,14766,22,26,1,472,89414,2394451,10809490,0
100,0,0,1,1,36,12327,14,10,0,762,115401,2503232,24974260,0
4,1,0,1,1,55,24727,25,27,1,35,2697144,611923,9613062,0
64,0,0,1,0,50,5844,24,8,1,735,4770393,2778462,16847027,0
39,0,0,0,1,17,5634,25,12,0,44,808941,727138,8593045,0
75,0,0,0,1,18,6052,29,28,1,500,1323464,1869886,25967520,0
55,0,1,1,1,21,2887,15,18,1,816,4310562,1022854,35609105,0
35,0,0,1,1,20,4616,26,7,1,818,4238779,1555081,12548999,0
44,0,1,1,1,36,15372,12,22,1,496,2472227,796988,15866085,0
22,0,0,1,1,83,19919,22,3,0,981,2298390,173778,16640953,0
46,1,0,1,0,99,15920,27,11,0,187,1301275,1665227,27446526,1
30,0,0,1,1,16,5404,23,24,1,842,2878705,2029206,26161237,0
10,0,0,1,1,7,11634,27,30,1,91,3598778,2357150,42579751,0
9,1,0,0,1,79,14443,27,6,1,801,860546,968674,36006375,1
66,0,0,1,1,57,20949,4,23,1,528,652639,1748465,37563656,0
13,0,0,0,1,47,9392,17,26,1,127,2257941,403281,17196211,1
79,1,0,0,1,9,12563,29,7,1,773,3720236,1510362,38286385,0
73,0,0,1,0,51,7165,23,18,0,728,4719654,189691,9238338,0
92,0,0,1,0,31,16777,4,22,1,428,1636487,2489320,267158,0
9,0,0,1,1,56,2208,15,7,0,112,4269711,1725829,11203910,0
75,1,1,1,1,60,5377,28,18,1,219,2464835,505039,44972427,0
93,0,0,1,1,84,16964,29,24,0,270,2278364,2252547,1336256,0
0,1,0,1,1,84,19036,24,28,1,970,3109764,1166783,41539589,1
4,0,0,1,1,84,21615,5,25,0,889,1234903,2977464,22861093,1
19,0,1,1,1,90,3741,28,3,0,336,286973,1331514,5812542,1
7,1,0,0,1,72,19382,6,28,1,861,2578352,2644867,47914848,1
42,0,0,1,1,95,6484,0,9,0,975,4836649,2329135,1897860,0
75,0,0,1,1,19,17155,7,14,1,470,25602,868620,30937060,0
0,0,0,1,1,23,23796,6,22,1,875,3090854,2538490,26111594,0
56,1,0,0,1,30,937,22,7,1,825,4253834,964614,36671356,0
63,0,0,1,1,83,18538,6,14,1,70,2201612,1620156,6142407,0
83,0,1,0,0,49,1808,30,15,1,123,956033,740184,38953588,0
27,0,0,0,1,14,23912,6,23,0,627,522219,1683794,37326244,0
36,1,1,0,1,30,11472,30,20,1,815,2993738,138254,23639141,0
46,0,1,1,1,12,11373,26,6,1,603,3505009,108688,5458557,0
100,0,0,1,1,84,7607,0,7,1,861,617339,2954080,6920297,0
75,0,0,1,1,97,20641,11,28,1,237,2857304,2670785,18468008,0
36,0,0,1,1,36,13902,24,12,1,220,1364643,2938396,29155603,0
48,0,1,1,1,25,13023,22,12,0,147,1043679,868646,10937243,0
43,0,0,1,1,49,12461,22,26,1,865,1947121,1799003,4648722,0
55,0,0,1,1,59,16844,10,28,1,62,4228613,1208931,11736982,0
27,1,0,1,1,16,6401,28,1,0,650,4043383,2220570,28106371,0
78,1,1,1,1,52,20974,15,25,1,56,3576925,721666,33212741,0
5,0,0,1,1,63,6595,27,19,0,779,1529726,1146461,45705863,1
60,1,0,0,1,78,3895,0,14,1,236,1131496,1730073,32972749,0
19,0,0,1,0,74,11983,5,5,1,606,925422,1831537,31122248,0
77,1,0,1,1,41,18941,25,24,1,718,3228944,1200626,30087494,0
1,0,0,1,1,86,19426,23,17,1,592,2239787,2881338,15809829,1
72,0,1,0,1,35,10528,29,6,0,391,1921513,2317739,32718605,0
36,1,0,0,1,7,20133,4,1,1,821,3811576,1582932,5847216,0
19,1,0,1,1,73,17603,11,25,1,836,2932175,2328077,41206417,0
25,0,0,1,1,63,12785,27,1,1,656,3696915,1457291,21309841,0
28,0,0,1,1,37,12521,16,0,1,700,2965050,282587,25809918,0
0,0,0,1,1,40,20416,12,24,0,51,4146230,1229844,32930836,0
34,0,0,0,1,78,24061,4,21,1,128,1229206,1694122,35111686,0
69,0,0,1,1,7,17378,14,28,1,227,3244975,1292361,19266181,0
100,0,0,1,1,79,12398,1,13,0,905,2214562,2448199,38919587,0
58,1,0,1,0,7,11015,1,1,0,945,3996835,1386453,12021636,0
68,0,0,0,1,96,14209,19,9,1,292,2179592,2812396,27299389,0
32,0,0,1,1,63,10924,29,3,1,265,4775839,2941509,10101308,0
50,0,0,0,1,58,10681,15,3,0,288,758761,2577635,44141756,0
77,0,0,1,1,32,4654,11,27,0,750,4288891,2899617,35759479,0
11,0,0,1,1,13,9737,26,22,0,825,4176993,2253558,28934025,1
19,0,0,1,1,30,22322,3,6,0,346,3727230,2362325,14321066,0
52,1,0,1,1,33,10639,30,19,1,313,1851449,1402714,35595358,0
87,1,0,0,1,14,6364,25,4,0,44,2215557,1138237,769966,1
42,0,1,0,1,31,10121,22,26,0,147,2724540,1322951,42096579,1
97,0,0,1,1,67,5215,8,11,1,885,3995915,2402464,12071452,0
88,0,0,1,0,66,5634,26,11,1,43,2097245,1124741,32745365,0
49,1,0,1,1,22,13060,11,24,1,324,1565600,2903247,27056616,0
28,1,0,1,1,57,22745,1,5,1,320,1569663,793897,10937096,0
56,0,0,1,1,86,9187,7,30,1,95,568269,1753604,9601960,0
38,0,0,1,1,90,11568,13,17,1,653,2052011,2751026,38921747,0
94,1,0,0,1,21,21261,23,28,0,238,1303088,1903802,562970,1
55,0,0,0,1,53,11161,10,1,0,138,2545696,495345,48303951,0
42,0,0,1,1,93,19066,7,18,1,688,1116361,2021937,27113163,0
49,1,0,0,1,30,7781,8,28,1,660,179988,2540696,31493989,0
22,0,0,1,1,9,11650,24,26,0,628,4408477,764441,40666451,0
43,0,1,1,1,77,15499,29,30,0,262,1066479,2209221,36233405,0
37,0,0,1,1,48,12171,25,30,0,428,128855,1207695,41346649,0
83,0,0,1,1,28,14945,6,15,0,432,4037977,1221632,4624343,0
22,0,0,0,0,61,5887,20,22,0,712,2720675,2096577,22851526,1
44,0,0,0,1,11,10816,22,1,1,995,3449590,758094,17202651,0
51,0,0,1,1,24,19300,13,16,0,64,728678,2711489,44039608,0
79,0,0,1,1,60,18445,6,19,0,382,3879916,487569,43218536,0
49,1,0,1,1,76,22916,25,30,0,463,1616757,2158673,46898540,1
7,0,0,1,0,23,20845,9,30,1,29,1725596,1131197,30649749,0
84,0,0,0,1,68,20957,6,25,0,498,3708916,1692456,14172181,0
0,0,0,0,1,47,15765,23,6,1,328,272151,676545,10125340,1
7,0,1,1,1,48,20927,14,20,0,9,3518342,748945,31942440,1
28,0,0,0,1,29,4069,17,6,0,221,1507418,2260564,32213147,0
95,0,1,1,1,21,9029,12,22,1,535,48139,527990,2640727,0
4,1,0,1,1,43,24102,3,11,0,500,813570,2240641,30106475,0
85,0,1,1,1,29,21190,11,22,0,311,4328652,1613163,5263717,0
46,1,0,0,1,43,7165,24,28,1,844,540262,619705,2592914,0
33,1,0,1,1,43,4151,19,10,1,924,2316360,723009,13051233,0
64,0,0,0,1,63,21098,17,28,1,431,265796,2257823,32101465,0
54,0,0,1,0,70,4154,6,16,1,236,1648706,1863867,3314035,0
89,1,0,1,1,20,18561,21,10,1,655,4428523,2429839,11106788,0
42,1,0,1,1,57,11931,3,7,1,242,1458368,2802895,35648332,0
73,0,1,0,1,82,16213,28,5,1,995,2632799,2672081,33755761,1
29,0,0,1,0,33,12034,23,30,1,989,1913964,1499187,47908728,0
81,0,0,0,1,70,3155,21,5,1,570,2778665,789099,9869445,0
16,1,0,1,1,14,14618,7,14,1,658,36879,1182733,33032922,0
25,0,0,1,1,6,9225,19,25,0,424,258908,1765187,43497919,0
7,0,0,0,1,95,15363,17,19,1,146,1560834,2438059,40710429,1
46,1,0,1,1,17,23668,27,11,1,458,298466,2953125,25733628,0
75,0,1,0,1,58,14185,5,8,1,7,1701021,2397255,49094715,0
90,0,0,1,1,6,9021,8,12,1,642,217441,1973140,37043952,0
71,0,0,1,1,46,22045,11,14,0,722,1799346,217381,13522643,0
88,1,0,0,1,18,1372,8,14,1,234,3108336,657192,38231402,0
45,0,1,0,1,85,468,14,25,1,819,1216366,1016380,6162147,1
67,0,0,1,1,55,21179,26,29,0,931,3724333,366870,2801622,0
32,0,1,1,1,53,14720,12,28,0,870,4429829,930457,46572471,0
0,0,0,1,0,42,20095,24,29,1,906,424516,1567823,15579017,0
18,0,0,1,1,38,23448,29,12,1,532,2085062,2971706,21074535,0
30,0,0,1,1,33,3752,2,8,0,569,810292,1223483,21004891,0
79,0,0,1,1,68,3137,2,29,1,970,4518284,2960509,45417958,0
13,1,0,0,1,27,18436,25,10,1,653,4976441,404401,18192228,1
52,1,0,0,1,27,16633,18,21,0,629,3203379,1497977,24271188,1
47,0,0,1,1,20,15644,20,10,1,536,4505826,1427985,18579041,0
68,0,1,0,1,48,4943,20,8,1,938,3397271,1432647,42955006,0
89,0,1,1,1,64,11173,12,16,1,959,1327452,2906356,35749172,0
61,1,1,1,1,75,4773,20,22,1,115,837816,1016783,30936223,1
91,0,0,0,1,69,3673,23,24,1,814,1081073,2951873,42551672,1
65,0,0,0,1,23,9339,25,20,1,957,3993716,2011424,38264752,0
63,0,0,1,1,49,7722,11,5,1,331,4632671,1256608,12236822,0
69,0,1,0,1,5,1010,23,21,0,959,450340,2378584,15239426,1
62,0,0,1,1,16,14262,30,4,1,889,1980332,494481,46424921,0
72,0,0,0,1,29,17849,29,25,1,404,1819209,674720,3549779,0
32,0,0,1,1,91,22015,23,24,0,784,424279,2823657,17839715,0
40,0,0,0,1,93,9596,29,20,1,547,4982115,1884672,26030427,1
88,0,0,1,1,99,5704,24,2,1,461,1032504,1194950,37188449,0
47,0,0,1,1,92,12042,25,5,1,750,389685,1643329,13153234,0
12,0,0,1,0,14,9671,5,21,1,265,409833,548497,34820466,0
72,0,1,1,1,70,4710,17,16,1,991,4998935,303621,26500267,0
76,0,0,1,0,37,20689,8,10,1,420,2305581,699597,34470652,0
30,0,0,0,1,91,14220,21,3,0,374,4616671,2255277,5668886,1
74,0,0,0,1,6,15062,16,25,1,14,3151280,1971536,2662697,0
67,0,1,1,1,8,12381,27,11,0,939,2246527,1720699,11041532,0
97,0,0,0,1,27,7796,11,9,0,76,278834,1870773,7724588,0
3,0,0,1,1,45,5376,20,16,0,535,2658895,1930367,10678615,0
18,1,1,1,1,42,1917,22,5,1,177,3503877,2833429,31641169,0
69,0,0,0,0,91,3598,29,17,1,480,1726911,114351,48167785,1
97,0,1,1,1,60,7993,27,20,0,513,4108169,2108228,8996187,0
81,0,0,0,1,80,10467,27,18,0,208,3381690,2898964,1374819,1
12,0,0,0,1,48,15335,16,21,1,562,3071016,2459405,3454718,0
22,0,0,1,1,68,17651,14,28,1,58,3018465,287590,9638115,0
82,0,0,1,1,28,14390,22,24,0,203,61776,1043204,24799592,0
74,0,0,1,1,97,2217,26,14,0,285,44383,2708283,24853713,0
0,0,1,0,0,45,13479,20,11,1,2,268181,1806692,20120317,1
87,0,1,1,1,32,8981,20,18,0,656,3348261,1388438,44970196,0
53,1,1,1,1,66,7277,1,24,1,80,86557,2839008,30435761,0
70,1,0,1,1,19,565,27,4,1,155,2874743,715500,42791236,0
88,0,1,1,1,66,8170,3,28,1,420,2351011,2774342,30178150,0
84,0,0,0,1,14,6835,8,17,1,737,1353033,695923,7645132,0
14,0,1,1,1,33,3102,11,25,1,154,4406994,1322388,23212176,0
64,0,0,0,1,35,1283,1,11,1,75,3569441,1311593,18657983,0
75,0,0,1,1,67,1222,24,25,0,263,2839421,2257866,35062217,0
70,0,1,1,1,91,8995,23,25,1,678,3536540,1417089,2012319,1
14,0,1,1,1,22,2729,30,14,0,806,4200728,1099344,42622154,1
20,0,0,0,1,11,23053,28,9,1,665,3322250,2188238,4422264,0
18,0,0,1,1,31,1072,3,27,1,692,1311504,2411280,35405774,0
59,0,0,1,0,13,16152,11,24,1,440,83503,980864,26932386,0
92,1,0,1,0,24,23557,1,29,0,306,1194800,876823,12960457,0
88,0,0,1,1,89,710,5,18,0,456,2036394,430298,8584418,0
32,0,0,1,1,96,6499,30,8,0,314,4216154,1520697,40995656,0
48,0,0,1,1,54,8504,6,5,0,348,862034,2875047,41244282,0
95,0,0,1,1,65,5259,30,13,1,774,4844011,144587,15372342,0
34,0,0,1,1,71,23005,17,0,1,104,1942594,273708,32740111,0
43,0,0,0,1,78,6987,23,0,0,797,3078412,411832,4174769,1
89,0,0,1,1,21,24761,24,28,1,707,728439,1727314,1577216,0
10,0,0,1,1,25,22731,4,30,1,36,4767555,1311307,36114948,0
98,0,0,1,1,77,3001,21,10,1,262,4623006,1095022,11270404,0
71,0,0,1,1,85,20251,21,2,1,241,2639875,94381,29934669,0
77,0,0,1,0,36,9404,9,20,1,897,2001883,2014492,31016493,0
73,0,0,1,1,52,5881,17,21,1,79,3980907,1291578,40655512,0
65,0,0,1,1,42,2701,28,4,0,157,3157548,1535683,41379422,0
45,0,0,1,0,32,20570,10,7,1,335,1212633,1817403,15561369,0
8,1,1,1,1,86,14506,16,21,1,12,4242436,792079,32074130,1
2,0,0,0,1,64,4512,29,17,1,824,3371744,2059337,23644859,1
84,0,0,0,1,74,1214,10,4,1,896,2941432,2922500,27871007,0
25,0,0,0,1,62,17686,4,11,0,518,3092211,1302846,21157173,0
71,1,0,1,1,74,17987,5,22,1,768,672843,1697182,8540110,0
47,1,1,1,0,85,11762,13,28,1,571,1260530,423847,49799390,1
65,0,0,0,1,57,12791,15,17,1,948,3687045,2952528,18567320,0
69,0,0,1,1,14,18632,27,20,1,37,319367,993626,38282578,0
27,0,0,1,1,6,563,13,11,1,583,3463601,1545364,6775686,0
92,0,0,1,1,29,22893,0,20,1,104,1367426,2762354,39325889,0
25,0,0,1,1,42,13922,23,7,1,682,1123408,383053,10294165,0
24,0,0,0,0,5,15990,4,29,0,39,3690989,693222,26038826,0
11,0,1,0,0,84,10994,4,8,1,167,3982926,138790,6568918,1
4,0,0,0,1,94,3943,7,14,1,567,2934149,1125436,21310366,0
97,1,1,0,1,80,19567,13,2,0,686,3024889,1665710,15551088,1
47,0,0,1,1,77,14366,7,14,1,452,4355918,2823787,44051751,0
36,0,1,0,0,17,7129,8,27,0,565,1116430,1440511,29784518,1
78,0,0,1,1,75,2424,26,3,1,957,2139766,113271,36263202,0
43,1,0,1,1,5,15055,19,27,1,522,4307225,609635,48476006,0
99,1,0,1,1,35,10803,2,29,1,77,4005020,1600214,7723398,0
14,0,0,0,1,92,5841,9,15,1,775,387275,2419833,44653181,0
42,0,0,0,1,71,5514,15,24,0,931,3983934,2814621,45512531,1
47,1,0,1,1,60,1699,10,24,1,325,2407947,2088977,23719231,0
86,0,1,1,1,23,24537,1,18,1,338,2326308,1030867,25886174,0
69,0,1,1,1,8,3962,0,17,0,7,4739711,985902,14134740,0
45,1,0,1,1,32,6192,29,26,0,934,1248073,161402,5206921,1
42,0,1,1,1,48,14392,9,15,0,520,1641650,2256581,10381556,0
20,0,0,0,1,34,9537,20,11,1,871,4084327,1919109,30406209,0
22,1,0,1,1,40,17527,5,11,1,756,1507735,1867085,49213777,0
79,0,0,1,0,57,20675,7,22,1,893,550666,722066,28817273,0
46,0,0,0,1,63,12282,29,3,0,117,3872067,2690619,2640347,0
14,0,0,1,1,72,22496,30,14,0,939,3676678,851732,24570587,1
24,0,0,1,1,91,14049,5,18,1,810,218699,531430,23810196,0
35,0,0,0,1,79,10359,30,17,1,154,4628598,387962,39464481,1
74,0,1,0,1,8,14518,1,25,1,262,52393,2647716,44875766,0
50,0,1,1,1,15,17738,7,10,0,850,2469094,1746805,1706120,0
14,0,0,1,0,57,10765,20,29,0,826,1768567,252744,42729004,1
67,0,1,1,1,92,1990,28,27,1,358,2053674,1973783,37225738,1
20,0,0,1,1,58,8262,2,23,1,10,1951142,1226334,11946181,0
12,1,1,1,1,88,24434,29,22,0,329,2173442,2491963,18286135,1
85,0,0,1,1,49,15516,21,14,1,872,4317578,1312892,41049778,0
18,0,0,0,1,21,3423,11,15,1,268,3897902,1192805,48076643,0
33,0,1,1,1,68,1901,5,10,1,29,4360143,317725,28477987,0
77,0,0,1,1,62,21642,18,10,0,405,4443194,2330937,24256750,0
67,0,0,1,0,17,7752,6,20,1,21,3146348,2401452,26209227,0
51,0,0,1,1,85,19750,22,12,0,859,822414,1451994,31053386,0
26,0,0,1,1,55,18332,22,6,0,298,355098,498841,32530149,0
28,0,1,0,0,56,24116,23,30,1,844,1951398,795379,30092757,1
27,0,0,1,1,19,23817,26,14,0,285,4730343,1506594,17422418,0
34,0,1,1,1,8,5152,22,16,1,766,3773935,2889420,26753006,0
7,0,0,1,1,86,778,12,24,1,602,735808,1339507,28690739,0
15,0,0,1,0,13,17478,3,23,1,242,2889769,97074,12957129,0
35,0,0,1,1,71,8408,20,26,1,602,2386453,55914,46353571,0
29,0,0,1,1,95,4898,13,12,1,883,3070449,2917630,36159926,0
17,0,0,1,1,86,23693,3,3,1,604,4499126,376693,9432913,0
1,0,0,1,0,85,21366,17,0,0,526,4078510,1976554,12640109,1
48,0,0,0,1,78,16385,6,11,1,621,4812467,669113,43192159,0
76,0,0,1,1,61,13322,12,3,0,665,143687,905376,12790641,0
3,1,0,1,1,33,17152,2,0,1,679,3188584,1391009,39815290,0
89,1,0,1,1,51,14260,28,5,0,571,1708818,2036022,49665725,0
88,0,0,1,1,9,5267,16,23,0,200,1270500,2502653,19694376,0
93,0,0,1,1,74,6475,0,10,1,702,3550346,845920,20972347,0
74,0,0,1,1,68,11802,24,20,0,463,406824,7284,11401217,0
6,0,0,1,1,63,23446,10,24,1,155,4320979,1432564,39391095,0
94,0,0,0,1,39,1636,18,25,0,361,3761121,113500,7035488,1
73,0,0,1,1,9,21490,6,17,0,995,2707916,1485340,17739380,0
38,0,0,0,1,54,12773,24,27,0,645,1296148,1237872,21845831,0
12,1,0,0,1,64,135,13,17,1,132,2127370,1171752,40184057,1
30,0,1,1,1,19,23802,6,19,1,692,4983336,2124101,15643788,0
70,1,0,1,1,95,22675,26,5,1,341,1305886,1401974,10717059,0
62,1,0,1,1,28,19711,23,13,1,757,2962057,1857216,33632975,0
55,0,0,1,1,25,5367,21,5,1,340,1254396,2320446,22720455,0
41,0,0,1,1,6,21816,10,21,1,262,1334017,1653935,16769600,0
60,0,1,1,0,87,18962,18,14,0,285,2271754,198489,8229300,0
41,0,0,0,1,49,16363,15,21,1,695,4880808,2973915,42186277,0
55,0,0,1,1,86,1079,16,28,1,616,3357910,2846300,17134573,0
35,0,0,1,1,14,13694,25,0,0,579,751570,238120,12435126,0
83,0,0,1,1,49,3205,13,16,1,548,1852964,2355744,36014669,0
67,1,0,1,1,41,7245,23,28,1,401,1052127,1066049,2756937,0
6,0,0,0,1,27,14847,21,11,0,369,2557887,1109012,44266472,1
53,1,0,1,1,49,5453,14,29,1,37,1986710,1196064,47722194,0
0,0,0,1,1,45,653,17,30,1,177,645595,2864467,8383074,0
43,1,0,0,1,69,7538,11,2,1,89,3616078,1178596,33379159,0
44,0,1,0,1,65,12244,12,1,0,748,4706297,1226958,6785825,1
46,0,0,0,1,10,17142,25,22,1,995,2791235,1126737,10481077,0
12,1,0,0,0,69,20190,23,5,1,448,3181819,2074471,19099812,1
21,0,0,1,1,22,15940,3,4,1,185,2513764,280430,32088177,0
20,0,0,1,1,95,11938,9,7,1,661,4884046,338958,5886972,0
85,0,1,1,1,44,5010,8,1,0,706,491960,1426899,38600545,0
91,0,0,1,1,42,10018,30,26,1,761,2158012,1803463,41830394,0
8,0,0,1,0,49,13915,11,30,1,887,266457,1874203,33073408,0
25,0,1,0,0,21,18167,24,11,1,11,2114425,399536,21615153,0
8,0,1,1,1,94,7587,24,6,0,358,4710489,2859297,13739391,1
14,0,0,0,1,17,4929,3,13,0,145,3637452,2393452,10204785,0
9,1,0,1,1,14,11850,5,9,1,829,4462125,2795522,42539054,0
87,0,0,1,1,94,2758,13,19,0,991,1737098,1707030,10249311,0
41,0,0,1,1,35,16914,3,13,1,979,3037391,2722777,31378801,0
71,0,1,1,1,91,4499,25,10,1,669,4144716,1748245,16868978,0
23,0,0,1,1,54,15225,9,27,1,77,902385,2380852,25999593,0
79,0,0,1,1,88,20585,4,30,1,149,3768621,154843,37891840,0
48,0,0,1,1,27,8286,6,18,1,357,2350516,2095997,33596546,0
25,0,1,0,1,49,17453,6,0,1,837,3601709,2274001,2211544,0
90,0,1,1,1,95,16809,9,25,1,563,3086283,893678,28426469,0
36,0,1,1,1,83,6097,21,1,1,796,1954312,594918,19677586,0
67,1,0,1,0,42,13023,27,30,0,655,2598761,1579801,38869937,1
49,0,1,1,1,15,14221,25,22,1,987,3229495,2275408,21609930,0
23,0,0,0,1,12,4326,19,2,1,4,4564674,372790,971998,0
18,1,0,0,0,82,3911,30,26,1,678,630549,87828,15188618,1
99,0,0,0,1,17,1352,12,4,0,451,4982646,2905242,37258616,0
59,1,0,1,1,90,12776,27,10,0,504,309199,1630137,40082619,1
38,0,1,1,1,38,10641,28,18,0,669,39729,2463650,44805637,0
73,1,0,0,0,69,15957,14,6,0,779,1683917,1189827,27578057,1
88,0,0,0,1,79,18886,20,27,1,435,4354242,471971,37621953,0
17,0,0,0,1,14,15463,30,15,1,676,300152,495576,36358493,0
18,0,0,0,1,98,4424,4,19,0,987,4809277,1881019,12164021,1
35,0,1,1,1,80,13638,24,7,0,118,1551310,1346220,47164863,0
73,1,0,1,1,93,16236,29,25,1,103,1713752,2208402,18512689,0
96,0,0,0,1,40,11015,30,23,1,483,138962,2547388,13922491,0
54,0,0,0,1,8,4621,15,3,0,57,2364803,1095865,14042694,0
68,0,0,0,0,25,17473,26,11,0,389,6880,2823419,24765003,1
46,0,0,1,1,65,11828,5,17,1,784,4275247,1501930,32048894,0
48,0,0,1,0,98,21251,3,22,1,853,4289391,1637215,45599663,0
98,0,0,1,1,42,8510,5,13,0,665,4807428,1248097,21076602,0
97,0,0,1,1,80,20507,22,16,0,798,3850512,1169176,27018926,0
32,0,1,1,1,43,2882,22,28,0,51,4399956,2995706,47478201,0
20,1,0,0,1,93,13672,25,11,1,242,794800,906106,45532894,1
80,0,0,1,1,58,11140,15,8,1,771,3893999,1497485,15527169,0
21,0,1,1,1,66,13865,18,15,1,421,2389856,1193272,46875126,0
47,1,0,1,1,23,13433,5,20,1,71,2351404,1959205,15419004,0
36,0,0,1,1,6,14570,10,9,0,359,4358992,704056,27847221,0
14,0,0,1,1,26,12060,13,19,1,3,226520,2941141,44773878,0
34,0,1,0,1,98,21341,22,29,1,698,2732577,2144373,15853932,1
91,0,1,1,1,61,10041,14,19,0,105,2503184,454773,44407397,0
70,0,0,1,1,7,15443,0,10,1,584,324045,1365749,29352339,0
31,0,1,0,1,27,8355,3,27,1,661,2610909,2836786,24921197,0
10,0,0,1,1,8,8311,6,27,0,914,4882594,930145,3880443,0
9,0,0,1,1,32,24923,27,8,1,442,218473,1307346,29700527,0
72,0,1,1,1,82,22454,9,0,0,10,3851434,520751,9367945,0
77,1,0,1,1,74,516,0,15,1,532,1389298,471844,6104275,0
76,0,1,1,1,74,10422,13,3,0,680,1539075,816198,32615184,0
56,0,0,1,1,45,19459,23,21,0,488,1241179,2767491,43087349,0
24,0,0,0,1,41,8173,5,28,1,113,889706,2327714,9245940,0
1,1,1,1,1,11,3227,13,7,1,29,3437744,1739245,26101121,0
63,0,0,1,1,81,4904,21,1,0,625,2096283,940858,27876118,0
34,0,1,1,1,5,10648,18,13,1,350,3766741,1524580,32209909,0
6,1,1,1,1,92,14447,5,23,1,164,3317809,201412,24512059,1
84,0,1,1,1,38,998,19,8,1,32,3080664,1397450,2595828,0
17,1,0,0,1,56,15896,24,30,0,326,742373,1944182,48620336,1
66,0,0,1,1,14,21762,28,23,1,637,4509669,714234,25135710,0
41,0,1,1,1,64,24138,19,13,1,915,301220,628116,8244328,0
38,1,0,0,1,10,11634,5,13,1,351,3790736,1590183,23650600,0
40,0,0,1,1,72,10208,10,20,1,865,3584627,522720,30451933,0
74,0,1,1,1,76,16567,28,29,1,452,3832754,67091,36643913,1
23,0,0,1,1,52,10068,30,11,0,843,3938132,1491948,44631963,0
59,1,1,1,1,83,23449,28,10,0,966,2875764,847227,15328631,1
45,0,0,1,1,49,1472,29,0,1,140,528500,487818,39792987,0
18,0,0,1,1,16,24038,28,21,0,37,2204270,2454892,11304927,1
67,0,0,1,0,74,10802,21,0,0,686,2919027,2524018,13879016,0
89,0,0,1,1,25,12785,10,10,0,31,4880272,2327244,42210397,0
41,0,0,0,1,95,17178,16,19,1,913,1568958,2102482,15726907,1
31,0,0,1,1,79,5667,19,24,1,644,1564425,644218,2508881,0
38,0,1,1,1,90,5247,8,14,1,655,4903667,283244,39951683,0
35,0,0,1,1,40,21870,13,27,1,230,2464299,1363689,12438993,0
100,0,0,1,1,91,24833,26,20,0,685,2763659,2443119,16638273,1
96,0,0,1,1,27,15683,25,22,1,140,2763864,2957263,23324443,0
35,1,0,1,1,59,1640,5,8,0,586,3865234,1047193,5845204,0
2,1,0,1,1,31,10708,27,19,1,262,4599114,2973265,35556827,1
72,0,0,1,1,24,15471,3,20,0,150,4320371,2461170,44731568,0
7,0,0,1,0,19,735,6,21,0,830,327501,2617830,37547081,1
96,0,0,0,0,46,7159,29,16,0,297,2819606,390243,28092057,1
69,0,0,1,0,8,23692,9,9,0,991,3251643,2449764,3556676,0
40,0,0,0,1,33,10625,6,30,1,912,2857664,42736,10927990,0
67,0,0,0,0,59,19877,4,14,0,968,3263829,16217,15573239,0
12,0,0,0,1,79,2701,3,11,0,743,2418014,533166,22732480,1
48,1,0,0,0,53,23473,14,4,1,174,3594462,824550,25973785,0
59,0,0,1,1,75,10351,3,13,1,446,2158440,17523,34169928,0
1,0,0,1,1,79,14292,14,9,1,442,4611625,2807043,49178846,0
59,0,0,1,1,58,4162,6,19,1,932,4178804,1416765,38420302,0
4,1,1,0,1,37,11466,5,0,1,899,3862609,2997759,17812184,1
43,0,1,1,1,98,4536,3,29,1,29,4963900,1206241,34828777,0
26,0,0,1,0,41,15112,18,15,1,643,2731309,2710476,4754385,0
31,0,1,1,1,81,18905,1,3,1,819,3273767,1726739,23218481,0
20,0,0,1,1,11,20651,14,4,0,266,1191594,702995,24192219,0
7,0,0,1,0,28,18358,19,8,1,558,784153,2865022,9172512,0
71,0,0,1,1,59,18473,22,16,1,736,1743878,1835526,17057915,0
49,0,0,0,0,15,9397,29,5,1,597,4441541,2671862,40721381,0
66,0,0,0,1,99,21495,1,23,1,134,276557,1931332,41293437,0
43,0,0,0,1,82,10346,12,24,1,108,3765918,2609908,35511780,0
57,1,1,0,1,48,8340,27,26,0,672,4123840,1989474,25406991,1
2,0,0,1,1,94,19421,24,4,1,620,3635131,1156588,36975986,0
85,0,0,0,0,69,24783,13,17,1,732,50899,2026578,12264821,1
69,0,0,1,0,10,1454,8,16,1,196,3654325,517905,2998376,0
1,0,1,0,1,35,14179,15,20,0,222,3529761,2179055,1756700,1
86,0,0,1,1,47,22669,21,10,1,874,4928558,1586820,28079774,0
43,0,0,1,1,16,10614,8,2,1,511,2932717,1128704,31917401,0
1,1,0,0,1,69,4643,16,5,0,445,3722763,71664,28020615,1
80,1,0,1,1,56,9494,21,8,1,209,4207828,194854,39434874,0
34,0,0,1,1,74,22609,2,12,0,832,1594146,901958,37348711,0
97,0,0,1,1,97,20412,21,26,1,503,1594049,590109,29411081,0
86,0,0,1,1,34,24888,4,0,0,960,4032925,1997915,41589020,0
29,0,0,1,1,81,7594,11,29,1,732,4316205,915384,47972074,0
7,0,0,1,1,98,18420,4,14,0,551,4867081,801994,14989055,1
21,0,0,1,1,80,7385,13,19,0,842,1856146,2116934,21508181,0
43,1,0,1,1,78,12016,16,3,1,513,4970391,2880711,12491231,0
57,0,0,1,1,59,15241,29,27,1,691,1981977,807618,36440020,0
35,1,0,1,1,43,14632,4,22,0,607,2915565,80304,38486196,0
68,1,1,1,1,78,12465,12,1,1,250,4815215,2652483,49367593,0
76,1,0,1,0,86,4320,26,15,0,736,3653472,1875253,16701758,1
92,0,0,1,1,10,5245,21,23,1,822,678191,2934645,40036768,0
30,0,0,1,1,60,8345,14,28,0,404,701057,2337773,40817117,0
46,0,1,0,1,12,23873,30,5,1,349,955517,285667,22697670,0
54,0,0,0,1,88,20013,16,19,0,293,3935316,1119746,2176037,1
79,0,0,0,1,59,11496,9,14,1,121,3444657,65878,21051702,0
61,1,0,1,1,20,22773,15,18,1,698,2960852,872984,1829486,0
29,0,0,1,1,6,1897,28,25,1,217,3557679,270149,7496840,0
54,1,0,1,1,68,12766,29,27,1,998,4261691,1138319,32106360,0
15,1,1,1,1,15,23385,22,6,1,513,244648,177664,10273921,1
11,0,0,0,1,92,23233,28,24,1,566,2277276,1826995,25320818,1
16,0,0,1,1,87,18406,15,10,0,975,775430,2390172,14656905,0
15,0,0,1,1,8,1337,16,17,1,482,174437,2190401,23303352,0
11,0,0,1,1,7,22006,6,7,1,87,316285,2379479,38890098,0
7,1,0,1,1,19,19224,10,1,1,477,2066995,559804,15689789,0
83,0,0,1,1,72,6040,13,26,1,626,4118148,2031432,784876,0
2,0,1,1,1,47,22686,11,11,1,909,2969897,203539,37046828,0
15,0,0,1,1,85,14921,8,21,1,258,1513753,2119094,23744747,0
29,0,0,1,1,13,23006,6,29,1,552,2850675,2340061,26067363,0
22,0,0,1,1,29,8336,13,7,0,507,1531446,1005282,20507732,0
91,1,0,0,1,69,4925,15,0,0,440,1039153,2495449,38439881,1
4,0,0,0,1,70,20508,27,6,0,325,2496783,1600707,23971883,1
83,0,0,0,1,59,19039,9,8,1,22,467473,592597,18682542,0
64,0,0,1,1,49,4246,30,21,1,59,2746114,906952,26970447,0
29,0,0,1,1,37,14307,27,21,1,823,4796837,2397982,37047209,0
20,0,0,0,1,26,12703,4,8,0,271,816269,2816879,32496961,0
83,1,0,1,1,46,11984,18,30,0,121,3574654,442610,34047530,0
69,0,0,1,0,80,44,6,1,1,717,3321053,2705055,46895211,0
21,0,1,1,0,31,7820,21,3,1,119,1114876,1794422,26676405,0
81,0,0,1,1,15,14060,23,13,1,158,1637939,334625,25696418,0
71,0,0,1,1,46,23928,29,13,0,665,4540253,64217,31309564,0
31,0,0,0,0,82,4761,7,26,1,341,1386057,1750854,4587158,1
32,0,0,1,1,82,13750,9,7,0,849,74825,990020,37764740,0
15,0,0,1,1,26,21145,26,20,1,996,1333319,869345,28355557,0
75,1,1,1,1,13,3787,21,8,1,423,2615194,439179,22386851,0
37,0,0,1,1,83,24410,22,2,1,34,3113702,573831,48088411,0
97,0,0,1,1,61,3759,2,21,1,489,3476196,2438952,29490808,0
13,0,0,1,1,87,12321,13,21,1,610,3960293,712339,35514283,0
35,0,0,1,1,35,19423,19,18,1,177,2595416,428586,43601318,0
96,1,0,0,1,22,20923,22,5,0,949,2272663,315845,38315457,1
22,1,1,1,0,16,2272,21,0,0,550,2209624,1097626,49285540,1
65,0,0,1,1,44,16757,2,20,0,562,3897163,1200925,23182035,0
84,1,1,1,1,49,18908,14,17,1,699,653976,704906,35127896,0
1,1,0,1,1,53,17218,9,7,1,502,2263755,1823441,47944009,0
90,1,0,1,1,5,22773,6,6,0,486,4338658,790969,1545444,0
72,0,0,1,1,11,17540,18,6,1,574,4872915,2755084,40704703,0
64,0,0,0,1,6,16991,9,9,1,666,3946459,1101717,9585256,0
74,0,1,1,1,90,10714,28,3,0,578,1269263,1156638,29206191,1
66,1,0,1,0,8,7255,13,29,1,866,4142745,716827,19728864,0
51,0,1,1,1,49,9473,7,17,0,102,3968748,2921291,32579277,0
61,0,0,0,1,50,3695,28,18,1,745,2178712,2731849,42334153,0
22,0,0,1,0,88,21850,22,30,1,510,271787,63244,4232125,0
25,0,1,1,1,71,2130,19,30,1,190,1244446,1140309,15168612,0
67,0,0,0,1,13,23367,0,9,0,612,2476237,1685914,37401682,0
81,1,0,1,0,86,13041,5,19,1,874,645510,381856,19722960,0
54,0,0,1,1,61,24087,14,18,1,820,1784453,1718027,42000613,0
5,1,1,1,1,20,16627,4,2,1,190,3620640,2001799,42877878,0
34,0,0,0,1,55,1310,13,28,1,738,3670576,2859504,42361155,0
21,0,0,0,1,56,18860,8,29,1,877,99588,1840657,14278470,0
42,0,0,0,1,13,18394,25,16,1,324,94725,2133466,48309614,0
14,0,0,0,1,87,8624,30,30,1,843,3841210,859844,36176002,1
85,0,0,1,1,10,18466,5,0,1,938,3964316,1100477,21922313,0
59,0,0,1,0,48,1461,0,23,1,141,341509,431717,9690586,0
100,0,0,1,1,83,21700,18,7,1,615,267255,584976,2589779,0
11,0,0,0,1,10,15500,14,16,1,932,2877865,1054273,37457652,0
48,0,0,1,1,9,4013,1,3,1,886,4159410,1385139,41180815,0
41,0,0,0,0,97,22649,18,1,0,453,2995588,2217708,35839010,1
37,0,0,1,1,50,4746,16,16,1,871,3769986,598898,13980421,0
81,0,0,0,1,31,12323,10,1,0,75,4358804,1037578,46515694,0
44,0,0,1,1,49,539,17,0,1,283,1777709,2052250,1493418,0
34,0,0,0,0,45,941,23,4,1,259,2153805,2926110,48103457,0
29,0,0,1,1,94,24207,13,30,1,379,3824294,807602,4653689,0
87,0,1,1,1,32,20180,18,25,1,429,3281981,835943,31509396,0
29,0,0,1,1,58,5045,8,30,1,638,2497232,1258483,39936614,0
77,0,0,1,1,36,9777,10,30,1,988,244555,670430,19825716,0
5,0,0,1,0,93,19495,10,27,1,291,2961955,1232467,27822137,1
66,0,0,0,0,57,14163,3,29,1,677,2144758,2196547,49626281,0
79,1,1,1,1,75,1475,17,5,1,910,2030768,2770041,14648922,0
6,0,1,1,1,34,3520,11,11,1,797,2800318,24868,25710307,0
51,0,0,1,1,57,6317,22,23,0,756,3520467,1074329,33819357,0
13,0,0,1,1,35,4440,8,9,1,869,1112686,2173885,6785398,0
72,0,0,0,1,16,10663,4,7,1,895,3879107,266854,40941881,0
14,0,0,0,0,13,599,0,13,1,574,2185286,2936387,14532404,0
20,0,1,0,1,71,5472,24,3,0,721,4452943,2082884,10378109,1
34,1,0,1,1,41,24346,8,18,0,398,2882598,1523621,33995435,0
65,1,0,1,0,32,18724,6,27,0,415,1635249,814905,29222477,1
90,0,0,1,1,90,14709,0,4,1,816,330961,430703,44145840,0
1,0,0,1,1,30,14599,19,23,1,500,4810976,2521893,11101059,0
34,0,0,0,1,87,16007,16,20,1,806,4175323,2172872,42765383,0
81,0,1,1,1,25,3479,2,25,1,695,2987036,1507435,3264049,0
77,0,0,1,1,14,180,22,6,1,504,812157,1572532,8078162,0
19,0,1,0,0,84,4308,0,19,1,5,1707342,2242959,48528743,1
81,0,0,1,1,28,22154,23,1,1,402,1392700,2806564,151467,0
9,0,0,1,0,29,4385,12,24,1,850,3591548,2673641,40930671,0
24,1,0,0,1,56,413,25,10,0,655,50497,1438940,2134422,0
65,0,0,1,1,94,3537,19,9,1,435,776785,83938,15272253,0
24,1,0,0,1,5,2075,19,17,1,68,3923301,413195,44193054,1
53,1,0,1,1,57,24063,27,1,1,742,4733349,122734,38759622,0
32,0,0,1,1,72,9347,11,13,1,437,2959899,2656677,18121240,0
35,0,0,1,0,82,18296,16,23,1,885,3503820,441566,10431560,0
94,0,0,1,1,28,9965,20,9,0,489,1217707,869493,607220,0
13,0,0,1,1,31,21084,7,5,0,265,1487843,2503724,42549763,0
64,0,0,1,1,31,21910,23,20,1,763,4081145,367273,2948917,0
79,0,0,1,1,92,4594,29,2,1,380,2309712,594053,38804765,0
53,0,0,1,0,69,14777,22,22,1,403,4621324,74863,47744737,1
51,0,0,1,0,43,6341,22,15,0,409,22066,1065336,3644728,0
2,0,0,1,1,81,21667,23,7,0,689,1431789,2594975,14534611,1
98,0,0,0,1,88,133,23,8,1,212,4232200,1220157,1025290,0
40,0,0,0,1,40,14226,14,10,1,590,2950012,2735469,21032594,0
5,0,0,1,1,80,23870,16,15,1,955,2069718,642675,20609029,0
24,0,0,1,1,73,8808,1,1,0,904,256667,218930,20650282,0
12,0,0,1,1,9,12419,9,23,1,457,2318713,317306,38358300,0
97,0,0,1,1,85,19315,23,30,0,277,739704,1425229,32726128,0
7,0,0,1,1,14,9296,0,4,1,98,1043056,2640376,5913171,0
20,1,0,1,0,20,18545,24,0,0,936,3405366,59552,29854514,1
97,0,0,1,1,92,19107,24,29,0,313,4707076,1374606,46517794,0
67,0,0,1,1,97,24317,12,25,1,246,1717355,493683,39685947,0
24,0,0,0,1,57,15740,11,22,1,59,1366207,292637,19985273,0
78,1,1,1,0,18,12970,14,29,1,361,595315,809070,47420,0
67,0,0,1,0,78,13482,9,14,0,205,2438821,484663,16827142,0
44,0,1,0,0,33,13186,1,6,0,922,3735723,878456,13536992,0
59,0,0,0,1,32,1725,27,15,0,682,4115949,2637276,776071,0
11,0,0,1,1,21,3469,21,25,1,888,1322260,735320,43647986,0
31,0,0,0,1,73,13375,30,11,1,109,1276598,215086,1705696,0
95,0,0,1,1,70,10701,14,18,0,187,1066040,1763588,21489248,0
91,1,0,1,0,40,6904,19,14,1,229,1569024,1030329,16545704,0
12,0,0,1,1,50,1899,9,26,1,158,2380882,2457148,46418552,0
30,0,1,0,1,49,21050,22,2,0,687,1270365,815364,35143255,0
77,0,0,1,1,13,18289,30,19,0,61,1174851,2636488,34859907,0
19,0,1,1,1,40,2937,1,20,1,212,3589537,1110619,42421629,0
17,1,0,1,0,9,19087,12,20,1,135,750470,1209029,34637448,0
92,0,0,1,1,83,15146,9,4,1,310,4923732,2096180,10491458,0
59,0,0,1,1,77,5262,16,14,0,748,1135632,455487,42010364,0
62,0,0,1,1,93,13276,15,21,1,20,4663707,2651779,38450914,0
5,1,0,1,1,54,20635,14,16,1,272,4671643,2062315,33631320,0
31,0,1,1,1,32,21644,24,15,1,514,3394021,538823,14113933,0
92,0,0,1,1,31,11627,11,15,1,906,4277003,1092662,19133089,0
42,0,0,0,1,51,18955,27,22,1,233,395161,1995163,3159877,0
1,0,0,1,0,37,13386,8,11,1,756,3330996,1099451,45697339,0
59,1,0,1,1,42,1836,11,3,1,611,2300667,525553,43978125,0
22,0,0,0,1,12,19900,24,28,0,171,3400239,2802243,1329362,0
82,0,0,1,0,8,21325,20,4,0,156,4274267,2329135,26114187,0
30,0,0,1,1,40,7212,11,23,0,266,4907655,2917570,38775914,0
4,0,0,1,1,35,12625,18,28,1,717,598637,2120002,27996209,0
82,0,0,1,1,78,18869,21,7,1,534,2369077,4231,36209183,0
33,1,0,1,1,53,11046,25,11,1,930,189577,1799235,45268550,0
9,0,0,1,0,45,12205,16,4,1,144,4023987,1761030,49199111,0
88,1,0,1,1,12,6487,15,10,1,72,1150218,1520259,6629311,0
1,0,0,1,1,34,5427,29,28,1,761,1457058,1279027,22885006,0
10,0,1,1,1,18,19578,9,18,1,980,2363090,1449291,12258349,0
49,0,1,0,1,49,4731,23,9,0,74,2165025,2859927,29782835,0
30,0,0,0,1,50,11792,9,23,1,567,471988,2811888,5873881,0
55,1,1,1,0,71,10646,19,17,0,448,2250498,943190,19788070,1
78,1,0,1,0,97,12831,1,11,0,861,3833744,1970350,8268908,1
72,0,0,1,1,20,20546,26,8,0,369,4908037,1700259,37135176,0
86,0,0,1,1,14,19638,19,21,1,882,4262280,1917152,24429820,0
82,0,1,0,1,72,17087,29,9,0,372,3025382,1764642,39602158,1
8,1,0,1,1,56,3083,0,19,1,949,1743645,1714758,9164983,0
98,1,1,1,1,54,22993,15,19,1,682,2692838,2657455,26207631,0
20,1,1,1,1,72,15170,9,18,1,414,3664775,27799,17258944,0
72,0,0,1,1,6,3550,14,26,1,828,726481,2638128,31747438,0
27,0,0,1,1,79,18013,25,20,1,636,4813252,4390,30882528,0
61,0,0,1,1,83,20308,28,5,0,728,3080715,700463,27638321,0
6,0,0,1,1,79,3883,23,9,1,770,4660157,572946,31348648,0
79,0,0,0,0,91,14901,14,18,1,802,531116,876037,22756967,1
15,0,0,1,1,98,16958,5,8,1,42,1773971,2705162,6461276,0
96,0,0,0,1,64,12231,16,29,0,789,3175122,1707671,49433761,1
3,1,0,0,1,54,8697,12,15,1,290,1600456,1871509,27867281,0
3,1,0,1,1,5,10087,0,7,0,288,1862931,1670311,23461469,0
39,0,0,1,1,41,15701,17,11,1,926,4020016,2310284,42144477,0
16,0,0,1,1,27,12110,22,21,0,320,47255,1174369,20491132,1
100,0,0,1,1,53,17034,1,4,1,846,314930,2022292,1337242,0
51,0,0,1,1,86,16556,2,10,1,787,2237162,2949290,15016600,0
92,1,1,1,1,78,4356,27,18,0,798,3690457,508306,12102995,1
51,1,0,1,1,68,7714,10,2,0,186,4449566,2193062,7176495,0
35,0,0,0,1,21,20818,24,23,0,425,1508939,1950353,24532107,0
37,0,1,0,0,75,10367,0,21,1,283,4474312,2237952,8372095,1
49,0,0,1,1,19,4474,24,25,1,272,3762337,102328,14387189,0
62,0,0,1,1,55,9340,5,30,1,537,2177440,2962193,2503436,0
100,0,0,0,1,31,20102,15,14,1,118,1194457,1961340,15662659,0
62,1,1,1,1,13,12492,14,29,1,89,65527,578918,36712959,0
61,0,1,1,0,68,23143,8,26,1,856,2992419,133049,23353215,0
98,0,0,1,1,67,16531,11,21,0,957,1538709,586597,23757549,0
6,0,0,0,1,89,9885,9,19,1,451,3059759,2422636,49459526,1
26,1,1,1,1,57,7116,26,2,1,344,506088,2844829,4755523,0
91,0,0,1,1,97,23636,23,30,1,523,2334172,1647094,17175408,0
85,0,0,1,0,46,15384,6,21,1,672,4455780,330424,4815470,0
13,0,0,0,1,74,15741,9,0,1,343,4576274,2851953,11742958,1
70,0,0,0,1,93,4261,6,10,1,332,1398847,126412,34842830,0
100,0,0,1,1,39,1068,5,12,0,505,1464772,1884023,28553616,0
85,0,0,0,1,21,4624,12,4,0,103,206964,463158,17328599,0
4,0,0,1,1,48,20671,10,6,1,981,3026081,2992717,37849926,0
54,1,0,1,1,95,8371,29,30,1,165,4558728,578014,3808744,0
1,0,0,0,0,47,10746,23,0,1,308,2341941,1406771,7973508,0
61,0,0,1,1,93,21807,24,12,0,162,270513,223397,14209279,0
90,1,0,1,1,80,22236,7,30,1,85,2355430,1305252,11796805,0
20,0,0,1,1,48,20297,24,9,1,218,4271543,1761771,31653353,0
78,0,1,0,1,42,7234,4,30,1,356,3591020,2780012,5307623,0
20,1,0,0,0,45,16005,2,27,1,241,309487,1154186,23574002,1
9,0,0,0,1,29,16075,3,19,1,434,2509223,523427,7277211,0
86,0,0,1,1,53,3061,3,17,0,507,487727,124126,42224092,0
57,0,0,0,1,64,3676,24,12,0,930,590150,2755405,41860959,1
38,0,0,1,1,6,2770,8,0,1,393,2290143,1634613,46395337,0
4,0,0,1,1,69,20229,0,16,0,978,3710204,1424370,7678700,1
64,1,0,0,1,7,1370,29,11,0,810,1401118,2587853,38871705,1
12,0,1,1,1,97,8624,14,22,1,295,1244991,1860531,45933961,1
84,0,0,1,0,18,20367,12,5,0,30,1874755,1119160,45204672,0
89,1,0,1,1,49,2839,30,6,1,387,935987,1231186,31824815,0
84,0,0,1,1,38,14819,4,0,1,626,3878527,2675708,14249471,0
52,0,0,1,1,90,155,17,30,1,120,1751956,537178,37956762,0
81,0,0,1,1,40,2383,4,9,0,380,751619,2336315,10753447,0
100,0,0,1,1,19,239,10,27,1,642,4931897,2642,1884507,0
44,0,0,1,1,41,10071,20,2,1,893,3788534,793587,29119519,0
31,0,0,0,1,14,5398,2,6,1,377,3181187,919316,19363930,0
35,1,0,1,1,13,21074,3,9,0,707,3745807,2349459,38625645,0
80,1,0,1,1,54,24443,6,9,1,591,311248,1649456,46901872,0
98,1,1,1,1,39,19059,25,8,1,489,2659635,24224,44241328,0
59,1,0,0,1,50,15081,28,5,1,963,3827589,1689049,38836820,0
10,0,0,1,1,85,19987,3,23,1,633,519024,2952059,26176459,0
62,0,0,1,1,51,12068,2,8,1,998,2878497,964886,29932593,0
20,1,1,0,1,22,2839,9,22,0,491,1930065,105604,40622623,1
51,0,1,1,1,29,19730,19,8,1,994,4116980,340975,48710594,0
54,1,0,0,1,39,24210,10,26,1,657,2905147,889689,4961916,0
25,0,1,1,1,84,17635,17,9,1,703,152826,1608706,18316672,0
67,0,0,1,1,55,5058,0,28,0,643,2486183,1563399,46965272,0
33,0,1,1,1,93,3305,20,3,0,583,4671642,1258534,1618671,1
51,1,0,1,1,59,9586,8,24,1,95,433401,75860,49159210,0
81,0,0,0,1,20,19756,24,15,1,778,3089339,852792,4320381,0
98,0,0,0,1,92,15523,16,24,0,115,3841170,330505,35293119,1
92,0,0,0,1,16,17782,11,1,0,867,3139429,2075729,10973869,0
51,0,0,0,1,63,24691,0,10,1,988,119206,1544465,21025549,0
28,1,0,0,1,77,22146,23,8,1,55,4985138,2747686,42550494,1
37,0,0,1,1,41,11852,22,2,1,759,2961186,844928,43181930,0
41,0,0,0,1,36,18215,6,26,0,660,4413874,2328470,44249765,0
20,0,0,1,1,61,8486,13,6,1,641,3995723,1792287,7470757,0
41,0,1,1,1,87,605,8,12,0,554,4729810,2293992,40869378,0
12,0,1,1,1,26,11085,11,26,1,781,4608634,1334374,5783079,0
63,0,1,0,1,49,12823,20,12,1,8,4576904,2278357,28594141,0
16,0,0,1,1,87,13174,7,27,1,280,4341583,2718755,4945973,0
8,1,0,0,1,16,9264,6,18,1,790,740030,1851282,5056672,1
40,0,0,1,1,86,11550,13,27,0,475,1305006,448107,6632646,0
0,0,0,0,1,9,6665,1,10,0,687,4641132,1133775,27919043,1
1,0,0,0,0,30,13504,1,28,0,545,3086807,980251,23043879,1
59,0,0,1,1,95,7887,28,4,1,828,1931358,2232368,1524476,0
47,0,1,0,1,24,22178,19,15,1,538,787426,1640921,21679298,0
28,0,0,1,1,65,13061,16,27,1,172,2143028,767159,7097118,0
96,0,1,1,0,12,6894,9,1,1,387,4978744,2288560,30608643,0
9,0,0,0,1,66,14818,20,9,1,60,2788495,1677673,17629611,1
57,0,0,1,1,58,12763,4,9,0,990,4495349,296109,32301597,0
59,0,0,1,1,84,22443,0,18,0,102,2033316,2835864,1520538,0
20,0,0,1,1,62,11362,4,25,1,650,1070770,63485,5339408,0
27,0,1,1,1,70,19999,3,19,0,902,1840871,55209,8651936,1
74,0,0,1,1,49,12599,11,25,1,273,4817557,164834,8116712,0
33,1,0,1,1,69,7297,13,27,0,187,1215473,2205053,30604881,0
7,0,0,0,1,9,17089,25,27,1,903,2160982,2597935,43451857,0
58,0,0,1,1,35,15063,10,5,1,398,3463189,2379928,34214671,0
85,0,0,1,1,27,19438,20,26,1,354,3305168,2514592,15295748,0
71,1,0,0,1,25,18340,3,21,0,632,4869445,1738763,37027292,0
48,0,0,0,1,16,14461,24,15,1,750,4426654,1252135,7257434,0
78,1,0,0,0,8,19116,8,12,1,966,4701977,769083,16488044,0
16,0,0,1,1,41,14745,2,18,1,929,2630355,2330171,43016538,0
59,1,0,1,1,79,9885,2,2,0,338,2036279,2778736,41808002,0
86,1,0,1,1,13,18200,2,8,1,454,4398690,2221862,47944956,0
87,1,0,1,1,30,24535,6,9,1,274,3477621,1674328,41312682,0
44,0,0,0,1,31,8311,0,15,1,350,2196229,2016016,24502459,0
82,0,0,1,1,97,10449,12,17,1,964,4852203,2202718,2132157,0
68,0,0,1,1,66,24519,3,3,1,921,3988238,753149,18186094,0
31,0,0,1,1,54,2649,24,20,1,238,3032701,911515,25214792,0
43,1,1,1,1,93,15108,11,23,1,195,1767166,2811530,16296730,0
64,0,0,1,0,86,13541,7,23,0,430,4878699,2867908,1917236,0
86,0,0,0,0,98,3893,18,21,1,453,3940397,2236792,24275671,1
100,0,0,1,1,76,20119,23,15,1,238,1854861,1912397,45920671,0
7,0,0,1,1,6,24658,5,17,0,883,3882968,2236751,27457892,0
76,0,0,1,1,90,21367,9,25,1,936,4337185,1252847,12138063,0
71,1,0,1,1,89,19158,12,30,0,442,4852424,304034,10355735,0
86,0,0,1,1,30,10684,29,28,1,773,3326913,2441298,29237298,0
42,0,0,1,0,97,3999,26,9,0,586,4921910,1608896,32985820,0
0,0,1,1,1,73,12007,2,0,1,557,2383100,1297629,11153308,0
50,0,0,0,1,50,601,27,22,0,742,2047846,2623829,45828116,0
23,0,1,1,1,82,12412,8,9,1,950,2213462,1250496,26173954,0
98,0,1,1,1,67,8226,9,16,0,596,4701854,891059,49543203,0
23,0,1,1,1,74,22714,12,26,1,576,4711227,950699,37816505,0
16,0,0,1,1,27,5408,15,18,0,362,3719511,512044,49264373,0
4,0,0,1,1,21,10542,22,15,1,717,2236463,252637,43740715,0
19,0,0,1,0,92,5349,7,24,1,123,2503726,850678,17356767,0
20,1,0,1,0,68,3909,25,5,1,180,4750504,2649249,11797615,0
57,1,0,1,1,33,9632,10,7,1,490,1648106,691584,24811034,0
30,1,0,1,1,56,9770,1,29,1,513,2864035,525759,45555409,0
99,0,1,1,1,98,6847,28,15,1,734,1321485,803717,29369043,0
10,1,0,1,1,28,14896,18,11,0,484,3461965,147892,37912266,1
51,1,0,0,1,39,23714,28,8,1,173,725705,1887847,21076444,0
14,1,0,1,1,51,9314,22,15,1,102,1607983,1408922,26108948,0
82,0,1,1,1,55,12400,1,6,1,968,4956250,2365637,38542230,0
6,0,0,0,1,6,18270,5,7,1,585,1311068,2811009,33478876,0
27,1,0,1,1,25,24064,15,19,1,489,541696,1192784,31591630,0
50,0,0,1,1,44,14020,15,4,0,958,3579651,717598,14668919,0
57,0,0,0,0,73,16552,6,28,0,46,4486622,1975715,30150249,1
4,1,0,1,0,39,743,10,22,1,417,4064704,366465,33906185,1
4,0,0,0,1,48,20848,26,8,1,933,4502756,2509634,7445143,0
93,0,1,1,1,39,2038,15,7,0,188,4804919,449934,6489571,0
95,0,0,1,1,87,23237,5,22,0,631,2878948,2575811,15298304,0
7,1,0,1,1,84,17158,4,19,1,305,843873,996251,36119058,1
63,0,0,1,1,29,15222,8,15,0,582,3503954,646453,18408341,0
9,0,1,1,1,84,201,2,10,1,145,3790668,273129,7588240,0
37,0,1,1,1,35,24829,20,0,1,246,2580311,2587478,40764386,0
95,1,0,1,1,85,7147,28,16,1,791,4716789,44390,36910711,0
91,0,1,1,1,89,17494,20,11,1,677,3187857,2287115,6069467,0
80,1,0,1,1,56,16224,7,4,1,66,3364056,1039281,40291025,0
94,1,0,0,1,39,20446,7,13,1,338,1910366,1187721,20628728,0
7,0,0,0,1,27,8982,16,6,0,486,3013272,1096803,35864264,1
24,0,0,0,1,53,17187,29,26,1,348,2425487,1052950,26591347,0
72,0,0,1,1,20,21492,5,27,1,526,3405110,1368574,41097667,0
65,0,0,1,1,62,10982,11,23,1,767,4440387,2333821,10574900,0
78,0,1,1,1,54,8292,5,6,1,214,3478244,2775857,4500236,0
49,1,0,1,1,82,6721,14,3,0,897,1932178,2733855,34495735,0
66,1,0,1,1,68,1651,10,14,1,619,950438,2338247,47539267,0
48,0,0,1,1,56,3368,9,26,1,810,2938062,2392996,46382360,0
35,0,0,1,1,44,3866,28,29,1,367,2364338,1417121,19294840,0
67,0,1,1,1,58,8637,1,6,1,937,2475330,1922978,20872636,0
77,0,0,1,1,89,1926,20,21,1,167,3683965,2089518,21764070,0
40,0,1,1,1,21,15261,28,23,0,172,1327413,1857949,30444681,0
88,1,0,1,1,8,16440,5,8,1,968,4167672,1659235,13517726,0
61,1,0,1,1,84,24576,18,0,0,219,2109726,69300,28263553,1
9,0,0,1,1,60,2364,16,1,0,330,2175776,2141857,28377401,0
20,1,0,0,1,34,16507,8,7,0,418,1739167,2100646,6439782,0
35,0,0,1,1,38,1091,1,30,1,950,2448270,887752,1673587,0
11,0,0,0,1,90,20533,3,6,0,174,2215273,2272128,6673408,1
90,0,0,1,1,48,11504,24,22,1,289,2060579,1869046,44682114,0
1,0,0,1,1,97,14100,8,2,1,752,4068485,2056654,2837620,0
12,1,0,1,1,73,23544,7,6,0,571,141572,87000,15649563,1
52,0,0,0,1,69,13333,29,19,1,165,142926,248260,16683331,1
31,0,0,1,1,57,24979,3,25,1,520,4803545,1509972,9749447,0
94,0,0,1,1,93,15062,0,15,0,926,3682619,2267978,30579809,0
15,0,0,1,1,74,1599,10,25,1,20,3065415,2935506,2681543,1
31,0,0,1,1,91,24107,10,1,0,705,498122,2546981,13741897,0
31,0,1,1,1,37,4865,6,0,1,631,4134780,1412716,9993156,0
97,0,1,1,1,82,9639,17,7,0,561,1010420,1745164,44902061,1
10,0,0,1,1,40,6040,7,4,1,455,3173748,381623,5474241,0
9,0,0,1,1,22,1535,29,9,0,255,3171525,2061230,44436459,0
14,0,0,0,1,55,13969,14,3,0,826,619693,1586612,32226971,0
16,0,0,1,1,61,12653,25,29,0,843,2930100,154778,14023895,1
39,0,1,1,1,48,22961,9,8,1,103,3122272,2212494,5244912,0
17,1,1,0,1,14,4605,13,13,1,958,4284345,716258,45691101,1
54,0,1,1,1,43,23839,26,28,1,135,1734457,2191339,21042256,0
72,0,0,1,1,60,5609,1,20,0,765,4509374,725144,6805840,0
24,0,1,1,1,53,20704,9,9,0,420,3389559,2048529,12813386,0
58,0,0,1,1,62,8945,18,17,1,724,555392,100844,12474474,0
77,0,0,1,1,80,10743,14,24,0,97,4647651,1384826,3961815,0
88,0,0,0,1,27,2175,21,25,0,751,3432593,248706,33666265,1
21,0,0,1,1,11,23098,19,22,0,571,104323,2190981,30673955,0
29,0,0,1,1,49,9856,1,8,1,930,4963588,1106251,41253707,0
83,1,0,0,1,93,11709,16,4,1,764,291613,2393478,27556724,1
84,0,0,0,1,59,21963,2,22,1,471,2632002,2306612,21426768,0
43,0,1,1,1,59,5788,3,7,0,760,4702781,1527416,15119725,0
31,0,0,0,1,81,12003,24,11,0,575,4283131,184151,43031364,1
50,1,0,1,1,42,20205,24,19,0,792,621282,2780838,39506793,0
45,0,0,0,1,23,19863,4,23,0,189,4018440,1747352,20653133,0
20,0,0,0,0,26,16656,11,22,1,393,1368750,1228166,21158945,0
98,0,1,1,0,15,14274,20,18,1,919,1410251,1778501,47275929,0
31,0,0,1,1,7,4441,22,13,0,622,2386387,243057,5566809,0
93,0,0,1,1,23,15220,23,10,1,48,2030960,2572211,28735445,0
38,1,1,1,1,95,20195,18,10,0,977,3972416,789671,13674899,1
11,0,1,1,1,11,9218,30,23,1,56,2129160,505993,27752759,0
46,0,0,0,1,95,14549,11,3,1,551,2387473,307737,20016665,0
17,0,0,1,1,38,17377,4,17,1,866,3518267,2041764,35087913,0
20,0,0,1,1,15,7681,22,30,1,390,4386304,1615469,18235896,0
12,0,0,0,1,9,17953,14,8,0,643,4127315,851799,4088042,0
20,0,0,1,1,75,2712,26,7,1,629,1690822,2618606,30173324,0
7,0,1,1,1,40,15201,17,3,1,998,1858612,2825922,5170671,0
45,0,0,1,1,9,10465,24,18,0,294,2319376,1095894,35458886,0
6,0,0,1,0,60,16291,18,18,0,766,2063159,2168839,42571820,1
22,0,0,1,1,9,5696,22,21,0,136,654521,1146524,45350852,0
95,0,0,0,1,31,23915,27,1,1,552,3357052,348455,17256130,0
74,0,1,1,1,97,4507,24,10,1,393,4012064,1337038,34618951,0
85,0,0,1,1,31,5812,24,2,1,847,3463912,1910152,27573140,0
21,0,0,1,0,36,23022,2,0,1,320,2296495,611701,38340820,0
88,0,0,1,0,93,24975,1,9,1,734,3437587,2451850,13582741,0
21,0,0,1,1,19,4278,10,20,0,177,1699544,2206727,31262371,0
91,1,1,1,1,58,15138,13,12,0,580,3424053,1203544,35207169,0
28,0,0,0,0,24,4058,20,2,0,477,3224631,2856075,27728469,1
12,0,0,1,0,92,516,4,26,1,890,4745978,2711658,4101803,1
81,1,0,1,1,38,6297,29,6,1,161,274598,127222,20654555,0
1,0,0,1,1,38,12224,12,24,1,646,2593739,2827656,10440624,0
28,0,0,0,1,50,256,7,4,1,285,478122,2868587,22475183,0
84,1,0,1,1,95,6694,5,1,1,531,3658857,104237,49429797,0
78,0,1,1,0,25,14665,11,17,0,741,2792908,2514367,28333467,0
51,0,0,1,1,43,7562,6,27,1,411,2672761,243683,35409605,0
26,0,0,1,1,44,14579,10,13,0,715,368757,839948,36478365,0
49,0,1,1,1,48,11811,7,19,0,746,2871209,1784974,37822816,0
94,0,0,0,1,40,12859,8,25,0,9,73343,2687071,29499695,0
78,0,1,0,1,59,19108,3,27,1,464,1213993,731061,16615666,0
22,1,1,1,1,93,23149,4,29,0,627,4147199,2212388,8856074,1
87,1,0,1,1,75,9644,3,29,0,658,3065436,1689241,17306443,0
43,1,0,1,1,54,2649,24,24,1,760,4265824,2727232,46943527,0
76,1,0,1,1,62,23078,11,26,1,397,2112879,1538394,38963794,0
21,1,0,1,0,78,4167,17,1,1,71,1202052,1302777,36246239,0
42,0,1,1,1,78,13392,28,4,0,593,2145762,449042,6482599,1
36,0,0,1,1,42,1928,30,12,1,969,1279237,2599952,7856223,0
60,0,0,1,1,28,22315,14,6,1,544,4845376,200507,15636313,0
96,1,1,1,1,78,953,7,9,0,794,1504217,212732,10737819,0
55,0,0,1,1,63,24702,10,27,0,874,4739010,1009527,10158757,0
2,0,0,1,1,49,18951,13,19,1,180,979583,2220673,35398911,0
62,0,0,1,0,30,23092,6,30,0,150,1872296,686102,22168440,0
18,0,0,1,1,98,998,30,6,0,412,3860782,1839402,34078774,1
22,0,0,1,1,95,7946,28,22,1,951,3310333,948827,48497908,0
28,0,1,0,1,87,6703,15,17,0,592,2233950,838374,45856354,1
29,0,0,1,1,69,24549,22,17,1,484,3886322,2020777,37916740,0
38,0,1,1,1,15,14682,7,1,1,473,3541362,2954419,553250,0
24,0,0,1,1,54,4289,28,24,1,796,4985938,2423728,390474,0
100,0,0,1,1,62,19961,26,15,0,541,3148368,82458,2459729,0
7,0,0,1,0,38,23554,10,12,0,362,4988457,1266277,26215333,0
57,0,0,1,1,20,14625,0,16,0,833,2585278,2371899,39715959,0
15,0,1,1,1,63,9938,16,5,1,671,1532864,2261501,16741790,1
71,1,0,1,1,5,3123,6,22,0,606,174576,1813520,9458374,0
0,0,1,1,1,45,9525,17,30,1,616,3531259,270745,15819357,0
4,0,1,1,1,32,11637,11,8,0,25,2651733,2668121,8429967,1
2,0,1,1,1,19,14335,19,2,0,63,2302678,2699372,47714035,1
64,0,0,1,1,84,4224,27,24,1,756,4017904,2921801,36295759,0
3,1,1,0,1,50,3158,21,6,1,693,2289316,2367564,47173012,1
98,0,0,1,1,36,21281,20,29,1,914,4900726,2457257,17392822,0
95,0,0,0,1,43,2896,4,4,1,421,4130340,900761,49358989,0
63,0,0,1,1,69,12188,26,27,1,491,175843,2891282,39072233,0
97,1,1,1,0,77,23684,5,20,1,317,4807633,1916353,10012712,1
88,1,0,1,1,97,2491,25,6,1,947,3319689,2985777,19355696,0
9,0,0,1,1,93,18404,22,9,1,329,3381174,2412517,48642487,0
20,0,0,0,0,79,1435,1,21,1,79,4662600,773309,38325040,1
45,1,0,1,0,15,23911,11,23,1,861,1606452,838274,30774125,0
90,0,0,1,1,74,677,10,9,1,357,4211173,2877432,43191866,0
26,1,1,1,1,38,5542,3,9,0,901,270481,2520384,6989086,0
65,0,0,1,1,54,22866,6,24,1,567,1697490,113329,42336884,0
40,0,1,1,1,48,16496,4,5,1,940,1759222,2621004,26057595,0
12,0,0,0,0,18,21854,10,18,1,457,3712008,2815139,63563,0
8,0,1,1,1,76,3695,29,27,0,613,1788381,2472340,35154728,1
35,0,0,1,1,29,21558,27,24,1,10,1460586,28690,19682037,0
85,1,0,1,1,72,22882,15,30,1,793,2555118,175076,30234432,0
89,0,0,0,1,54,58,9,17,1,573,4287765,1586181,23706064,0
57,0,0,0,1,99,4957,30,20,1,695,1511823,834819,40211998,0
53,0,1,1,1,89,16177,8,14,0,486,4761616,638242,25147190,0
11,0,0,0,1,36,24632,5,25,1,778,4364316,2001175,35649711,1
80,1,0,1,1,59,12298,12,12,1,870,4451585,2012335,42819648,0
77,1,0,1,1,82,12458,3,19,1,916,2845019,448742,35938861,0
13,0,0,1,1,96,4729,10,1,1,170,2132428,999921,2344419,0
33,1,0,1,1,29,20221,10,29,1,63,1129705,1213565,27224940,0
52,1,0,1,1,96,17687,27,21,1,969,1066084,1822086,28846673,1
19,1,0,1,1,83,14821,29,27,1,505,2586667,260042,12426941,1
74,0,0,1,1,56,22494,15,9,0,259,4566609,588304,8952002,0
15,1,1,1,1,60,6918,25,22,1,427,4551713,377725,47822302,1
94,0,0,1,0,26,10165,19,1,0,459,2355313,357704,38645997,0
69,0,0,0,1,51,17710,28,28,0,4,754389,78798,29699968,1
55,1,0,1,1,74,24144,18,2,1,241,478323,2947619,28753099,0
82,0,0,1,1,55,13909,28,29,0,156,3840175,880381,24313915,0
100,0,1,1,1,70,508,29,4,0,297,1664657,1838525,42070805,0
57,1,1,0,1,74,16880,5,24,0,511,419368,1646401,33957542,1
3,1,0,1,1,91,7589,23,14,0,166,193837,2641110,13030755,1
3,0,1,1,1,94,20868,16,6,0,523,1220629,48607,27262442,1
19,1,0,1,1,79,5750,30,14,1,755,3575927,290560,1186879,1
9,0,0,0,1,69,898,17,27,1,416,1784700,1153219,294728,1
23,0,0,1,1,96,21181,3,11,1,594,2565662,2159264,36363347,0
98,1,1,1,0,26,11930,22,2,1,808,3779316,1511665,16809547,0
25,0,0,1,1,45,23726,27,9,1,822,4508525,2973976,39513401,0
36,0,0,0,1,81,20503,17,3,1,126,4534606,2349086,27180964,0
84,0,0,1,1,51,10493,10,6,1,723,3805275,480296,5539826,0
53,0,0,1,1,64,7746,11,10,0,720,3301764,1434881,1185356,0
20,0,1,1,0,26,23565,9,16,1,387,1579113,1520761,9071238,0
73,1,0,1,1,8,1114,27,19,0,909,1397087,2392131,351730,0
37,1,0,1,1,48,16574,23,14,0,56,384280,1594932,15007811,0
45,0,0,0,0,45,4777,2,16,1,497,833339,1477353,36637603,0
3,1,0,0,0,86,17263,14,13,1,819,4127855,993128,41661551,1
59,0,0,1,1,42,11650,17,20,1,765,4153321,2876044,22191511,0
56,0,0,1,1,21,8418,15,27,0,677,1356240,302432,8006697,0
44,1,0,1,1,93,21779,6,11,0,757,1196878,2208953,14984464,0
19,0,0,1,1,21,2820,10,17,1,624,4925589,1934714,33466570,0
16,0,0,1,1,97,22727,27,24,1,606,3753480,2977200,41447828,1
70,0,0,1,1,49,14347,9,12,0,526,2986574,543317,30822313,0
3,0,0,1,1,50,13896,8,18,0,376,2874784,1615177,16695574,0
92,1,0,1,1,12,15844,19,4,1,374,4666425,2248984,8599543,0
13,0,0,0,1,97,12757,17,11,0,755,988090,2464523,5082903,1
2,0,0,1,1,19,17025,24,7,0,372,1934164,1653730,2476457,0
87,0,0,0,1,37,13054,25,29,1,932,3231414,2456096,37891130,0
100,0,1,0,1,53,23961,20,7,1,582,2306656,697267,46318679,0
79,0,0,0,0,14,15129,12,8,0,288,3173710,1419641,41513602,0
57,0,1,1,1,66,16524,25,27,1,169,1552073,167335,26739842,0
54,1,1,1,1,59,11490,22,18,1,296,1350683,2020532,49558801,0
3,1,0,1,1,62,8731,9,18,0,416,1856519,1422118,13763240,1
23,0,0,0,1,67,13552,20,3,0,908,2759015,1785644,32101842,1
33,0,0,1,1,15,10035,11,5,1,747,259331,837129,43808262,0
29,0,0,0,1,39,22953,12,22,1,871,448769,2621034,5516344,0
81,1,1,1,1,90,1157,20,27,0,473,3969422,1604035,32330306,1
18,1,0,1,1,8,571,21,11,1,857,2561997,2254362,40000936,0
30,0,0,1,1,70,19980,4,0,1,310,1426297,984933,38277911,0
59,0,0,0,0,37,17489,23,17,1,697,1282546,1290959,5812662,1
59,0,1,1,1,77,15741,26,18,1,648,4994085,980744,46896846,0
18,0,0,1,1,39,2182,11,16,1,682,4721513,138705,17854102,0
48,0,0,1,1,42,10632,26,2,1,739,1307537,895792,33627671,0
62,0,0,1,1,99,23566,3,3,1,326,184309,655808,27745157,0
82,0,0,1,1,82,14530,2,26,1,747,3167214,2491184,17246021,0
21,0,0,1,1,61,93,13,13,1,964,613664,832533,21822543,0
23,0,0,1,1,99,2997,2,5,0,428,4138107,338167,27058531,0
75,0,0,1,1,37,12962,1,29,1,483,4443680,803732,5927229,0
29,0,0,0,1,48,15055,7,4,0,218,4210581,2125660,5526639,0
57,0,0,0,0,57,6885,28,26,1,31,2127178,2125387,48128041,0
30,0,0,1,1,84,21536,29,5,1,341,420365,1628565,6067550,0
99,0,0,1,1,24,5089,6,12,0,472,1397979,2650330,3875006,0
63,0,0,1,1,67,915,21,8,1,631,44015,1258126,38398489,0
18,0,0,0,1,55,6803,1,16,1,842,2298515,1282178,44761642,0
47,0,0,1,1,18,19626,17,14,0,391,3913552,1228773,20092444,0
44,0,0,1,1,39,19538,25,29,1,410,3772672,2371256,37640843,0
99,0,0,1,1,49,14028,16,14,1,156,2544406,1705427,24625736,0
93,0,0,1,0,37,8740,13,28,1,386,4991956,1554945,13571997,0
54,1,0,1,1,65,14508,11,18,1,252,1192041,723727,11772063,0
54,0,0,0,1,97,6215,25,29,1,44,289873,2342869,35831913,1
96,0,0,1,1,76,24987,17,7,1,78,2668108,2679866,9559754,0
17,0,0,1,1,57,12560,24,8,1,327,3566364,1688494,109293,0
62,0,0,1,1,82,208,16,26,0,145,274307,2083975,47845309,1
91,0,1,0,1,82,21727,28,1,1,655,3656527,88700,27734437,0
46,0,0,1,1,54,23315,15,13,0,470,2309557,2247594,8518710,0
74,0,0,1,1,19,9733,9,25,1,160,2390026,557995,27307836,0
56,1,1,1,1,46,20516,3,13,0,986,4309118,2167260,23653357,0
44,0,0,0,1,24,21494,1,4,1,919,4562990,1278599,43535883,0
32,0,1,1,0,96,17365,4,28,0,666,2540009,411337,38526184,1
16,0,0,1,1,72,5324,13,2,1,960,4708538,2344166,17614579,0
69,1,0,1,1,11,21952,9,9,0,498,1186883,2429105,6416280,0
3,1,0,0,1,70,11065,7,1,1,312,1915336,2317950,9053985,1
19,0,0,1,1,77,24436,0,12,1,88,4196708,779197,23100623,0
46,1,0,1,1,27,2380,8,27,0,86,3288569,160362,45922138,0
90,0,0,1,1,40,12642,22,10,1,631,929165,1229320,35236368,0
14,1,0,1,1,16,24483,20,10,1,987,181063,1475727,2210768,0
69,1,1,1,1,27,12209,4,8,0,405,4969912,2870443,36741674,0
46,0,0,0,1,99,24375,8,20,0,165,2523713,2825931,16372551,0
77,0,0,1,1,15,9835,8,8,0,939,601387,2063774,33042401,0
74,0,0,0,1,5,5331,17,11,1,648,433346,1393431,10360354,0
8,0,0,1,1,81,24012,23,0,1,142,2038671,1137230,32282805,0
89,0,0,0,1,43,1381,4,19,1,382,3192046,315222,37579320,0
15,0,0,1,0,97,18452,29,16,0,322,198795,1879269,19123384,1
68,0,0,1,1,74,8636,15,4,1,500,4778708,1028084,16286882,0
60,0,0,1,1,35,19497,1,11,1,199,2270811,1661783,38761600,0
9,0,1,1,1,13,849,24,10,1,411,2269380,2207064,17569036,0
49,0,0,1,1,60,6301,3,20,0,8,3331964,2352952,19533779,0
2,0,0,1,1,22,11918,20,28,1,196,1956470,1747271,7689684,0
76,0,0,1,1,63,16306,22,15,1,59,3899886,1816887,24262584,0
93,0,0,1,1,71,6422,17,6,1,522,3632342,2441985,25430980,0
69,0,0,0,1,7,15060,4,22,1,494,747172,617491,14500139,0
80,0,0,1,1,34,24195,7,7,1,303,4390384,1569230,39695647,0
50,1,1,0,0,68,12533,11,21,0,138,4215495,2058162,42548192,1
18,0,0,0,1,74,4748,13,25,0,528,3145416,1801931,2873982,1
41,0,0,1,1,95,21400,26,18,1,259,12347,2372094,28398921,0
34,0,0,1,1,6,23301,16,24,1,663,3797885,242680,17505450,0
45,0,0,1,1,24,18693,11,14,1,514,2460737,1381180,49117328,0
25,0,0,1,0,85,16234,26,4,1,65,645226,1531584,23600782,0
68,0,0,1,1,85,19009,23,8,1,715,4432272,1138596,47365820,0
92,0,0,1,1,33,901,1,20,0,624,3874586,2354044,44630698,0
63,1,0,1,1,13,20404,3,18,1,319,4987396,2593613,49705778,0
36,0,0,1,1,8,8962,10,12,1,826,61146,1329020,29511092,0
83,0,0,1,1,44,1235,11,6,1,549,4262120,1859140,42518847,0
48,1,0,0,1,59,2306,18,24,1,189,3349628,1493840,12235457,0
20,0,0,1,1,17,21303,1,0,1,890,2526294,460918,37531405,0
73,0,0,1,1,10,22910,9,2,1,788,3138348,814453,22385104,0
63,0,0,1,1,77,24761,9,6,0,316,1932576,2224981,21809066,0
4,0,0,1,1,30,19570,1,8,1,789,4105363,1182826,41463175,0
99,0,0,1,1,45,16343,25,3,1,638,2591051,511968,1338855,0
69,0,0,1,1,46,11518,21,20,0,350,4779964,2130874,31109716,0
89,1,1,1,1,82,13546,18,7,1,409,3940734,2376931,43357384,0
3,1,0,1,0,65,874,25,19,1,47,2239254,1081484,6359224,1
38,1,1,1,1,66,6592,19,17,0,849,1040428,2456041,17378529,1
34,1,0,1,1,72,13632,3,22,1,552,3818794,603696,21441790,0
0,0,0,1,1,25,11782,17,1,1,435,790559,664610,24919502,0
23,0,0,1,1,35,2111,19,13,1,343,4103696,1619189,14800634,0
56,0,0,1,1,47,18762,17,5,1,979,3150141,1432446,45596705,0
99,0,1,0,1,25,17636,13,6,0,236,2166779,452154,39675183,0
69,1,0,1,1,33,11068,19,23,1,149,3965987,939485,47950928,0
40,0,0,1,1,59,17321,12,20,0,263,1199883,1630904,12707197,0
53,1,0,1,1,62,5598,23,0,0,902,1316139,1237052,8387534,0
45,1,0,0,1,28,23285,14,15,1,706,1256118,1408656,4806937,0
59,1,0,0,1,49,19337,14,2,0,771,3696551,2081934,34170381,0
59,1,0,0,1,84,20893,24,25,1,425,4805048,2925363,19814127,1
56,0,0,1,1,13,356,30,30,1,252,3885329,1901717,37592856,0
30,0,1,0,0,89,6829,19,24,1,651,4493189,2611530,38385891,1
83,0,0,1,1,70,498,3,14,0,956,2359371,22100,15269032,0
23,0,0,1,1,6,19241,14,21,1,150,3682292,18147,39021803,0
88,0,0,1,1,41,18800,13,10,0,434,992813,1500548,19393606,0
35,1,1,1,1,41,9282,6,4,1,251,3691387,287713,4567199,0
84,1,0,1,1,73,7718,16,16,1,304,1749367,1183716,1516907,1
29,0,0,1,0,50,23479,22,15,1,53,3709737,2332456,46421901,0
23,0,1,0,1,10,1120,28,19,0,170,3247735,2258012,43370054,1
29,0,0,0,1,52,2435,8,20,0,9,1656250,1603758,13028969,0
85,0,0,1,1,12,22616,3,17,0,852,2515086,2611548,48171301,0
91,0,0,1,1,36,9588,30,28,0,770,2226891,2404267,12915478,0
6,0,1,0,0,81,17363,17,4,1,498,3978826,1478968,17779667,1
34,0,1,0,1,71,4413,12,18,0,831,1917675,787701,16280435,1
54,0,0,1,1,77,1944,30,7,1,208,1893128,912367,48296643,0
91,0,0,1,0,72,3170,14,30,1,346,720732,1167343,32451208,0
13,0,0,1,1,32,4796,3,25,1,756,3765599,1909318,30221991,0
9,0,0,1,1,44,7464,17,13,1,791,21162,1120803,36297142,0
79,0,1,1,1,20,16340,9,10,1,590,142363,419200,26866349,0
15,0,1,1,1,61,11869,6,28,1,766,3473148,2481969,14094132,0
53,1,0,1,1,79,6809,5,14,0,469,4253441,1993136,46826136,0
94,0,0,1,0,59,173,12,30,1,855,4725270,914294,17566566,0
88,0,0,0,1,87,5424,27,0,1,76,608622,2272439,42463724,0
76,0,0,1,1,90,11933,26,19,1,516,1918855,1277295,10386372,0
69,0,0,1,1,43,10561,17,11,0,977,2029644,1753103,32552445,0
43,1,0,0,1,80,7930,30,10,1,223,44898,2507143,30165972,1
72,0,0,1,1,59,24316,21,14,0,860,3472182,2341832,8937840,0
44,0,0,1,0,34,7651,8,8,1,52,86251,2567239,22987634,0
99,0,0,1,1,46,18488,10,11,1,821,239757,2001776,9567836,0
55,0,1,0,1,9,20495,15,0,0,310,3304160,560176,18314726,0
83,0,1,0,1,49,13201,29,21,1,308,544057,649199,9819262,0
81,0,0,1,1,68,11566,7,21,0,807,4715192,502706,28021824,0
56,0,0,0,1,36,9348,24,26,0,636,959323,1716755,45402929,1
20,0,0,1,1,16,21246,4,1,1,36,2124408,1805078,5667261,0
67,0,1,0,1,70,21401,29,16,1,367,3498328,2683558,2513386,1
49,0,0,0,1,56,2578,14,0,1,383,1500124,723999,20956981,0
32,0,0,1,1,75,4948,25,9,0,78,2434182,299501,43973510,0
90,0,0,0,1,36,3806,1,12,1,372,2724429,254842,8130433,0
6,0,1,1,1,39,22327,4,28,0,502,2223886,1332455,3177805,0
69,0,0,1,0,10,2384,9,14,0,543,1443202,538912,29557889,0
14,0,0,0,0,26,1941,29,4,1,929,1049367,199826,7098185,1
81,0,0,1,0,93,23420,18,10,1,777,4874080,2738558,35783116,0
31,0,1,1,1,51,23281,13,20,1,534,791246,888544,45021448,0
74,0,0,1,1,17,15902,26,26,1,420,3978861,1469217,29151624,0
19,1,0,0,0,27,7183,29,25,1,606,3507890,828074,21230838,1
87,0,0,0,1,48,4148,12,6,0,692,4885701,354964,19029029,0
14,0,0,1,0,13,23843,13,24,1,521,1967161,1958304,37139101,0
47,0,0,1,1,63,15206,30,3,1,841,1578347,2220474,33385952,0
70,1,0,0,0,34,17983,3,19,1,320,1886663,2884139,32532777,0
20,0,0,1,1,88,19337,6,26,0,140,107562,79361,31842153,0
41,1,1,0,1,48,7828,17,10,0,220,3795458,1814402,49811648,1
25,1,0,0,1,53,21728,29,6,1,144,777514,798195,10224688,0
13,0,0,1,0,20,3106,5,13,1,357,3941397,1872319,17506086,0
56,1,0,1,1,90,17301,14,24,1,241,38338,2762020,46728511,0
36,0,0,1,0,78,4682,10,6,0,505,4657820,1191457,31017894,0
57,1,1,1,1,88,8461,16,23,1,966,2059211,2864698,14375965,1
20,0,0,1,1,57,14728,9,9,0,777,1551796,1819587,16466042,0
81,0,0,0,1,6,8138,15,15,1,674,3204695,1566787,7252498,0
68,0,0,0,1,71,5547,18,30,0,351,1403893,1918818,14482859,1
2,1,0,1,1,46,5604,10,6,0,248,4924353,434530,48865130,0
86,0,0,0,1,68,9334,6,24,1,7,1181004,530624,31500412,1
89,0,0,1,1,12,12825,26,21,1,160,906090,2512834,4847819,0
36,0,1,1,1,77,19156,27,10,1,945,4632908,1002179,33446164,0
87,0,0,1,1,96,9879,20,24,0,107,911477,1768232,46583953,0
48,0,0,0,0,25,879,27,18,1,310,1056591,461690,12854842,1
18,0,0,1,1,64,18425,23,3,0,88,4757860,723921,24367399,1
88,0,1,1,1,38,24518,22,24,1,990,878760,326426,543214,0
84,0,0,1,1,8,9790,22,1,0,938,784640,502647,46823396,0
11,0,0,1,1,93,21631,13,27,1,602,4859516,866460,28005172,0
60,0,0,1,1,66,15555,0,15,0,737,2332954,2622455,29172741,0
40,0,1,1,1,80,8776,16,1,0,346,2157641,53010,8924949,1
32,1,0,0,1,6,24726,28,25,1,979,4058666,1679664,45546271,1
49,0,0,1,0,54,20488,21,7,1,257,2580893,2279402,11279791,0
67,1,0,1,1,80,19766,12,10,0,756,3076550,899845,23776247,0
70,0,1,1,1,30,15595,7,25,1,788,4293441,170011,16814037,0
85,0,0,0,1,89,6378,18,5,1,422,4635390,511256,45662682,0
32,0,1,1,0,41,9408,23,20,0,368,4698329,2843160,48198772,1
80,1,0,0,1,59,6314,7,17,0,12,2595963,2411956,47280599,1
23,0,0,0,1,22,9287,16,16,0,699,2564001,758434,21580918,0
60,0,0,0,1,28,15280,26,29,0,747,2736222,1509633,44310231,1
60,0,0,0,0,34,16790,4,18,1,470,1174833,2556199,48335628,0
97,0,0,1,1,21,15962,24,10,1,818,1697952,2341722,28845537,0
27,1,0,1,1,84,1874,10,5,1,631,4777557,1486439,26342118,0
57,0,0,1,1,46,13718,25,28,0,775,1838589,2809941,8702031,0
42,0,0,0,1,85,10265,13,26,1,726,1026799,92424,21894196,0
40,0,0,0,1,16,22766,9,26,1,155,273486,2030218,34530293,0
38,0,0,0,1,31,22951,26,11,1,590,3855668,1989362,20562557,0
85,0,1,1,0,59,15280,11,11,0,761,2857838,2399801,15936488,0
48,0,0,1,1,8,6762,2,30,0,269,1488867,473006,38616748,0
16,1,0,1,1,39,11633,8,11,1,916,3391297,461763,18755019,0
97,0,0,1,0,69,22345,28,4,1,328,2635272,1825907,8973662,0
69,1,0,1,1,80,17045,10,5,1,366,2524420,331693,38541494,0
69,0,0,1,1,33,18571,8,14,0,274,3726138,670542,37657527,0
97,0,1,0,1,76,11178,0,26,1,186,3778311,32820,11348621,0
64,0,1,1,0,76,8856,17,6,1,836,2429600,1708878,44641615,0
73,0,0,1,1,80,17242,2,6,1,983,435448,211042,46436986,0
84,0,0,1,1,40,15720,13,2,1,279,3068489,2058254,5699794,0
4,0,0,1,1,38,8679,3,26,0,68,1745338,666971,37666766,0
1,0,0,0,1,40,1071,27,25,0,745,1996427,1125470,3240004,1
21,0,0,1,0,59,985,4,23,1,898,3590493,625129,19015944,0
56,0,0,1,1,8,15667,20,7,1,428,2157182,1041747,28277886,0
65,0,0,1,1,15,12150,9,30,1,86,2185958,346832,45338554,0
73,0,0,0,1,63,11098,26,10,0,499,4537662,1752278,27301186,0
97,0,0,1,1,7,5893,4,18,0,690,1421641,536644,49871818,0
15,0,0,1,1,78,16912,2,21,1,827,4418506,2774327,9855922,0
50,0,0,1,1,16,11841,21,24,1,44,3223928,1062769,5656669,0
38,1,0,1,0,77,2958,19,0,1,65,3144504,14679,48093676,0
85,1,0,0,0,25,24390,8,26,1,970,3807469,2884939,29757396,1
75,0,1,1,1,26,20196,11,1,0,888,1960667,1088233,18762146,0
87,0,1,1,1,22,24650,1,17,1,418,3275410,1179992,38523471,0
39,0,0,1,1,10,14797,10,20,1,415,4924817,2059625,45503470,0
37,1,0,0,1,93,4042,0,28,1,654,2281943,881998,35525897,1
59,0,0,1,1,83,9054,22,21,0,308,2752459,2386213,46802923,0
58,0,0,0,1,69,13035,30,18,1,880,1167402,2739347,30393435,0
9,0,0,1,1,59,9163,15,19,1,659,2377247,169201,36711033,0
98,0,0,0,1,44,11554,24,25,0,366,3728038,693425,13771445,0
63,0,0,0,0,86,24591,25,27,1,29,4540406,2961296,35892623,1
62,0,0,1,1,56,4369,24,12,1,248,3906535,1291,31468868,0
48,0,1,1,0,48,20542,2,17,0,110,3223829,1802043,46565235,0
63,0,0,1,1,99,10268,27,27,1,823,348900,2641070,34165197,0
31,0,0,0,1,66,18706,30,18,1,740,4293113,2513585,26088816,1
6,0,0,1,0,88,15530,26,27,1,286,1191409,2176505,17499647,1
20,0,0,1,1,93,16145,12,7,1,459,3032684,819347,37479448,0
19,1,0,1,1,78,2863,14,14,1,478,3282317,2241131,25273462,0
25,0,0,1,1,33,6313,0,20,0,315,3134908,97514,38690705,0
67,0,0,1,1,23,23584,24,17,1,86,4970600,2487803,47329193,0
85,0,1,0,1,32,15531,22,9,1,565,1141276,2510824,38705521,0
14,1,0,0,1,95,11616,23,14,1,322,1280787,815799,46365422,1
84,1,1,1,1,23,15287,26,9,1,295,4556544,912547,4254693,0
78,0,0,1,0,35,2442,15,26,0,537,939140,1355540,8383388,0
85,0,0,1,0,58,11280,14,30,1,813,2925969,2958633,46112938,0
91,0,0,0,1,66,4980,5,17,1,520,3691094,956018,40872331,0
13,0,0,1,1,18,11129,25,19,0,864,2227770,2870942,36690903,0
26,0,0,1,1,54,14881,21,24,0,620,1061021,1548477,28440117,0
39,1,0,1,1,63,12040,26,29,1,199,1823770,872408,97978,0
57,0,0,0,1,74,9481,14,5,0,443,343699,2228944,20760636,1
27,1,0,1,1,62,11163,19,0,1,598,3292445,757368,17711365,0
25,1,0,1,1,13,627,17,13,0,733,946938,1230444,46889213,0
62,0,0,1,1,61,2369,16,26,0,379,2558411,2531858,34614073,1
65,1,0,1,1,45,20325,13,19,0,2,3390695,615948,20792380,0
24,0,0,1,1,31,5612,21,29,1,870,1125092,718637,31575824,0
2,0,0,1,1,62,18473,24,2,0,241,351396,710163,5956296,1
71,0,0,1,1,85,11862,25,0,0,911,3383795,675000,46204466,0
43,0,0,0,1,72,19279,25,21,1,247,3133191,783173,44169159,0
96,0,0,1,1,62,8294,17,9,1,660,2404029,688933,25077149,0
41,0,0,1,1,28,9092,16,16,1,858,2196712,1475277,21000470,0
98,0,0,1,0,84,20523,0,0,1,139,3925708,1477579,18361809,0
5,0,0,1,1,66,13149,13,15,1,215,2550488,1360627,32504150,0
38,0,0,1,0,85,15992,6,22,0,297,2391320,762630,17025300,0
51,1,0,0,1,71,19754,29,0,1,497,1150531,2908948,34515722,1
22,0,0,1,1,7,11220,0,26,1,500,924225,2881877,47057090,0
88,0,0,0,1,55,22850,24,28,1,490,2951416,1865474,10406223,0
49,0,0,0,1,71,7839,24,2,1,68,73984,2953903,25742146,0
42,0,0,1,1,84,13241,26,4,0,772,3983398,1737338,4343230,0
18,0,1,0,0,61,21717,2,18,1,304,1155975,939341,4012087,1
68,0,0,1,1,24,15591,10,30,0,769,3561949,1699919,36795878,0
50,0,0,1,1,49,12329,17,21,1,855,2775378,2074228,22452654,0
10,0,0,0,1,10,12934,24,30,0,216,4705029,466116,30960738,1
11,1,0,1,1,37,21109,29,13,1,317,2486361,2966803,47644489,0
73,0,0,1,1,47,4828,13,13,1,155,4200629,282515,3117864,0
7,0,0,1,1,54,19894,2,24,1,583,2556044,1258601,34624432,0
23,0,0,1,1,31,5105,1,17,0,34,3888860,2176890,35357998,0
91,0,0,1,1,34,24068,19,6,1,253,583202,368404,39692310,0
40,0,1,0,1,22,13308,14,19,0,708,1784468,2803458,28771273,0
35,0,0,1,1,34,9687,6,28,1,514,1657904,931403,13380129,0
100,0,0,0,1,94,21696,12,10,1,919,3281707,1765096,28516680,0
84,0,0,1,1,19,23620,3,21,0,880,1833926,1920934,41752232,0
71,0,1,1,1,80,22633,7,9,1,804,4576402,885513,33851341,0
54,1,0,1,1,66,6658,27,11,0,247,2475738,2717695,48454912,1
8,0,1,1,1,25,14083,20,9,0,470,3501403,1690397,30666205,1
46,0,0,1,1,16,8412,29,5,0,394,3764688,728857,30011408,0
14,0,0,0,1,53,7959,1,30,1,490,4946600,180089,43931742,0
47,0,0,1,0,5,24132,12,7,1,227,442526,1172820,47957043,0
81,0,0,1,0,79,16358,25,6,1,745,1732135,2391951,28880989,0
41,0,0,1,1,59,8984,3,12,1,731,4127728,2361618,35135542,0
59,0,0,1,1,29,8104,12,20,0,447,2661010,883256,10002713,0
83,0,0,1,1,51,7146,15,22,1,344,3256457,2497129,4577946,0
69,0,0,1,1,77,7380,11,30,0,455,3261874,2906221,12856004,0
11,1,0,0,1,43,121,12,11,1,819,2878156,1254045,42113551,0
1,0,1,0,1,31,9590,22,11,1,405,2087096,2493067,28400159,1
6,0,1,1,1,97,21636,28,29,1,891,2752019,2585338,30838017,1
79,1,0,1,1,54,3794,0,21,1,712,2720638,1503146,47852102,0
2,0,1,1,0,95,706,22,12,1,498,4773647,1224507,34568687,1
2,0,0,0,1,59,24131,2,20,1,996,2316478,2253554,39045139,0
26,0,0,0,1,32,24840,22,8,0,965,3441946,700474,22541191,0
39,0,0,0,0,61,17646,2,19,0,592,1588922,753640,20314019,1
32,0,0,1,1,86,19368,11,27,1,402,4093721,29068,30050465,0
91,0,0,1,0,83,3419,27,6,1,230,1393095,2766743,38958040,0
0,0,0,1,1,20,267,23,28,1,279,1686070,1105773,36799232,0
7,0,0,0,0,91,3141,3,15,1,440,2504087,443868,20331843,1
100,0,0,0,0,98,5087,0,22,1,940,2321919,1677652,46826401,1
31,1,1,1,1,60,10478,16,18,0,948,3550884,196350,8451721,1
47,0,1,0,1,39,13661,19,23,1,869,1504285,1303190,44265078,1
100,0,0,0,1,32,8633,8,24,0,115,1525016,2797777,48838286,0
3,0,0,1,1,50,127,4,10,0,405,2897039,50847,39060287,0
93,0,0,0,1,71,6086,28,30,0,749,484273,2511967,11496378,1
69,0,0,1,1,20,2957,20,4,1,534,4187145,2230752,3715373,0
18,0,0,1,1,83,6179,2,16,1,141,3209081,1602521,4115936,0
31,1,0,1,1,87,16733,20,0,1,830,1664319,2720467,19510779,0
8,0,0,1,1,78,10420,6,4,1,740,1183359,1783088,47095517,0
11,0,0,0,1,53,17670,2,29,0,331,1944623,1749620,41257131,1
10,0,1,1,0,72,19769,4,1,1,70,1162344,2423644,14658856,0
45,0,1,1,1,26,6530,11,1,1,446,1624724,318418,10672495,0
15,0,0,1,1,22,1606,2,11,1,73,2858880,2759234,35705863,0
0,0,0,1,1,26,160,0,28,1,404,488433,1116269,2908163,0
62,1,1,1,0,20,838,21,21,1,445,1140811,1214474,27460939,1
20,0,0,1,1,60,24264,2,4,0,766,4085230,959821,49867611,0
29,0,0,1,1,7,8476,15,29,1,871,4230938,2144489,42597854,0
12,0,0,0,1,57,9429,17,10,1,152,1472257,2981815,173141,0
33,0,0,0,1,39,11452,2,12,1,460,2678474,497762,17620279,0
3,0,1,1,1,84,24404,28,17,1,938,169095,1385420,29861009,1
27,1,0,0,1,89,24842,4,13,1,291,3311257,1147640,13880946,1
94,1,0,0,1,25,690,4,4,1,679,2688094,2494451,27531246,0
58,0,0,1,1,69,8083,8,10,1,601,3851016,2886908,6512085,0
26,0,0,1,1,61,15884,11,3,0,219,3559225,2302474,8822677,0
68,1,0,0,1,98,13329,15,21,1,682,490830,2861703,16030081,1
24,0,0,1,1,51,22873,26,16,0,833,4377661,2225870,25826129,0
2,0,0,1,1,38,9844,8,13,0,780,3961078,828677,27081433,0
96,0,0,0,1,52,19505,17,27,0,257,4360400,2453532,9329219,0
67,0,0,1,1,43,19376,26,2,0,205,1314896,493716,37031412,0
24,0,0,0,1,91,5085,21,20,0,679,2372044,2330287,47453324,1
19,1,0,1,1,34,15232,28,23,0,296,1205364,146103,37942198,1
33,1,0,1,1,54,14021,24,1,1,646,4521981,901791,27307643,0
25,0,0,1,1,20,22867,24,7,1,157,3118887,2091451,43545237,0
4,0,0,1,0,98,252,10,23,1,431,4615786,1202948,32414051,1
98,1,0,0,1,7,21448,21,15,0,690,4641786,1682181,35152868,0
60,0,1,1,0,65,16873,16,5,1,580,2250963,1444739,23227097,1
91,0,0,0,1,6,5224,0,20,0,535,508696,1764685,43024615,0
92,0,0,1,1,30,5040,24,6,1,264,1699226,1099136,29990814,0
8,0,0,1,1,22,8410,30,21,0,613,4033709,1183742,37320187,0
49,0,0,0,1,70,9747,2,14,0,514,1705603,529121,12372745,1
5,0,0,1,1,44,24542,4,8,0,754,122305,905145,9280689,0
82,0,0,0,0,7,12198,21,17,0,260,1044333,973610,14151029,1
59,1,0,1,1,21,19019,0,11,0,819,4151264,1333824,44331995,0
43,0,0,0,1,28,490,14,5,1,983,547184,2802635,4929279,0
10,0,0,1,0,6,7701,16,26,0,661,3793642,2332913,34273069,1
65,0,0,0,1,74,17942,3,11,0,821,1996034,1839711,19891484,0
46,0,0,0,1,44,1968,21,6,1,538,4623000,1294442,37151019,0
72,0,0,1,0,30,1647,23,14,1,744,1396911,2991364,22158176,0
84,0,1,1,1,61,20150,22,0,0,926,1895258,1406321,20088529,0
87,0,1,1,1,53,2270,13,14,0,673,787603,2944025,25463773,0
97,0,0,1,1,61,17586,1,13,0,662,3872519,2714852,14776656,0
85,1,0,1,1,60,2027,3,24,1,972,1601215,2251819,29968881,0
2,0,0,1,1,74,13895,4,12,0,518,4060905,1546334,39161357,0
75,0,0,1,1,80,23436,23,23,1,596,611142,2477696,40136345,0
91,0,0,1,1,25,16914,6,20,1,455,2577006,2505963,25060679,0
29,0,0,0,1,20,21429,3,13,1,286,734618,1852376,28280415,0
89,1,0,0,0,10,16006,7,14,1,107,2554661,2642454,1645090,0
20,1,0,0,0,38,13995,10,20,1,745,1403853,1300815,3975081,0
27,0,0,1,1,63,8220,7,8,1,825,1253107,2272321,29961919,0
89,0,0,1,1,71,15456,3,17,1,8,3883306,977786,17011528,0
61,0,0,1,1,45,4635,10,5,1,913,701655,2788914,9152318,0
32,0,0,0,1,23,2294,11,19,1,363,3867191,960671,23379443,0
84,0,0,1,0,33,2161,27,3,0,92,2459534,1796492,42714999,0
34,0,0,1,0,36,17330,1,7,1,672,2633845,2296945,6596601,0
51,1,0,1,1,14,16630,14,18,1,304,2770129,887678,34891701,0
33,0,0,1,1,68,13959,13,10,0,521,1608439,2794790,3002060,0
40,0,0,1,1,95,3183,18,7,0,44,4237123,997615,1199048,0
50,0,0,1,1,97,18365,20,30,1,964,4341294,431310,41312817,0
46,0,0,1,1,81,15507,29,9,1,259,1846521,2831398,47023595,0
81,0,0,1,1,24,9144,16,28,0,812,749878,644875,32973279,0
57,0,0,1,1,32,400,15,4,0,818,4484281,1146020,2654715,0
74,0,0,1,1,31,2818,4,1,0,228,4946610,1187444,42963784,0
56,0,0,0,1,81,3861,19,30,1,304,1921458,1360606,49231492,1
22,1,0,1,1,29,12914,20,11,1,775,4353656,2079477,29274342,0
47,0,0,1,0,33,14762,27,20,0,10,3650395,57826,18802022,1
21,0,1,0,1,19,21474,27,19,1,481,85741,2180638,25216892,0
16,0,0,0,1,49,12133,0,24,1,334,1587733,960372,2280343,0
68,1,1,1,0,49,5153,9,5,0,256,1573676,2783481,28459689,0
10,0,0,1,1,34,19897,6,10,1,146,70920,1989489,10868056,0
93,0,1,0,1,42,13608,9,28,1,33,1201244,688268,13409176,0
14,1,0,1,1,64,15451,24,18,1,502,4524702,2434411,35598582,1
90,0,1,0,1,36,10576,15,17,1,602,1735264,2132438,38528660,0
34,0,0,1,1,54,7675,4,29,1,320,763564,1966642,44121309,0
32,0,0,0,1,75,14929,18,6,0,551,2285307,474026,35912680,1
83,1,0,1,1,39,639,24,16,1,512,308862,1820565,30521505,0
15,0,1,0,1,80,20888,5,20,1,184,2180535,2682718,15818121,1
33,0,0,1,1,91,11823,11,20,1,434,2682087,827843,12795503,0
65,0,0,0,1,9,24741,5,3,1,593,1434773,143443,2265988,0
98,1,0,1,1,35,5988,9,2,0,619,260902,2377950,9217021,0
39,0,0,1,1,84,17544,9,30,1,412,3905313,833004,37482750,0
27,0,0,1,1,57,24862,12,24,1,66,2913526,950711,35178252,0
46,1,0,0,1,5,3061,18,29,0,872,703291,10128,33633574,1
38,0,1,1,1,90,23588,29,3,0,101,3109665,1279139,33209461,0
69,1,1,1,1,96,7096,16,13,0,96,4440748,2150453,38326558,1
72,1,0,1,1,73,7745,15,8,1,987,2977487,2413856,5344245,0
19,1,0,0,1,72,24568,3,22,0,415,111159,1855846,9581787,1
0,0,0,1,1,69,8838,29,24,1,374,1977225,1084140,21471883,1
71,0,0,1,1,19,17267,19,17,1,836,3929686,835280,31654560,0
86,1,0,0,1,56,12274,2,17,1,355,433589,2146958,13426545,0
62,1,0,0,1,42,16414,28,15,0,352,1679682,2416186,6564262,1
66,0,0,1,1,28,22039,29,27,0,779,2627753,180770,32869452,0
3,1,1,1,1,27,5370,26,11,1,505,4557956,2935504,6295137,1
57,0,1,1,1,51,22644,4,7,1,373,2971116,48206,581103,0
24,0,0,1,1,11,15951,12,29,0,535,3627497,2542573,36892536,0
46,0,1,1,1,35,21205,13,27,1,687,1541866,2580936,13843529,0
37,1,0,1,1,11,24442,8,8,1,960,717949,2854331,18075049,0
14,0,0,0,1,81,13542,8,28,1,60,2773029,1852618,6570688,1
62,0,0,1,1,8,19374,7,17,0,407,1772376,1546986,8966207,0
20,1,0,0,1,58,5743,27,5,1,871,3187991,270225,40855647,0
98,0,0,1,1,86,14412,9,13,1,120,4465601,2343839,32152347,0
56,0,0,1,0,87,10026,21,5,0,931,1442650,2574848,24532298,0
52,0,0,1,1,84,251,28,6,1,465,4512875,1229987,29955237,0
45,0,0,0,1,56,19447,19,4,1,564,4774348,2364365,6186563,0
13,0,0,1,1,86,11797,29,2,1,817,847897,2128145,27967141,0
99,1,0,1,1,84,16789,17,9,0,468,4831200,540262,11915111,1
75,0,0,1,1,52,21716,11,29,1,363,1136367,1151167,32354796,0
16,1,0,1,1,99,4325,12,15,0,882,3232001,2554167,8396877,1
38,0,0,1,1,93,15036,15,10,1,32,3846554,2878733,22223098,0
8,0,0,0,1,70,4524,25,2,0,760,4741386,384935,7184114,1
98,0,1,0,1,58,3307,2,14,1,166,3227859,442913,22727203,0
76,0,0,1,1,96,5343,8,11,0,46,603350,1466497,6359867,0
78,0,0,0,1,84,18800,15,21,1,453,1066919,1388930,18762012,0
81,0,0,1,1,58,8702,16,0,1,847,1126992,2099833,37365972,0
96,0,0,0,1,49,3552,15,12,1,574,3661058,840876,16148085,0
5,0,0,1,1,44,7957,22,30,0,672,1325321,954476,3104353,1
90,0,0,0,1,39,13340,9,15,0,98,3842726,1325314,10658011,0
22,0,0,0,1,28,12158,21,23,0,26,1081055,887027,12963071,1
58,1,0,0,1,39,11030,17,6,0,371,4706775,1440646,17051949,0
90,0,0,1,1,98,12973,20,6,0,399,1858450,639825,20646352,0
97,0,1,1,0,41,2271,1,5,1,841,3125184,2631447,14433006,0
45,1,0,0,1,79,2549,13,2,0,511,989278,568386,8503710,1
37,1,1,0,1,38,8423,24,29,0,69,2374783,1972464,23910882,1
13,0,0,1,1,28,1933,4,11,0,866,1126627,647136,33974013,0
99,0,0,1,0,97,22806,5,8,1,993,1739433,672340,4850959,0
71,0,0,1,1,8,17501,19,25,1,789,1984292,190742,4743775,0
61,0,0,1,1,54,4848,30,10,1,707,333199,2717706,27005435,0
34,1,0,0,1,98,22415,0,5,1,158,3565751,2282723,16074956,0
18,0,0,0,1,82,2101,14,11,1,133,2538730,1348618,30884127,0
29,0,0,1,1,28,1621,2,15,1,894,3194110,637098,1522438,0
77,1,0,0,1,40,5081,20,21,1,728,655982,2906717,11832836,0
83,0,0,1,1,83,3958,18,21,0,180,1407407,2790493,4482260,1
24,0,0,1,0,39,24410,23,21,1,16,3749088,1295891,49201275,0
39,1,1,1,0,33,16554,17,5,1,646,3058995,1403044,21229008,0
87,0,1,0,1,40,9602,27,11,0,168,4310752,2575509,44878036,1
13,1,0,0,1,72,4413,14,3,1,995,1162510,1602065,28271259,1
25,1,0,1,0,83,13923,17,17,1,154,3600091,1819014,18370303,1
86,0,0,1,0,15,18780,0,16,0,492,2185542,961442,18592565,0
21,0,0,1,0,59,897,27,7,1,312,1788049,1324462,2134772,0
47,0,1,1,1,53,5779,13,12,1,129,3408901,2449973,41480322,0
82,0,0,1,1,83,22443,16,4,1,698,3660945,2809986,18613591,0
50,0,0,1,1,61,13928,19,2,1,852,1051160,2656415,2160151,0
2,0,0,0,0,89,10916,7,24,0,182,4354678,639859,11889901,1
41,1,0,1,1,91,13251,23,18,0,750,1370942,1587265,37113659,1
18,0,1,1,1,59,17333,7,4,1,331,998729,905114,6074639,0
72,0,0,1,1,60,11598,26,17,0,916,1124746,2528352,1916226,0
27,0,0,1,1,78,19886,16,5,1,807,4754491,995720,16986338,0
83,1,0,1,0,8,2161,29,8,0,260,543194,1592444,20479454,1
44,0,0,1,1,29,24641,0,16,1,934,2633233,2728063,31551691,0
70,0,0,1,1,6,9532,6,10,1,174,4179780,1984507,40884096,0
77,1,1,0,0,23,1174,22,14,1,298,1845827,854392,40021702,1
62,0,0,1,1,92,4139,25,18,0,286,525232,193635,26946384,0
72,0,1,1,0,12,5485,13,15,1,932,2386311,2490196,484456,0
18,1,0,0,1,68,8254,20,25,0,877,4074031,1137750,36359942,1
46,0,0,1,1,10,3084,23,0,1,790,1075223,2488302,41463410,0
13,1,1,1,1,88,339,5,14,1,680,4680116,2938008,7499115,0
37,0,0,1,1,18,7796,16,20,1,914,2313033,800702,46355684,0
52,0,0,1,1,74,15980,13,4,0,901,2004182,207532,34267983,0
60,1,0,1,0,80,13102,6,19,1,812,4723328,868595,34345510,1
35,0,0,1,1,75,11965,14,4,1,478,4211890,1396054,44191276,0
39,0,0,0,1,61,1679,7,15,0,247,2627815,1806449,47726192,1
80,1,1,0,0,34,8350,27,7,1,133,4884991,1058830,39630185,1
29,1,1,1,1,84,19971,23,29,1,935,3524805,2303033,30665350,1
8,1,0,1,1,12,13622,15,23,0,755,4519567,2227149,15868221,1
63,0,0,1,1,18,24718,9,5,0,334,3726033,355769,30561413,0
32,0,1,1,1,52,2316,28,11,1,715,2203224,1527737,1034899,0
51,0,0,1,1,88,1309,30,3,1,500,4697838,263462,1343088,0
88,0,0,1,0,32,15061,8,15,0,789,3836603,2288586,22736217,0
13,1,0,1,1,10,7238,18,10,1,956,3025634,1669249,30028835,0
74,0,0,1,1,34,23468,29,12,0,459,1116543,1758628,36150581,0
52,0,0,1,1,8,10921,1,19,1,800,3571134,2426070,16118657,0
98,0,0,1,1,71,22684,7,14,1,349,3501360,1285862,34059569,0
58,0,0,1,1,14,4947,29,20,1,323,597478,72722,7362394,0
77,1,0,1,1,31,834,10,4,0,397,4650975,924468,23816234,0
93,0,0,1,0,86,5795,3,12,0,646,4573953,1198148,35408534,0
40,0,0,1,1,49,22351,17,1,1,378,4586177,725664,22317312,0
67,1,0,1,1,79,20985,17,11,1,560,3573049,481819,47628634,0
67,0,0,1,1,39,23160,1,5,1,476,1120139,1927019,31104957,0
91,0,0,1,1,17,4707,4,28,1,223,2424038,1551235,41612280,0
7,0,1,1,1,59,24459,13,22,0,791,3439085,350364,20038012,0
1,0,1,0,1,91,24122,12,2,1,870,4712457,828591,49302470,1
85,0,0,1,1,47,17833,7,9,1,486,1618204,752619,6876024,0
40,1,0,1,1,77,12428,24,19,1,885,1183355,2354384,32439336,0
54,0,1,1,1,72,13549,10,24,0,582,2865057,754160,33196999,1
15,1,0,1,1,47,20381,21,3,1,150,1636531,2395408,41884638,0
92,1,1,1,1,44,5223,7,9,1,45,3451461,381400,35962833,0
61,0,0,0,0,35,2734,14,26,0,58,64015,1388779,43697957,0
47,0,0,0,1,7,7798,5,6,0,40,2096213,1524213,21883917,0
29,0,0,1,1,21,3997,16,17,1,305,3849980,2524727,40950617,0
11,0,0,1,1,84,16965,10,20,0,546,2324043,93803,520819,0
34,1,0,1,1,43,15556,24,21,0,509,4333228,2578131,27887317,0
10,0,0,1,1,70,9818,25,13,1,486,2788650,2299045,21295407,0
63,0,0,0,1,73,4659,6,17,1,230,2393479,2943219,42761034,0
49,0,0,1,1,81,1696,1,0,1,199,1906126,632418,25979228,0
84,0,0,1,1,80,19026,2,24,1,513,631169,2252501,36667951,0
20,0,0,1,0,23,2596,17,22,0,352,1873505,1450702,26006673,1
68,0,0,1,1,26,18615,24,23,1,22,2777862,2333070,8091292,0
47,0,0,0,0,12,18042,23,20,1,232,1855793,2909000,1832185,0
19,0,0,0,1,72,16267,20,20,1,195,4509860,172596,35940694,1
100,0,0,0,1,75,15107,19,16,1,196,2844638,1517263,34625098,1
66,0,0,1,0,90,772,22,29,0,639,602140,870233,19553928,1
43,0,0,1,0,22,20436,29,2,1,721,4411285,2076609,3852079,0
32,0,1,0,1,10,10111,13,14,0,739,2395631,1416335,10285836,0
72,0,0,0,1,8,13250,8,13,0,382,553775,1960683,10024564,0
60,0,0,1,1,45,17586,7,6,1,727,2668677,159802,39743603,0
8,1,0,0,1,55,4690,23,29,0,733,3323357,2458793,34059436,1
67,0,0,1,1,16,17175,26,9,1,441,910906,956899,6811702,0
34,0,0,1,1,41,13073,17,24,1,450,4724089,2935007,11398073,0
80,1,1,1,1,6,18420,11,28,1,366,1386272,2471332,26575066,0
97,1,0,1,1,7,11093,11,28,0,252,4645359,191710,30969179,0
87,0,0,0,1,49,12176,9,7,0,710,4787201,2844206,16772999,0
95,0,1,1,1,89,2636,8,10,0,759,3698202,617510,35232385,0
64,0,0,0,0,43,20387,1,27,1,562,2910629,1850417,49713475,0
7,0,0,1,1,81,23308,23,4,1,536,410217,1147184,3719411,0
44,1,0,1,1,58,8631,20,2,1,66,2216316,336503,14638378,0
86,0,0,0,1,82,17346,10,24,1,396,955941,2709958,37126378,0
46,0,0,1,1,98,11397,21,19,1,634,660459,2737239,40383878,0
39,0,0,0,1,22,24297,9,8,1,389,650113,2708566,12720144,0
75,0,0,1,1,17,9399,24,18,1,591,4519612,933272,5526130,0
53,0,0,1,1,18,7959,7,6,1,717,469016,2884108,15759179,0
75,1,1,1,1,45,14732,4,0,1,522,2814946,1232568,35354391,0
45,0,0,0,0,44,13462,21,9,0,534,3455202,2033812,15062507,0
46,0,0,1,0,93,2705,4,26,1,733,3564851,479569,9608339,0
14,0,0,1,1,95,19905,8,11,1,753,2603151,1270216,35548014,0
18,0,0,0,1,91,3979,10,14,0,365,1031062,2994478,3160841,1
25,0,0,1,1,75,12911,11,20,0,903,2451737,603434,12825613,0
51,1,0,0,1,52,4477,4,24,1,86,4561556,2156463,7957196,0
92,0,0,1,1,14,15159,5,26,0,4,50640,2498983,33941595,0
21,1,0,1,1,93,296,0,24,0,578,1265723,532858,41485152,1
20,0,0,1,1,58,12272,15,21,1,342,694274,1013885,10088116,0
50,0,1,1,1,39,3172,23,10,1,185,2631368,1954707,12430976,0
37,0,0,1,1,28,2604,13,5,1,88,4324765,2071027,39014817,0
19,0,0,1,1,53,5703,23,2,1,794,292299,2268741,6172657,0
28,1,0,1,1,46,9143,13,29,1,534,1235879,2803630,36874597,0
50,0,0,1,1,79,22689,23,27,1,965,4900946,648214,30863551,0
3,0,0,1,1,88,4682,12,8,0,202,3989077,2249494,13201464,0
54,0,0,1,1,78,10470,29,16,0,574,4592941,2437081,8238770,0
70,1,1,1,1,54,9059,11,22,0,787,2566369,1712208,8228841,0
91,0,0,0,0,25,13621,22,18,1,681,1385063,1037978,41572529,0
27,0,0,1,1,32,9788,6,1,1,22,2962375,2442200,32365532,0
3,0,1,1,1,96,23157,5,20,0,539,3076397,143041,46238399,1
21,0,1,1,1,59,865,22,4,0,642,1793987,869834,8802386,0
75,0,0,1,1,31,15031,8,17,1,789,4126905,1512720,30779210,0
44,1,0,1,1,72,5930,20,11,1,89,174513,542391,11899852,0
66,0,0,0,1,88,9417,15,23,0,22,123252,619955,3406901,1
85,0,0,0,1,10,23971,8,14,0,905,3061454,1536366,29221962,0
65,0,0,0,1,62,23918,13,13,1,671,1944520,1523003,38354759,0
87,0,0,1,1,10,9904,8,1,1,685,4204423,1874589,47140082,0
33,0,1,1,1,64,13064,3,23,1,513,3282744,2176509,14313977,0
90,1,0,0,1,85,22595,8,21,0,527,4576730,459173,22029959,1
54,1,1,1,1,23,12156,7,9,0,158,3864379,2113948,2746740,0
0,1,1,0,1,65,20975,13,19,1,781,4516560,1517746,9988103,1
71,1,0,1,1,21,17534,26,2,1,78,2009987,1057808,5932417,0
86,0,0,0,0,53,22779,4,29,1,491,507633,1401680,20951462,0
37,0,0,0,0,7,23791,15,8,1,546,178204,1577593,26434939,0
5,0,0,1,1,38,17236,9,14,1,665,3278849,1127847,532977,0
85,0,0,1,1,66,3846,30,29,0,441,1121638,2103657,19901614,0
24,0,0,1,1,64,13414,26,21,1,33,1132089,2307193,48755320,0
81,0,0,0,1,72,11980,2,20,1,235,3785417,176250,9779609,0
16,0,0,0,1,91,24812,8,29,1,85,4798012,949411,15633524,1
60,1,0,1,1,86,19010,2,28,1,630,573712,1770940,48796350,0
11,0,0,1,0,38,1615,18,28,0,224,2888464,1678940,7130354,1
5,1,0,0,0,33,3841,18,25,1,528,3574881,1947942,1751720,1
89,0,0,1,1,64,19026,0,2,1,69,3133323,2426999,8277697,0
26,0,1,0,0,48,4881,21,18,1,667,909379,317791,28926741,0
7,0,1,0,1,19,23140,18,5,0,410,621203,2229075,48879029,1
82,0,0,0,1,49,13447,25,25,1,958,2115632,1625385,48295220,0
64,0,0,1,1,79,6652,14,19,0,19,1588754,860899,10075388,0
56,0,0,1,1,13,21985,18,3,1,790,2395584,2324015,22603246,0
92,0,0,1,1,39,11086,24,10,1,697,2472338,1139727,34600551,0
98,0,0,0,0,14,15391,6,7,0,970,4577345,1777240,8129260,0
39,0,0,1,1,42,21397,30,17,1,463,4983772,807252,27141810,0
13,0,0,1,1,33,16373,29,21,1,226,3199229,1855986,26124852,0
34,0,1,1,1,50,7334,23,12,1,606,462296,1254237,44104306,0
47,0,0,1,1,74,8463,0,14,1,803,4694265,2172926,39459422,0
83,0,0,0,1,87,14455,23,15,0,142,4414965,1565260,47017915,1
55,0,0,0,1,94,10000,15,24,1,855,3486490,214843,19877200,0
48,0,1,1,1,77,8702,7,2,0,369,3022614,489336,13557224,0
12,0,0,1,0,49,8042,11,4,1,647,4660982,1046091,47451161,0
60,1,1,0,1,81,11224,27,26,1,110,370261,547878,45348465,1
48,0,0,1,1,94,12360,29,6,1,218,4206200,80714,15683447,0
45,0,0,1,1,57,23585,23,0,0,605,3389240,1435712,42807244,0
61,0,0,1,1,88,13674,5,7,1,778,1696718,1218569,9520495,0
7,0,0,1,1,6,13340,9,5,1,508,984652,1047194,21378792,0
42,0,0,1,1,8,24412,13,3,1,48,1920808,638888,31511953,0
19,0,1,1,1,75,16974,4,10,1,350,3759711,1304251,48578606,0
96,0,0,1,1,23,21663,3,5,1,46,3975030,2062283,10120239,0
89,0,0,1,1,15,1861,26,17,0,622,1172909,48680,41143204,0
38,0,0,1,1,87,22303,24,19,1,87,4271711,1599107,7082721,0
84,0,0,0,1,36,18533,22,23,1,714,2037843,2395311,23488252,0
48,0,0,1,1,18,18586,27,19,0,239,2722482,1182410,48196888,0
63,0,0,1,1,53,22376,30,20,0,282,3079680,638343,957286,0
61,0,0,1,0,73,18616,13,1,1,758,1872306,1854234,48399206,0
53,1,0,0,1,29,19610,30,29,1,914,1835322,1968335,29256838,0
8,1,0,1,1,18,21192,16,18,1,961,1639080,1595669,32048839,0
87,0,1,0,1,43,6288,26,30,1,3,51462,1111874,35277854,0
36,0,0,1,1,16,16934,0,18,0,617,2792439,1004288,19645095,0
48,0,1,1,1,53,20726,16,17,1,586,1835308,1849197,3633219,0
40,0,0,1,1,88,1745,19,27,1,29,1675796,2985354,18376702,0
16,1,0,1,1,22,11021,8,23,0,389,4693969,2660298,32021624,0
87,1,0,1,0,5,20337,15,10,1,837,2034,2762470,27524917,0
20,0,0,1,1,8,24345,2,2,1,143,4913132,291926,10141663,0
50,0,1,1,1,16,5716,9,10,1,602,3346547,1600592,36252346,0
58,0,0,1,1,30,22212,16,0,1,282,2782389,2557365,5831881,0
38,0,1,0,1,36,5170,15,1,0,36,2667498,2986387,12850236,0
54,1,0,0,1,83,6612,29,23,0,516,742517,2027328,8596530,1
40,1,0,1,1,56,9166,0,0,1,507,2839322,1723149,42869564,0
38,0,1,1,1,94,6131,18,0,1,858,3567360,29411,17666815,0
12,0,0,1,1,19,7919,28,12,1,754,4523749,1506137,22265843,0
63,0,0,1,1,12,4729,14,26,0,285,1111290,1498883,18903250,0
10,0,0,1,0,96,14549,26,0,1,935,4545187,2862434,20453929,1
18,1,1,1,0,34,21986,30,9,1,244,1223068,1435390,25096319,1
10,0,0,1,1,58,18499,6,28,1,534,4516509,1669038,43666454,0
76,0,0,0,1,71,6838,7,12,0,702,85073,2786521,45915512,0
45,0,0,1,1,74,14934,3,7,1,961,4699693,64222,25124806,0
44,1,0,1,1,99,14393,11,21,1,476,4344541,311500,31866530,0
0,0,1,1,0,94,9748,1,6,0,814,4883336,2823977,8241052,1
39,1,1,0,1,12,7665,6,19,0,359,2800068,2586434,11103974,1
18,1,0,0,1,67,4054,24,11,1,211,4103465,1788779,6896789,1
75,1,0,1,1,97,20669,25,7,1,255,3582079,1951320,10999127,0
71,0,0,1,1,21,13437,5,12,1,617,2702467,1325775,16814581,0
71,0,0,1,1,20,16421,29,1,1,511,3824925,2996923,16391007,0
60,0,0,1,1,49,9340,1,8,0,588,2708800,2271605,3580548,0
11,0,0,1,1,72,2957,24,19,1,694,1022017,850041,48167535,1
60,0,0,0,1,14,12517,6,16,1,234,2291566,1584718,46012198,0
32,0,0,1,1,84,24299,24,30,1,390,3708567,304600,25133589,0
44,0,0,1,1,23,5884,26,17,1,631,1965924,2306197,758102,0
89,1,0,0,1,43,15548,1,23,1,483,3569373,2267821,36946636,0
91,0,1,0,1,54,10643,25,15,1,139,1287653,138214,38961560,0
68,0,0,1,1,81,16378,3,8,1,769,901387,1938383,20655721,0
7,1,0,1,1,64,18432,15,4,1,577,1699471,2116669,45763838,0
24,1,0,1,1,72,6973,5,19,0,903,4578275,1471515,24241122,0
90,1,0,1,0,36,22290,9,15,0,427,3878115,1423082,4598250,0
45,0,0,0,1,86,18203,22,25,0,764,4045021,1224818,37059128,1
86,1,0,0,1,84,8907,13,12,1,810,3715217,1015388,1666140,1
29,0,0,0,0,93,18097,2,22,1,861,4858196,1616570,43157241,1
46,0,0,1,1,68,3103,13,1,0,418,88253,639288,19335851,0
86,0,1,0,1,84,7278,28,22,1,135,4500633,1549265,26047374,1
48,0,0,1,1,90,3257,25,29,0,671,1851658,212578,2845655,0
46,0,1,1,1,28,16665,10,11,1,124,843393,2895024,12463894,0
83,0,0,1,1,32,5178,10,8,1,312,1591408,2118915,4811477,0
81,0,0,1,1,27,22531,20,1,1,129,3008296,517012,49418945,0
17,0,0,0,1,67,24174,10,11,0,357,4818371,1723091,6490719,1
65,0,0,1,0,60,6728,3,23,1,154,4909920,2328104,37971791,0
67,1,0,1,1,89,13233,4,21,1,285,3668283,2637132,7935313,0
93,0,0,1,1,77,14657,5,5,1,675,2259477,982616,13836776,0
32,0,0,0,1,70,9579,21,12,0,37,3108610,350723,46180898,0
35,0,0,1,1,42,15221,13,15,0,778,1145193,2821340,20035907,0
81,1,0,1,1,32,19286,6,19,1,709,3565213,636312,1261070,0
100,1,0,0,1,30,1977,5,24,0,990,4537973,2620159,12270154,0
18,0,0,1,1,64,9109,13,7,1,114,4626452,1929676,10063177,0
27,0,0,1,1,64,4824,21,6,1,494,3837618,2004777,31563939,0
39,0,0,1,1,95,3815,15,27,1,4,3209193,1966397,41126535,0
83,1,0,1,1,59,6507,3,14,0,711,2572271,1156660,27206950,0
96,1,0,0,1,29,1577,17,4,1,758,4809913,1774471,19766238,0
75,1,0,1,1,25,24949,25,20,0,639,1681155,115123,19975318,0
14,0,0,0,1,29,22176,6,17,0,627,4043965,1515843,38289908,1
40,0,0,1,1,62,21075,22,20,1,445,1919449,2408243,20782439,0
38,1,0,0,1,42,5406,26,18,0,468,2758839,678623,40880484,1
1,0,0,1,0,50,212,18,12,0,860,3911313,582129,17027949,1
62,0,1,1,1,79,1941,13,22,1,647,1783567,298454,38352545,0
28,0,0,1,1,96,23482,14,24,1,971,3806960,2500988,2369737,0
73,1,0,1,1,8,8816,20,15,0,177,3207434,763914,45864543,0
65,0,0,1,1,23,4280,5,12,1,701,2948582,404281,38214396,0
50,0,0,1,1,66,5382,9,25,0,142,4509163,1178194,7444865,0
74,0,0,1,1,28,13675,24,30,1,712,2892084,2172693,5542592,0
76,1,0,1,1,90,19831,2,28,1,664,2854834,2307834,35720059,0
9,0,1,1,0,59,1187,12,27,1,563,2029197,1289430,46849497,0
13,0,0,1,1,29,9521,18,13,1,502,4146453,371343,35198627,0
81,0,0,0,1,76,7833,20,15,1,31,4793846,2018770,43194383,0
50,1,0,1,1,88,19387,17,21,0,763,3906900,234760,8984254,1
72,1,1,0,1,69,2422,2,11,1,130,3843594,1599785,18399710,0
38,1,0,1,1,72,20166,30,11,1,968,1729566,544588,28611994,0
27,0,0,0,1,16,22189,30,10,1,91,1390607,1812855,26902472,0
2,1,0,1,0,29,23902,21,25,1,171,4085612,2745061,9916540,1
83,0,0,0,1,25,8467,2,27,1,253,976378,537143,10453894,0
69,0,0,1,1,23,22712,16,22,0,88,3449947,1482813,21872654,0
26,0,1,0,1,74,24245,22,27,1,691,3944228,2979737,42689368,1
1,0,0,0,1,56,16901,6,22,1,454,3525599,650493,44291708,0
92,1,0,1,1,58,17781,1,6,1,779,944137,1351909,29085821,0
37,0,1,1,1,39,4039,4,29,1,689,3808447,713765,31919774,0
2,0,0,0,1,7,16644,8,3,0,528,1913363,48836,25421664,1
15,0,0,1,1,37,18960,28,5,0,116,3418055,450733,2148165,0
93,0,0,1,1,77,8687,2,22,1,733,2171725,580607,21876719,0
39,0,0,1,1,11,206,7,13,1,169,3698067,2940018,21585584,0
1,0,0,1,1,31,17692,3,25,1,926,2576629,1376949,27963935,0
80,0,1,0,1,5,5495,2,30,1,429,4071558,2598462,44350562,0
40,0,0,1,0,44,11808,17,30,1,711,1576909,722120,17823441,0
11,0,0,1,1,22,14600,29,13,1,528,4139037,412567,26270517,0
34,1,0,1,1,39,5215,14,11,1,228,4497483,1650186,10810007,0
64,0,0,1,1,85,11117,28,14,0,415,1188572,2514895,9330761,0
54,1,0,0,0,43,10430,24,10,1,11,779785,2099759,10108583,1
44,1,0,1,0,15,2206,10,3,1,211,3772192,2768241,23943982,0
78,1,0,1,1,49,17755,4,24,1,334,1188059,1689772,23801354,0
89,0,0,1,0,79,19055,24,10,1,762,2222696,74385,49301260,0
100,0,0,0,1,7,6702,15,24,0,463,375121,134539,25647268,0
84,1,0,1,0,81,18338,23,11,1,520,390028,2645790,48597334,0
61,0,0,1,1,56,17456,18,19,0,780,2617602,2404221,30501673,0
48,0,0,1,0,64,12852,3,7,0,856,3668147,1892979,46100267,0
94,0,0,1,0,96,1239,27,23,1,61,3294830,2235877,16915579,0
24,0,0,1,1,62,8427,21,17,1,934,1186704,1485635,17642850,0
22,1,0,1,0,58,2495,10,5,1,695,3467852,624290,36191818,0
23,0,0,0,1,38,7272,25,8,0,653,153032,2763260,15339510,0
37,0,0,0,1,32,1466,11,23,1,466,2044549,2143270,6097420,0
27,0,0,0,1,65,24587,4,16,1,163,32546,1277580,21451160,0
20,0,0,1,1,70,1544,9,4,0,733,736390,2620826,22558948,0
53,0,0,1,0,70,24888,9,15,0,318,1290997,1354313,3224016,0
17,0,0,1,1,41,4592,18,12,0,20,4491974,92774,12220837,0
35,0,0,0,1,20,2668,4,12,0,566,1920035,2950398,47443241,0
98,0,0,1,1,76,13856,4,20,0,866,4574746,2053873,17209678,0
44,1,0,0,1,79,24975,24,8,1,67,4981224,2667140,23182187,1
72,0,0,1,1,49,23267,3,1,1,382,1358463,699629,46501856,0
52,0,0,0,1,19,10983,23,20,0,703,1120128,709400,1998668,0
29,0,0,1,1,8,2569,3,15,1,872,3630982,713268,26285640,0
59,0,0,1,1,27,6963,25,0,0,995,4358427,2831934,40638244,0
97,1,0,1,1,76,10238,1,7,0,863,1154424,2024715,9853803,0
31,1,0,0,1,84,17383,2,23,1,632,343742,2232901,21124400,0
66,0,0,0,1,20,19025,28,1,1,583,2940376,2378619,46421612,0
66,0,0,0,1,92,21738,3,9,1,777,1340218,1986964,27579374,0
27,0,0,1,1,57,2707,7,12,1,630,1063630,307149,32653595,0
43,0,1,0,0,14,15579,8,0,1,701,1941492,1289988,49504005,0
78,0,0,1,1,38,3193,27,2,1,306,121907,2927634,34402786,0
40,1,1,1,1,22,17133,27,8,0,187,3074209,295792,4236528,1
62,0,0,1,1,57,7922,21,22,1,176,4447205,784655,49320813,0
22,1,0,1,1,20,16896,29,22,0,529,3962795,1213120,25116037,0
74,0,0,1,1,66,5691,7,25,0,820,2150024,192894,42598064,0
47,0,0,0,1,56,14676,11,3,1,199,3095775,2212014,39782090,0
31,0,0,1,1,61,20213,9,30,1,51,4079315,794496,21389316,0
56,0,1,1,1,76,12689,4,4,1,581,2591213,903503,46602565,0
99,0,1,1,1,68,22225,4,22,0,600,2002016,1944113,42269312,0
32,0,0,1,0,88,23246,23,1,0,719,2462595,2280760,15552434,1
23,0,0,1,0,27,24074,14,14,1,450,1687411,1018251,27417897,0
38,0,1,1,1,44,6604,30,2,0,697,2740934,1620202,27776038,0
33,0,1,1,1,18,8484,19,18,1,911,4275028,1978155,11297450,0
55,0,0,1,1,84,8390,28,10,1,85,2749968,1654365,31407807,0
27,0,0,1,1,22,20614,2,6,0,613,904479,2090937,656063,0
36,0,0,1,1,98,20153,25,6,0,334,2484606,2758576,6644646,0
6,0,0,1,1,40,18208,30,26,0,883,2645794,2365951,42072117,0
67,0,0,1,0,43,17333,1,21,0,642,3505405,520803,14686913,0
36,0,0,1,0,45,21425,14,16,1,217,2089708,1236147,13763073,0
55,0,0,1,1,5,23444,12,25,1,795,4230323,2296746,41385645,0
64,1,0,1,0,85,23188,27,26,1,52,1440076,2443506,28564096,1
64,0,0,1,1,96,3949,23,14,1,629,2180196,1969990,33175674,0
46,0,1,1,1,75,2671,11,7,1,563,1985956,1766112,48698657,0
19,1,1,0,1,88,10024,13,9,1,678,4686823,255333,46159169,1
18,0,0,1,1,46,1989,11,14,1,885,3560349,1264623,23753167,0
28,0,0,0,0,28,19776,14,25,1,19,213246,1632280,1480685,0
73,1,0,0,1,69,8609,20,30,1,618,3548902,1492182,47695714,1
59,0,0,0,1,22,9543,27,19,1,158,470281,2682722,24191750,0
17,1,0,1,1,94,10750,21,23,1,497,1374822,2057557,45295996,1
91,0,0,0,0,18,15721,29,6,0,74,1637866,2759583,40567631,0
34,0,0,1,0,23,8474,28,16,0,991,3159867,592398,44066233,0
42,1,0,1,1,86,2924,24,22,0,845,860949,2243461,35394746,1
94,0,0,1,1,11,1045,29,19,1,653,1862997,2665320,11935504,0
90,0,1,0,0,68,21656,12,20,0,923,2211858,1625203,33758140,1
10,0,0,1,1,6,1200,2,12,0,430,3775987,360841,24625363,0
48,0,0,0,0,11,278,14,5,1,275,138505,635213,24484192,0
37,0,0,1,0,32,18535,19,4,0,147,1635516,1639110,43619252,0
63,0,0,0,1,96,18547,27,15,1,485,1180364,1319441,5797205,0
68,0,0,0,1,85,22300,17,27,1,425,4046055,1816545,36216695,0
7,0,0,0,1,34,18130,5,1,1,271,2330061,1213455,34877057,0
33,0,0,1,1,89,1346,14,23,0,924,2237205,1146216,20360440,0
47,0,0,0,1,77,12533,28,23,1,620,633526,2077403,37258120,0
55,0,0,0,0,40,20549,24,29,1,356,1427205,2608913,6961710,0
75,1,0,1,0,26,12020,11,4,1,796,3005669,621841,11196469,0
64,0,0,1,1,83,17089,1,29,1,562,1731760,2989911,5426213,0
30,0,0,0,1,82,17826,4,4,1,801,4920569,887130,3176677,0
3,1,0,1,1,31,1393,25,11,1,812,2752030,2901888,40065922,0
49,1,1,0,0,86,3981,16,22,1,55,2077195,385954,33172402,1
68,0,0,1,1,14,21437,12,17,1,121,3788329,1231540,13809035,0
29,1,0,1,0,26,20104,27,20,1,342,4082785,654087,43324967,0
87,0,1,1,1,27,23662,12,0,1,905,4562012,1992666,3278797,0
58,1,0,1,1,56,11920,3,12,1,36,3277255,1660603,47994912,0
66,0,0,1,1,46,20045,15,19,1,198,3251092,2052597,23986876,0
74,0,0,0,1,45,10336,7,11,0,642,1733947,2967915,18739023,0
44,0,0,1,1,52,8949,2,7,1,491,3678754,582271,21145153,0
3,1,0,0,0,73,3189,19,0,1,171,4066728,2120679,20303142,1
25,0,0,0,1,55,24502,1,14,1,154,4884415,1176585,43178329,0
26,0,0,1,0,93,2706,24,9,1,581,3979327,2366290,35824260,0
45,0,0,1,1,5,16770,20,0,1,279,1273735,2711516,37451244,0
63,1,0,1,1,92,16146,2,13,1,572,1767989,1294111,17782954,0
90,1,0,1,1,60,12254,10,12,1,902,3450524,2724816,22285475,0
50,0,0,1,1,75,8588,10,19,1,573,608965,1063430,25760155,0
49,0,1,1,0,28,14166,9,9,1,321,1546479,2602120,44151733,0
5,0,0,0,1,19,4335,27,4,1,355,1006119,695342,15290441,0
58,0,0,1,1,79,4059,22,8,0,383,768485,1021218,35219669,0
14,1,0,1,1,48,18816,10,30,0,41,4630203,2821203,23232489,0
29,0,0,0,0,85,2295,16,13,0,353,3590101,2214790,17433319,1
41,0,0,0,1,53,4072,24,20,1,794,2410211,1901335,33208829,0
100,0,0,0,1,91,6400,6,0,1,985,2778672,926709,14241679,0
36,0,0,0,1,53,8587,28,14,0,781,2610800,978527,4969325,0
41,0,1,1,1,72,16040,0,26,0,81,4482399,273871,36819720,1
100,0,1,0,1,99,1071,19,18,0,400,3252562,786807,12986573,1
34,0,0,0,0,78,23805,14,19,1,127,3077006,914130,23443916,1
86,0,0,1,1,41,23955,6,30,1,300,254023,1706782,34894255,0
5,0,0,1,1,78,17494,3,6,0,158,675573,1437095,48346697,0
67,0,0,1,1,46,9994,22,17,1,130,392082,65904,28308326,0
17,0,0,1,0,63,20526,2,3,1,836,689070,1147896,7518597,1
72,1,1,1,1,79,4514,19,23,1,205,2034247,691659,20176428,1
28,0,0,1,1,99,15719,27,20,0,550,3740379,1012667,13223944,0
76,0,0,1,1,14,3659,2,5,1,465,955388,2943554,29367684,0
58,0,0,1,1,57,15981,28,2,0,151,4292181,1654865,34640407,0
46,0,1,1,1,46,853,19,3,0,29,2457319,2088903,45755021,0
16,0,0,0,1,12,23361,27,24,1,496,3931881,758157,44659270,1
95,0,1,1,1,79,5592,9,1,1,57,4873067,126390,31187514,0
21,0,1,1,1,88,4659,28,2,1,825,1155110,29764,36358119,0
67,0,0,1,1,28,11721,2,17,1,201,1993414,808745,17186844,0
68,0,0,1,0,55,11267,25,1,1,783,4752676,1526799,13385371,0
36,1,0,1,1,75,22586,29,26,0,834,9848,2676349,34838740,1
48,1,0,1,0,64,10039,25,24,0,221,77970,2350628,24069282,1
12,0,0,0,1,25,3152,4,30,1,354,3009076,1847983,40089825,0
33,0,0,1,1,57,16639,19,7,1,849,4316385,1732781,21385758,0
85,0,0,1,1,10,5120,18,6,1,590,579134,813501,3584893,0
52,0,0,1,1,35,15180,20,29,1,719,1496078,1465086,6090970,0
86,0,0,1,1,16,22413,9,8,0,602,197193,2450184,46343697,0
50,1,0,0,1,17,14407,8,30,1,738,2269764,601676,12773811,0
2,0,0,1,0,53,22361,10,23,1,963,3226588,1928331,26532746,0
41,1,0,0,1,35,14884,0,8,1,914,1062024,2174334,46899415,0
97,0,0,1,1,13,8543,29,1,1,485,2833217,37919,43822126,0
31,1,0,0,1,31,22604,29,6,1,996,1925261,1768859,48414014,0
50,0,0,0,1,57,13699,19,24,0,829,1186532,2477779,16954733,1
84,0,1,0,1,85,6077,12,12,0,807,3071136,498737,39276743,1
45,0,0,0,1,55,2896,22,29,1,775,4933055,134039,27714845,0
20,0,0,1,1,76,20546,3,28,1,87,2470505,738248,10895818,0
43,0,0,0,0,31,17703,23,24,0,101,2240719,2963736,31601446,1
10,0,0,1,1,44,9681,30,7,1,380,2460139,2204483,18794582,0
67,0,1,0,1,66,9948,22,0,1,794,419147,312363,36091091,1
0,0,0,1,1,62,7632,20,2,1,116,2826326,2941958,19059159,0
91,1,0,1,1,19,4298,9,7,0,847,3351926,2109588,6063992,0
62,0,0,0,1,43,14233,3,18,0,408,4976923,2198769,27062106,0
23,0,0,1,0,74,23163,7,3,0,212,3053884,70942,16436132,0
98,0,0,1,1,12,15874,16,9,1,421,2469838,2284776,17894638,0
12,1,0,0,1,39,10097,1,17,0,216,4026549,2485442,17346236,1
97,0,0,1,1,67,17060,20,18,0,974,4986131,305979,36534641,0
10,0,0,1,0,35,16979,25,20,1,509,1972205,1680377,1129312,1
99,0,0,1,1,94,363,6,11,1,864,3470222,2947232,41015460,0
50,1,1,1,1,46,10424,24,10,1,739,3799497,910980,40983014,0
16,1,0,1,1,92,19008,2,5,1,791,1787898,1208083,23476155,0
98,0,0,1,1,70,24031,20,5,1,929,4485157,1395954,14654604,0
81,0,0,1,1,45,3107,10,22,1,386,1706758,1867110,49973555,0
85,0,0,1,1,5,24629,17,27,0,764,3890502,1738561,31167473,0
23,0,1,1,1,78,9806,5,25,0,205,4257974,2426267,12808793,0
18,0,0,0,1,91,19289,21,7,1,670,496519,1034316,17523309,1
36,0,1,1,1,37,8725,19,21,1,957,2549309,352117,39580335,0
84,1,0,0,1,41,13685,13,9,1,994,225984,2213291,9559978,0
7,0,0,1,0,61,11546,12,21,1,587,2901996,2785462,27153488,1
27,0,0,1,1,15,16073,1,1,0,997,2806269,1670683,22140896,0
4,0,0,1,1,88,23649,15,12,0,396,1589598,1749950,27496251,1
16,0,0,0,1,94,6804,30,18,1,594,1759752,1978960,46886881,1
100,1,0,0,1,51,7853,23,21,0,980,4152053,2535997,13046437,1
35,0,0,0,1,70,14092,7,21,0,305,3765596,327052,30404314,1
18,0,1,1,1,93,2396,14,5,0,333,3227833,1608991,20534535,1
63,0,0,0,1,8,21839,12,30,1,902,4297413,2735509,23297547,0
90,0,0,1,1,87,6752,0,3,0,778,3289034,91300,24055353,0
97,1,1,0,1,81,18256,1,30,1,957,4804029,1700158,25642742,1
10,0,0,1,0,87,11640,3,10,0,993,1882403,844405,22066910,1
53,1,0,1,0,81,7029,12,17,0,434,1878535,707701,31557887,1
44,0,0,1,1,59,17170,29,23,0,959,3090668,1471577,43309903,0
46,1,0,1,1,16,22219,11,1,1,516,462354,2376716,24113267,0
11,0,1,1,0,70,18057,11,2,0,900,1735074,2300878,49049243,1
20,1,1,1,0,41,11395,0,16,1,873,1182066,904924,6447102,0
10,0,0,1,0,27,17149,5,8,1,677,3066039,1766062,20450884,0
91,0,0,0,1,59,21048,10,18,0,746,596444,315670,40061673,0
4,0,0,1,1,23,12617,15,17,1,204,1872185,2336064,1692352,0
80,0,1,0,1,71,23926,1,5,1,884,1662225,2903687,1336085,0
55,0,0,0,0,92,3705,2,23,0,965,2741250,2668520,19143026,1
19,0,0,0,0,27,16696,10,3,0,951,3176811,2337490,5573500,1
40,1,0,0,1,8,17492,8,16,1,729,4207707,1226373,49137873,0
45,0,0,0,1,22,24012,6,29,1,729,1252728,79218,33140175,0
11,1,0,1,1,16,1414,3,22,1,545,1213865,868573,13096102,0
69,1,0,1,1,39,17715,27,29,1,308,1735941,1916652,32422931,0
16,0,0,1,1,31,314,9,29,1,447,2293426,797252,27990714,0
18,0,1,1,1,47,22567,0,18,0,591,2164252,439693,139730,0
25,0,0,1,1,82,20497,12,20,0,980,3996796,2563657,20140281,0
47,0,1,1,1,99,21934,3,10,1,487,2184003,1802845,42493400,0
51,0,0,1,1,71,16401,25,17,1,332,2026285,486690,8877410,0
95,1,0,0,1,73,1224,12,30,0,462,4696596,577312,49318150,1
69,0,0,1,1,68,12553,21,23,1,150,1678268,737876,17225506,0
54,0,0,1,1,97,10482,23,15,0,728,1677781,2635566,23676432,0
99,0,1,1,1,56,6530,10,18,1,460,4280257,1155924,34055897,0
74,1,0,1,1,21,707,24,8,0,724,1792238,2840298,40262657,0
32,0,0,0,1,87,14978,14,16,1,240,2590864,417238,27536468,0
61,0,1,1,1,37,20395,12,15,0,988,728880,108557,38014839,0
87,0,1,1,1,76,2736,3,5,1,952,3376449,378403,37778326,0
22,0,0,1,1,56,6809,5,18,1,971,1570008,443606,31196741,0
14,1,1,1,1,39,1933,1,29,1,214,3281869,894136,2915765,0
26,1,0,1,1,24,19817,1,3,0,882,2169681,1866666,46369923,0
74,0,0,1,1,85,9838,5,10,0,353,3279202,2140665,40665639,0
63,0,0,1,1,49,16823,24,19,0,954,3943939,2229716,14080789,0
80,0,0,1,1,81,13343,2,14,0,974,4906188,2936643,39940347,0
50,0,0,0,1,72,5398,19,23,1,973,991465,449383,43252089,0
52,0,0,1,1,54,19547,26,8,1,665,4208033,2508763,3941558,0
77,0,0,1,1,62,9907,24,30,1,720,2339247,2498314,21752598,0
90,0,1,1,1,34,6166,24,20,0,990,1563496,1589201,9076358,0
81,1,0,1,1,74,13291,10,27,1,257,212670,830904,311661,0
91,0,1,0,1,6,23462,14,10,0,540,2986772,189452,43377855,0
50,1,0,1,1,83,11192,28,9,0,735,4056459,2474636,44852528,0
46,0,0,0,1,38,1230,20,9,1,612,409517,2329612,41686354,0
3,0,0,1,0,56,19455,8,18,1,432,2591990,2288218,44521417,0
6,1,0,0,1,88,5736,20,24,1,365,3172191,75534,33156371,1
34,0,1,1,0,20,12564,20,0,1,114,2404986,2966051,10207499,0
47,0,0,1,1,47,5960,6,16,0,962,3483881,2968809,15026868,0
72,0,0,1,1,68,20335,14,18,1,311,4089967,823205,38872916,0
71,0,1,1,1,97,3132,21,17,1,618,2258317,1221334,24555054,0
44,1,0,1,1,31,13509,9,23,1,357,1703154,459710,19478071,0
80,1,0,1,1,69,312,10,20,1,619,1241372,2926444,16338488,0
80,0,0,0,1,17,14096,22,25,1,130,2125436,798052,49958831,0
96,0,1,1,1,44,7520,25,16,1,929,2885198,346226,47264863,0
95,0,1,1,0,36,18472,1,18,1,305,2514938,2119418,18172095,0
71,0,0,0,1,71,14042,13,2,0,676,4652661,142836,4851388,0
18,0,0,1,1,18,3679,15,12,0,670,858479,2153885,39284083,0
62,0,1,0,0,62,14042,8,1,1,244,1331693,2162090,15953749,1
37,0,0,1,1,96,13364,21,8,1,482,718471,912587,29424527,0
66,0,0,1,1,50,6559,24,12,1,146,1063742,2531939,35794714,0
58,0,0,1,1,94,21177,15,0,1,932,1776428,550182,19178857,0
68,0,1,0,1,89,23280,0,9,1,640,2132763,2802885,15193120,0
12,0,0,0,1,79,21873,1,20,0,24,4315494,2471960,14361002,1
46,1,0,0,1,95,2489,6,24,1,630,1713195,2477750,43077806,1
60,1,0,1,1,63,10105,11,27,1,129,2848178,1627917,9735645,0
30,0,0,0,1,69,19394,17,2,0,174,3493033,2357845,25992579,0
79,0,1,1,1,37,24904,5,9,0,536,4833461,2921290,34304432,0
95,1,0,1,1,50,23821,1,18,1,277,2292655,2584595,26716433,0
21,1,1,0,1,86,11107,13,6,1,541,4671342,1629155,38412582,0
92,1,0,1,1,58,20976,15,16,1,717,1834956,2324178,26317261,0
85,0,0,1,1,70,17754,9,28,1,576,1553405,994613,48402117,0
42,1,0,1,1,8,3828,4,24,1,778,3832242,636794,2844980,0
66,0,0,0,1,58,2396,21,22,1,653,4421333,1394234,33066985,0
53,0,0,1,0,8,11867,15,29,1,395,1636624,873447,9843345,0
9,1,0,1,1,21,16293,6,27,1,102,3352949,1074253,45189555,0
41,0,0,0,1,84,14206,14,11,1,631,168049,1715526,35532778,0
63,1,0,1,0,77,21400,12,7,1,186,3404225,2434348,17066268,0
20,0,1,1,0,94,13987,16,17,1,262,4972480,1087534,32763283,1
79,1,0,1,1,78,12056,17,30,0,947,1146877,912471,1271938,1
75,0,0,0,0,75,5006,17,2,1,778,1076406,1142509,40167,1
65,1,0,1,1,77,21687,16,29,1,960,2346797,70497,16754074,0
40,0,1,1,1,59,8225,2,24,1,333,723555,2169810,45280567,0
23,0,0,1,1,52,17419,11,29,0,368,4806978,364098,36289824,0
34,0,0,1,1,95,24260,5,30,1,626,3342986,1992127,3001830,0
55,0,0,1,1,53,17581,11,3,0,931,1918871,1661138,26571446,0
29,0,0,1,1,27,15869,10,20,0,623,2958571,1523335,1094515,0
56,0,0,1,0,31,17401,8,24,1,982,2607627,2481791,11228147,0
93,0,1,0,1,29,5480,18,25,0,273,4564092,2556830,8941946,1
46,0,0,0,1,97,1127,27,7,1,515,141643,1471847,31370324,0
34,0,0,0,1,28,24789,30,4,1,764,4374675,982065,5435784,0
18,1,0,1,0,84,7300,18,10,0,768,500766,1667031,12076589,1
7,0,1,1,1,84,8238,1,1,1,158,3119013,2428483,43052630,0
25,0,0,1,1,96,23167,12,18,1,482,3829094,1459444,12251725,0
70,0,0,0,1,24,15298,17,2,0,795,2998682,429533,32700989,0
29,0,0,1,1,57,9054,22,11,1,173,3130957,897544,23249937,0
6,0,0,0,0,87,23701,3,6,0,900,4680778,1070625,37427338,1
66,0,0,1,1,78,643,21,5,0,417,2677810,2000445,38407045,0
64,1,0,1,1,30,9454,23,22,1,939,3776700,1299669,34928335,0
35,0,0,1,1,64,4524,13,7,1,927,2235495,18178,1620925,0
24,0,0,1,0,6,12191,13,26,1,787,75022,923967,46608026,0
36,0,0,1,0,7,22253,4,4,1,651,3982116,2714111,37178966,0
0,0,0,1,1,60,21374,28,12,0,500,1949881,1397824,34776994,0
14,0,0,1,1,70,24913,18,30,1,549,814585,2089240,17950031,1
36,1,0,1,1,29,23917,1,12,1,847,2360353,2810109,1597109,0
12,0,0,1,1,72,1040,15,21,0,852,2392278,1785017,12726550,0
7,0,0,0,1,19,18956,30,0,0,957,2314554,2898246,965637,1
4,0,0,1,1,86,10253,5,13,1,869,3724290,1837183,13021543,0
59,1,1,1,1,11,9426,10,3,0,968,1262243,2025504,32116180,0
72,0,1,1,0,95,7069,11,21,1,770,4146615,1875663,30246234,0
0,0,0,0,1,86,14595,23,19,1,742,2687662,1924998,33304191,1
35,0,0,1,0,75,21725,12,28,1,690,2924625,2594229,43266346,0
34,0,0,0,1,97,11406,26,0,1,27,2301342,1959384,17574569,0
65,1,1,1,1,45,695,28,13,1,690,2497586,460968,8326879,0
62,0,0,1,1,64,3150,9,18,1,206,4193708,2592096,39144449,0
22,0,0,1,0,48,14636,13,18,0,792,4632572,1027136,29502984,0
8,1,0,1,1,37,6090,3,2,0,611,2363535,1395003,34134488,0
33,0,1,1,1,70,18419,1,19,1,796,3122128,46985,44278999,0
45,0,0,1,1,86,10904,18,10,1,824,4107847,2379294,14092206,0
77,0,0,1,1,27,5658,18,8,1,290,860211,2706704,36674205,0
3,0,0,1,1,68,18773,14,24,1,593,992909,2563983,7786391,0
29,0,0,0,1,10,439,8,29,0,673,4546290,1035132,11985082,0
94,1,0,1,1,67,19201,25,23,1,535,4592841,481907,18224431,0
74,0,1,1,1,47,23277,3,29,1,136,1326665,1126391,42238307,0
98,0,1,0,1,29,17588,21,18,1,767,2827751,248601,25032196,0
71,1,0,1,0,87,12675,12,27,1,929,3654907,380912,12108005,0
2,0,1,1,1,12,24791,8,1,0,832,4320650,1590366,19989904,0
13,0,0,0,0,41,22116,11,12,0,636,2156942,874593,14046896,1
59,0,0,1,1,94,11899,13,2,1,275,2223747,1375983,2584696,0
76,1,1,0,1,97,17554,25,30,0,396,2797977,943751,7929844,1
44,1,0,1,1,63,11576,23,10,1,4,472683,2307136,21155630,0
95,1,0,1,1,32,14348,28,13,1,223,4736694,1357237,279006,0
33,1,1,1,0,57,19240,11,14,1,447,2916364,1635916,48723459,0
44,0,0,1,0,75,3094,24,4,1,172,2225227,2251756,870448,0
60,0,0,1,1,59,12811,21,6,0,376,4942640,2972973,2560730,0
82,1,1,1,1,40,9592,29,1,1,119,19159,1501549,47023934,0
15,0,0,0,1,66,23511,12,5,1,149,2268568,2559595,9112965,1
65,0,0,0,1,19,13094,17,10,0,524,2390567,479070,40864729,0
39,0,0,0,1,58,13197,4,26,1,199,441909,2491099,24799239,0
16,0,0,0,1,65,15501,25,1,1,658,47190,30051,30019534,1
33,1,0,1,1,58,11105,18,12,1,295,2813216,1921364,47849657,0
15,0,0,0,1,73,20211,2,0,0,843,3038498,1334168,16974441,1
59,0,0,1,1,33,7070,25,30,1,545,3935408,1168230,39850889,0
65,1,0,1,1,85,23222,27,26,1,982,238025,1632594,6326679,0
65,0,0,0,1,31,21896,16,2,1,456,4865439,240997,2278165,0
89,0,0,1,1,85,18415,26,29,1,423,1499134,625951,1830150,0
12,0,1,0,1,72,6417,19,19,1,159,3355937,2961522,56126,1
55,1,0,1,1,16,12851,28,1,1,245,2913732,1920198,5745966,0
30,1,1,1,1,27,21906,6,18,1,795,1267042,2534867,17526384,0
33,1,0,1,1,54,12791,2,27,0,371,4212476,526819,38523884,0
38,0,0,1,1,79,22982,6,21,0,732,2908715,1383712,34186594,0
66,0,0,0,1,80,11598,5,29,1,471,89291,2584582,20777898,0
7,1,0,0,0,77,14339,13,8,0,681,3808149,755368,12784993,1
86,1,0,1,1,92,2924,27,17,0,795,978934,904468,27436902,1
77,0,0,1,0,86,21298,0,22,1,778,3503612,1730614,173719,0
54,0,1,1,1,31,4006,13,0,1,407,4448784,1523650,38498215,0
26,1,0,0,1,63,20949,20,19,0,801,4797939,2750560,38470591,1
92,1,1,1,1,13,5695,26,13,0,410,4207373,1764453,16204040,0
52,1,0,0,1,37,19688,21,28,1,205,863326,2420997,49222941,0
38,1,0,1,1,74,23272,10,13,1,671,1035109,1378895,26361242,0
64,0,0,0,1,55,24450,8,17,1,155,673663,2082672,13036636,0
16,0,0,1,1,44,1588,9,12,1,269,1420800,1588003,20560165,0
29,0,1,1,1,10,21070,21,3,1,688,4496553,182918,6490615,0
52,0,0,1,1,8,13421,10,17,1,439,2717554,248517,45940771,0
12,0,0,0,0,7,24793,23,18,1,570,21427,2298886,28869008,1
20,0,0,0,1,17,1305,17,23,1,765,3867447,74568,36807972,0
18,0,0,1,1,30,10410,16,3,1,303,4833364,1134589,48379458,0
52,0,1,1,1,38,8867,13,5,0,98,4477495,1702287,38895720,0
18,0,0,0,1,81,3872,30,11,1,47,4584939,1458509,31329131,1
56,0,0,0,0,57,16482,16,8,1,967,6674,859370,17981300,0
24,0,0,1,1,51,12637,29,12,1,812,1596753,105052,29452743,0
85,0,1,1,0,12,11320,6,23,0,204,1253614,859120,42381171,0
30,0,0,1,1,80,22274,30,13,0,389,2358604,2435414,23592755,0
80,1,0,0,1,12,20218,30,14,0,614,1771735,2428101,31031212,0
54,0,0,1,1,23,19583,30,13,1,6,2079256,1070013,46767807,0
22,0,1,1,1,78,5805,7,17,0,346,1992591,252263,16487293,1
31,0,0,1,0,36,3884,7,29,0,915,2661193,788421,7698591,0
61,0,0,1,1,25,10420,27,1,1,463,2461263,1331830,17441514,0
73,0,0,1,1,68,426,18,2,0,265,2392855,1481948,42363992,0
9,1,0,1,1,27,23309,4,17,1,77,2442700,2423682,45892476,0
99,1,0,1,1,95,19011,30,18,1,547,4097263,2753370,13016334,0
71,0,0,0,0,93,20925,6,17,0,623,2093564,2873507,31854484,1
53,0,0,0,0,75,18641,29,14,0,930,470580,791393,47329224,1
51,1,0,1,1,46,18292,12,21,1,703,2491360,369509,48518556,0
19,1,0,1,1,39,10683,14,24,0,738,2052275,550777,3305725,1
31,0,0,1,0,6,7827,13,23,0,733,1277855,2997947,3519896,0
13,0,1,0,1,96,12676,24,5,1,487,4086562,2910073,24204706,1
49,0,1,0,1,75,15235,20,3,1,539,4782244,880459,17943316,0
27,0,0,0,1,80,5929,14,9,0,814,2039087,2313015,74735,0
52,0,0,0,1,56,21305,28,11,1,941,2240054,336806,49350295,0
23,0,0,1,1,21,1252,13,4,1,908,1266911,2067826,13698978,0
78,0,0,1,1,90,22714,12,19,0,807,3906446,106638,2427942,0
21,0,0,1,1,13,21979,30,4,1,898,2850053,454513,45960762,0
29,1,1,0,1,56,13091,19,15,1,943,516453,2178786,20592483,0
62,1,0,1,1,7,899,30,17,0,100,1976311,326263,45030133,0
3,0,0,0,1,26,7340,3,14,1,896,4719208,1759129,39627428,0
76,1,0,0,1,58,10058,21,7,1,309,3629590,783916,5360733,0
58,0,0,0,1,40,13184,8,0,1,82,4937870,628426,20534353,0
86,1,0,1,1,43,23235,13,8,0,504,3943444,2156193,3331567,0
7,0,1,1,1,22,10255,28,11,1,6,3882728,62038,39844009,0
81,0,0,0,1,85,23611,16,0,1,734,557067,2939553,41668788,0
11,0,0,1,1,31,19258,0,4,0,469,920458,725027,15215740,0
30,0,1,1,1,71,22979,0,8,0,952,4144604,2559405,35523451,0
77,1,0,0,1,17,8418,3,0,1,534,843174,2404768,6776503,0
33,0,0,0,1,21,8547,30,29,1,121,3053395,2222744,28484647,0
81,0,0,1,1,65,1438,19,13,1,651,4417497,1498854,38733473,0
97,0,1,0,1,22,2665,26,16,0,615,2352328,1627631,27260576,1
74,0,0,1,0,21,10274,7,2,1,552,2068109,1370743,17651770,0
75,0,0,1,1,60,8050,29,15,1,810,3459840,2802300,400524,0
48,0,0,1,1,52,11775,4,7,0,775,2037923,1482812,39269044,0
78,1,0,0,1,20,5192,13,18,0,839,1054962,684659,18380194,0
56,1,0,1,1,90,16732,25,27,1,543,1865469,1561688,15806044,0
94,1,0,1,1,29,331,19,14,0,568,569988,2942219,12748256,0
92,0,0,1,1,69,20652,23,29,1,326,1473600,2146986,16949634,0
25,0,0,0,1,31,16729,22,1,0,90,3996222,1954735,33373515,0
17,0,0,1,1,18,21756,13,5,1,420,2367135,2121542,28862004,0
95,0,0,1,1,96,5281,21,9,0,969,3571121,1156021,36629328,0
85,0,0,1,0,54,5224,1,20,1,760,2356038,1676597,40969883,0
37,1,1,1,1,33,18419,20,12,1,932,1730510,934382,44895356,0
80,0,1,1,1,85,8608,28,27,0,387,1891007,808798,13620063,1
86,1,1,0,0,32,16490,11,14,0,185,2755840,1678300,41070218,1
87,1,0,1,1,25,19246,17,10,1,620,268759,191075,49471217,0
49,1,0,0,1,28,18797,5,8,1,927,1137133,2641604,33834040,0
7,1,0,1,1,50,3144,8,26,0,448,2182398,530450,14407476,1
40,0,0,1,1,64,3841,8,13,1,501,2037049,1942340,20956169,0
5,0,0,1,1,24,10689,21,2,1,158,1884210,415794,4016954,0
68,0,0,1,1,56,22856,3,29,0,991,500817,619241,32677331,0
43,0,0,0,1,26,6940,9,19,1,939,4127493,1235230,43276290,0
63,0,0,0,1,72,926,11,26,0,424,702979,2452841,2388616,1
28,0,0,1,1,20,2140,24,25,1,734,4997482,1755483,13282199,0
27,0,0,1,1,25,21923,20,15,1,713,1141733,1019353,2451200,0
10,1,0,1,1,48,24764,7,7,1,902,3278915,724572,6120954,0
64,1,0,1,1,66,5701,27,10,0,665,2697623,692312,35210634,1
18,0,1,0,0,25,14683,24,1,0,350,4900401,2344003,9037304,1
8,0,0,0,1,15,4311,20,4,1,26,4891622,588855,4031079,0
26,0,0,1,1,64,6363,21,28,0,323,530263,2622964,33306166,1
33,0,1,1,1,41,13157,19,29,0,918,2903291,2629952,17590928,0
43,1,0,1,1,48,643,15,11,1,938,1775064,1635886,46930834,0
67,0,0,0,0,26,4458,11,8,0,173,1108287,1681079,28346776,0
99,0,0,1,0,88,21903,16,10,0,713,1418147,2251468,28035519,0
81,1,0,1,0,70,12944,16,15,1,370,278386,114999,12222589,0
14,1,0,1,1,47,1733,20,24,1,227,3854180,2881813,7306995,0
50,0,0,1,1,79,21958,18,9,1,775,3846569,803060,39113662,0
12,0,0,1,1,25,1135,6,24,0,805,3947994,491420,21052878,0
82,0,0,0,1,37,12226,28,10,0,624,3943688,1866799,41664521,0
48,0,0,0,0,21,16536,19,29,1,969,145277,2163395,36858394,1
69,0,0,1,0,40,12058,3,0,0,91,3295237,1842745,6873024,0
55,0,0,1,1,18,24110,19,0,0,28,3281434,1643134,40951608,0
75,0,0,1,1,41,19443,21,0,0,237,3048673,2528413,30081916,0
50,0,1,0,1,35,12244,8,23,1,876,1561192,1189064,43162642,0
36,0,0,1,1,8,19107,27,19,0,993,661005,246806,17402353,0
16,1,1,0,1,10,1649,11,14,1,319,133013,2198290,36129650,1
57,0,0,0,0,54,4918,12,8,1,632,563519,311042,35209311,0
86,0,1,1,0,89,19087,8,26,1,123,1963815,1317243,13833757,0
89,1,0,1,1,81,108,28,5,1,246,2923560,1105186,21069695,1
28,0,0,0,1,42,16609,10,18,1,573,4241846,1278513,19848193,0
32,1,0,1,1,83,18172,4,7,1,946,4661280,1063088,9468821,0
59,0,0,1,1,9,12016,28,16,0,894,2658906,2345466,42126111,0
90,0,0,1,1,42,6591,26,11,0,134,827272,2514795,10937027,0
88,0,1,1,1,28,10721,28,1,0,465,3688246,2448479,3148849,0
54,0,0,0,0,22,10262,7,7,1,320,841254,2797796,13465868,0
9,0,0,1,1,97,22850,19,0,1,471,872657,1050973,23843745,0
46,0,0,1,1,36,4340,11,27,1,345,4475030,387362,6191796,0
22,0,0,0,1,75,22354,23,12,0,723,1221826,1901492,36236007,1
84,0,1,1,0,98,7260,15,10,1,628,1082718,499838,24306092,0
20,0,0,0,1,94,4348,9,20,0,541,4236304,2542013,39747178,1
12,0,0,1,0,76,1769,14,18,1,287,220847,1037780,47130781,1
100,0,0,1,1,93,17641,24,1,0,774,1137090,931278,20012559,0
32,0,0,1,1,34,14530,11,29,1,485,3774274,808081,9921959,0
23,0,0,0,0,92,12983,23,19,1,959,2945292,2344467,26836574,1
10,0,0,0,1,34,15125,23,17,1,674,2848084,2200487,29754791,0
16,0,0,1,1,9,17514,13,20,1,152,986738,1593329,35197727,0
67,0,0,0,1,8,16714,24,23,1,954,1385256,931341,43084204,0
46,1,0,0,1,55,18234,12,3,0,714,4968473,2824528,42558616,0
24,0,0,1,0,13,5005,15,6,1,378,484820,613150,42516915,0
93,0,0,1,1,59,10464,9,4,1,315,4297955,1916206,13517146,0
72,0,0,1,1,37,18981,29,8,1,331,2584043,1271454,13560991,0
20,0,0,1,0,97,19956,7,30,1,792,441768,2036867,47101464,0
83,0,0,1,1,35,1083,19,12,1,958,3499479,727987,18745403,0
82,0,0,1,1,87,22805,13,17,1,514,4666897,1363647,15486916,0
82,0,0,1,1,58,4188,4,14,0,306,4492014,1755526,6853866,0
11,0,1,1,1,65,6397,25,17,1,254,4142222,2900843,25516503,1
36,0,0,1,1,70,8426,5,0,1,477,3466023,2118300,20952202,0
41,0,0,1,1,24,24299,20,3,1,848,2899854,1619964,46149247,0
16,0,0,1,1,80,3047,8,12,1,87,3970275,2511970,20431622,0
100,0,0,1,0,89,15732,12,13,1,291,2173687,1636346,47272675,0
47,0,1,0,1,65,14456,28,7,1,377,4373152,2114311,18177592,0
27,0,1,1,1,99,20879,30,20,0,811,3146983,1626876,13522714,1
40,0,0,1,1,40,19029,12,4,0,854,1811038,370676,19146652,0
98,0,0,1,1,88,16549,1,19,0,291,4909102,248610,33174496,0
46,0,0,1,1,24,3284,21,30,1,646,4018021,2791253,12571194,0
17,1,0,0,1,49,16491,12,6,1,696,3639168,297635,6099174,0
77,0,0,1,1,50,20793,25,25,1,343,57094,2813905,44763205,0
98,0,0,1,1,22,22699,1,23,1,765,3940823,807912,29340865,0
70,1,0,1,0,74,16094,26,8,1,791,1475390,2022139,19811995,1
12,0,1,1,1,78,14317,14,5,0,414,2799422,1466413,23550552,0
81,0,1,1,1,22,12901,23,11,1,869,1738963,1251109,25793258,0
100,1,1,1,1,68,24263,23,24,1,938,2526345,1019180,32971846,1
12,0,0,1,1,38,9667,20,10,0,916,1452511,2714771,2559875,0
99,0,0,0,1,83,13378,30,14,1,651,3492552,1889112,11268150,0
30,1,0,1,1,7,19186,11,16,1,508,2824327,1209345,31288216,0
1,1,0,1,1,76,21030,9,30,0,344,2928821,2585948,24714233,1
15,0,0,1,1,15,15203,23,2,0,697,3163444,2988632,32586216,0
8,0,0,0,1,50,6589,20,16,1,978,4848477,2938055,34506777,0
72,0,0,1,1,46,6507,3,26,1,411,3569864,2767683,24856715,0
37,0,0,1,1,21,5596,24,20,1,437,978782,757404,15461790,0
74,0,0,1,1,51,7014,7,7,1,263,2962236,765984,9632436,0
53,0,0,1,1,34,20377,3,21,1,176,2406288,1022566,28351355,0
55,0,0,1,1,47,8871,1,11,1,597,243446,109799,46638018,0
85,0,0,0,1,12,24928,17,12,0,248,66903,2274658,28509607,0
96,0,0,1,1,44,24669,17,25,0,591,1990461,982204,10558311,0
99,0,1,0,1,75,21338,13,11,1,72,3830720,1378580,29115657,0
86,1,0,1,1,24,18851,26,4,0,220,576403,1775806,12417793,0
44,1,0,0,1,80,6082,27,0,1,341,2195897,1729523,934960,1
33,0,0,1,1,89,20472,29,27,1,840,2624375,2518138,6951709,0
8,1,0,1,1,32,7216,28,16,0,604,2247028,815318,36414994,1
87,1,0,0,0,32,4102,30,4,0,994,4155738,2044797,11808469,1
7,0,1,1,0,63,2090,28,27,1,879,3002986,2957281,2549599,1
6,0,1,0,1,66,14167,9,20,1,463,1542355,398298,24023218,1
35,0,0,1,1,84,12072,11,7,0,108,1303207,136700,43689684,0
17,0,0,0,1,78,1753,7,1,0,235,2551681,905229,2576589,1
2,0,0,1,1,58,21278,21,22,1,165,285880,2683694,33395173,0
27,0,0,0,1,90,3259,16,4,1,629,420460,2062256,24394399,0
69,0,0,1,1,11,4489,11,13,1,219,920093,278116,8290950,0
43,0,0,1,1,72,24540,28,1,0,937,1449557,249095,32489244,0
20,0,0,0,1,28,7877,25,20,0,666,2864183,675266,22962810,0
27,1,0,0,1,45,8416,19,11,1,588,4170300,2534087,4197403,0
53,0,0,1,0,58,21347,2,24,1,191,2051479,1925608,30339353,0
53,1,0,1,1,18,13522,9,27,1,866,442338,7760,10907971,0
64,0,0,1,1,48,10646,10,28,1,95,4511116,883928,30232191,0
99,1,0,1,1,53,8885,13,13,1,383,471537,25590,48565257,0
20,0,0,1,1,67,6360,6,4,1,3,587834,1187283,2182621,0
98,0,0,0,0,85,16964,25,20,1,90,970023,737090,26456944,1
12,0,0,1,1,49,8048,4,26,1,313,3587883,2235804,33128118,0
56,0,0,1,1,76,19701,0,17,0,566,2568301,2774264,19223480,0
48,1,0,0,1,81,5722,11,24,1,198,4009965,12710,24928485,1
53,0,0,1,1,11,2486,15,17,0,58,3444634,1989280,8043424,0
9,1,0,1,1,7,22464,5,15,1,660,4411480,850616,19798033,0
52,0,0,0,1,92,14150,19,28,1,179,3928810,2561326,11271384,0
43,0,0,0,1,51,561,9,4,1,680,4978285,1282340,13487964,0
46,1,0,0,1,92,12379,14,1,0,913,2010116,1884178,11335268,1
52,0,0,0,1,65,23723,14,17,1,169,4136660,487802,6303581,0
73,0,0,1,1,75,24698,5,21,1,577,1304771,1790376,34422392,0
45,1,1,1,1,34,9749,22,25,1,269,3529923,1362571,45648158,0
12,1,0,0,1,9,15768,24,2,1,466,183454,1110427,18521809,0
36,1,0,1,1,89,2055,0,25,1,500,1235619,249000,8808938,0
23,1,0,1,0,76,12148,5,28,0,704,1997347,322145,15872817,1
1,0,0,0,1,11,6625,12,8,0,853,2583611,1022729,16314340,1
85,1,0,0,1,43,19730,10,27,1,948,3709823,1839273,24625167,0
80,0,1,1,1,6,12017,23,5,1,524,2052276,762695,27197108,0
99,1,0,0,1,47,22429,19,25,1,832,2150023,2549151,11212223,0
13,0,0,0,1,16,5218,25,25,1,684,4323877,1254225,33491100,0
9,0,0,0,1,32,21880,24,17,0,780,4041995,1360483,40108729,1
34,0,0,0,1,23,225,19,29,1,282,1510619,149679,18308146,0
24,0,1,1,1,32,16355,19,0,0,810,4173556,290244,47386087,0
2,0,0,0,1,80,24855,11,30,0,104,1445212,4235,23858764,1
16,1,0,1,1,96,11065,13,17,0,668,2551258,248187,49407106,1
11,1,1,0,1,94,9026,8,25,1,428,4234756,667253,22738886,1
53,0,0,0,1,74,16230,12,21,1,729,3623812,2835165,715774,0
23,1,0,1,1,23,12869,3,1,1,469,3846304,1487022,19257040,0
28,0,1,1,1,68,14682,8,22,1,816,2890039,494417,5237753,0
42,0,0,1,1,95,6911,0,22,1,434,847505,2144060,3641464,0
24,0,0,0,1,13,8500,7,16,1,241,1526278,1687382,37915810,0
99,1,0,0,1,45,1247,1,11,1,267,1080274,145248,5146634,0
59,0,0,1,1,54,10843,23,29,1,969,626008,727478,37310241,0
89,0,0,1,1,14,7012,20,21,0,501,1035613,829991,11655158,0
64,0,0,0,1,78,6217,12,20,0,99,2016610,2111338,23760616,1
83,0,1,1,1,86,17163,12,23,1,804,2834202,2902581,8795508,0
27,0,1,1,1,58,6783,29,23,1,497,1533592,2853234,11792973,0
15,0,1,1,1,14,6985,0,24,1,157,1571701,1236045,46906158,0
46,0,0,0,1,11,9714,0,1,0,40,520900,1779411,18064420,0
80,0,1,0,1,36,8529,28,26,1,913,1262654,2413861,20182079,0
91,1,0,1,1,58,15198,5,0,0,805,3748438,1099212,48641119,0
57,0,0,1,1,74,6689,15,9,1,880,3238339,2231454,35412502,0
75,0,0,1,1,87,1419,16,21,1,689,3481677,2924202,26709816,0
26,0,0,0,1,67,19780,12,1,1,72,629158,271868,13911415,0
52,1,0,1,1,38,4719,17,4,1,693,3549758,718362,3170863,0
41,0,1,1,1,47,22501,26,16,0,364,3494990,1161336,8546070,0
58,1,0,1,1,9,427,29,0,1,623,1096249,2348143,9059639,0
46,0,0,0,1,23,22849,30,13,1,837,1239456,2306667,37422787,0
93,1,0,1,1,58,9685,2,20,0,919,113239,1225228,19726833,0
33,0,1,1,1,18,16763,14,5,0,54,4177810,197639,14504580,0
36,0,0,0,1,14,18446,26,10,1,650,1295887,2962789,26631497,0
5,0,0,0,1,53,16502,26,6,1,233,4668397,1097820,14126561,0
6,0,0,1,1,15,1925,1,26,0,303,2020880,2751600,4336860,0
95,1,0,1,1,35,16576,24,19,0,79,1116871,870076,34369808,0
95,1,1,1,1,70,13952,25,19,0,720,881540,812882,15032007,1
24,0,0,1,1,14,19757,27,20,0,923,2540378,2246539,49391153,0
32,0,0,1,1,25,2897,5,21,1,507,1174720,2195102,24096976,0
54,0,0,1,1,5,24423,24,23,0,32,4969009,2256925,18947304,0
57,0,1,1,1,50,22208,20,8,1,312,4972331,1830343,16311621,0
6,0,0,0,1,99,9399,19,22,1,232,664867,2796526,9537304,1
56,1,0,1,1,79,8765,27,25,0,179,2081080,2828898,32017355,1
11,1,0,1,1,78,24299,13,2,1,877,2136905,2158708,42858532,0
15,0,0,1,0,24,12011,17,5,1,174,1447629,1963760,29855446,0
79,1,1,1,1,25,653,3,8,1,35,1557931,2730092,11979525,0
42,0,1,1,0,41,20673,7,5,0,997,3117954,1702008,19896674,0
99,0,1,0,0,18,1300,1,27,1,88,4735632,2613169,47271278,0
76,0,1,1,1,62,18911,27,26,1,927,3594295,1383678,45206443,0
6,0,0,0,0,61,3186,23,9,1,627,2249792,1747078,37020549,1
99,0,0,1,1,61,14523,1,23,1,803,1747179,1873726,25069348,0
50,0,1,1,1,73,24262,16,29,1,464,3964572,1095266,22458566,0
72,0,0,1,1,74,7559,3,7,1,616,4910881,213803,4936757,0
31,0,0,1,1,28,3194,22,19,1,702,2058334,1888768,13818770,0
74,1,0,0,1,84,12267,15,15,1,164,4510937,2157800,46465544,0
7,0,1,0,1,64,24871,1,6,0,76,4097278,609311,6069755,1
96,1,0,1,1,27,132,26,22,0,188,4734508,624457,404634,1
86,1,1,1,1,51,24546,18,22,0,80,3630166,1642502,8054390,0
88,0,0,1,1,42,22534,27,23,1,305,2530360,2600849,11836941,0
71,0,0,0,1,84,16481,5,30,0,325,3668119,1032976,4374909,0
44,1,0,1,1,56,12834,1,17,1,111,4524498,2286218,30991684,0
85,0,0,1,1,17,551,8,27,0,965,2632597,1714700,25474538,0
58,1,0,1,1,12,8181,30,17,1,532,1911670,2600402,16824882,0
3,0,0,1,1,36,4057,5,14,1,688,2057775,656316,19817572,0
66,0,1,1,1,90,11859,5,21,0,422,3941677,1911070,545030,0
28,1,0,1,1,21,12264,27,26,0,740,1538219,186,5034927,0
28,1,0,1,0,9,9093,7,5,1,896,2922689,484939,37307942,0
97,1,0,1,1,76,6036,0,4,0,183,77535,2166017,21536628,0
97,0,0,1,1,54,9810,15,17,1,608,1894208,2940768,31873541,0
27,1,0,1,0,98,4525,9,7,0,872,4817148,2507684,6906009,1
76,1,0,1,1,87,20089,18,2,0,267,2005425,756797,14159371,1
78,1,0,1,1,16,14044,17,15,1,843,1979807,2577975,43442598,0
86,0,0,1,1,93,17085,29,16,1,491,1291921,2779034,1456822,0
43,0,0,1,1,48,4622,15,16,0,689,4540475,1219673,25472509,0
89,1,0,1,0,81,12117,0,11,1,988,2117142,2675856,41232698,0
3,0,0,1,1,72,1289,26,22,1,12,736197,2624602,1930935,1
89,0,0,1,0,63,12951,27,6,1,686,1739395,1628256,39497682,0
8,0,0,1,1,14,925,14,21,1,543,3694850,1875572,31228725,0
4,0,0,1,1,52,11805,15,21,1,296,200763,2709600,27220928,0
55,0,0,0,1,32,10165,10,20,1,606,518049,622270,16818707,0
95,0,0,1,1,9,20589,5,27,1,340,4345193,2387018,39152666,0
83,1,0,0,1,96,7165,13,5,1,283,1008852,1889581,15311770,0
49,0,0,0,1,48,17698,15,29,1,153,323197,618871,9039010,0
74,0,1,1,1,35,14514,3,1,1,434,1234425,57594,44520431,0
14,0,1,0,0,20,15735,21,4,1,354,420143,2095395,34805550,1
31,0,1,1,1,27,11656,7,1,1,35,4440574,1047242,30821244,0
27,0,0,1,1,97,12622,22,29,1,939,4005638,2977608,36001331,0
21,0,0,1,1,25,17650,30,2,0,502,1626470,694820,9095490,0
16,0,0,1,1,6,19211,27,4,0,180,1025665,2154969,17967628,0
58,1,0,1,1,27,16421,18,30,1,901,4686946,1775775,32614209,0
89,0,0,1,1,84,22581,18,16,0,488,4642623,1347303,22070256,1
70,0,0,1,0,15,6464,21,30,0,39,2105675,1073407,31925138,0
56,0,0,1,0,77,20369,0,26,1,703,4898651,2600681,8510933,0
25,0,1,1,1,6,6021,2,30,0,840,432651,945238,11299962,0
24,1,0,1,0,86,1406,7,18,1,659,1531960,1081981,48014690,0
9,1,0,0,1,17,12053,12,9,1,619,1423761,186251,23094288,0
44,0,0,1,1,49,1077,18,11,1,658,3285921,1553480,47260348,0
82,0,0,1,1,76,8212,0,21,0,118,3429463,444889,38661468,0
10,0,0,1,1,14,13084,28,17,0,720,4441417,2556608,29230531,0
76,0,0,0,0,95,14149,12,18,1,979,2094466,813150,19530928,0
52,1,0,1,1,85,3793,9,12,1,79,4706078,2424148,1024227,0
71,0,0,0,1,92,20994,28,24,1,477,3231836,2532361,5648728,1
67,0,0,1,1,25,12496,29,7,1,847,4198272,1570209,16007641,0
94,0,0,1,1,5,21982,15,2,0,892,4590767,1275095,46933105,0
27,0,0,0,1,20,8100,27,22,1,285,2641455,606987,1048674,0
74,0,0,0,1,47,7191,8,11,0,273,2693781,1371865,34895774,0
64,0,0,1,0,10,16361,1,29,1,527,1340772,915714,28471797,0
48,1,1,1,1,80,6630,22,30,1,168,4329383,1426373,45342964,1
46,0,0,0,1,15,21921,7,3,0,75,4635541,2274396,24310055,0
51,0,0,1,1,86,23113,2,29,1,259,3296810,479869,13691508,0
87,0,1,1,1,70,13029,28,13,0,461,4694300,1493545,45234765,0
53,1,1,1,1,53,23201,29,6,1,678,1407056,396274,17360432,0
59,0,1,1,0,24,5887,22,20,1,905,3526086,2888676,42736750,0
56,1,0,0,1,25,1931,25,27,1,375,630735,2394657,34923012,0
46,1,0,1,1,40,4029,19,12,0,980,2238350,751774,23835554,0
30,1,0,0,1,42,10344,1,11,1,637,3794781,2450568,9729820,0
45,0,0,1,0,60,8469,3,14,0,758,623563,313193,18747990,0
25,0,1,1,1,95,20682,15,1,0,688,4810491,2737787,17798634,0
4,0,0,1,1,15,20446,7,21,1,986,3523158,251026,18846503,0
83,0,1,0,0,22,5094,14,0,1,57,913165,461859,31011517,0
51,0,0,0,1,85,16487,15,5,0,204,467597,1631823,33476776,0
74,0,0,0,0,49,8499,17,0,1,689,623073,7772,26311806,0
53,1,1,1,0,30,8714,21,18,1,735,1215140,2670774,17740262,1
32,0,0,0,1,63,23967,9,26,0,386,1045665,2719131,34009794,1
49,0,1,0,1,10,15731,18,9,1,417,4665607,1495369,9628238,0
37,0,0,1,1,47,17302,13,30,0,784,3833540,2167987,43450374,0
26,0,0,1,0,98,2263,18,22,1,773,2393549,1031284,24590245,0
97,0,0,1,1,56,18419,21,13,1,437,398194,1416039,26622245,0
14,0,1,1,1,66,13514,13,1,1,721,3734371,1004211,41216018,0
95,0,0,0,1,21,20713,30,8,1,63,4071955,1207354,29286874,0
60,0,0,1,1,81,6191,2,2,1,753,665805,510781,31589572,0
20,1,0,1,1,50,12745,13,18,0,56,27078,1206865,43574823,0
45,1,0,1,1,45,829,1,13,1,744,4480348,898982,49705212,0
68,1,0,1,1,17,19958,28,15,0,416,280001,1658807,18191201,0
5,0,0,0,1,10,24696,1,6,0,911,2901845,2771124,28318785,0
37,0,0,1,1,90,14597,2,0,1,701,4986979,2820305,13790786,0
61,0,0,1,1,37,16217,1,4,1,268,3992497,844306,15757750,0
85,0,0,0,1,8,3553,28,25,1,913,1375916,1771647,43015257,0
61,0,0,0,1,82,6645,5,2,1,650,1972554,1577956,3020657,0
81,0,1,1,1,54,11764,3,16,1,858,2647579,1742471,48777742,0
77,0,0,1,1,52,676,0,22,1,172,3688585,2952644,11654259,0
73,0,1,1,1,31,2155,2,25,1,732,667907,1133205,47835555,0
45,1,0,0,1,10,5830,15,13,1,924,528842,2807224,35891710,0
12,0,0,0,0,62,21510,14,15,0,727,4826051,248240,35600368,1
94,0,1,1,1,67,23135,25,6,0,276,3530263,142563,35699379,0
93,0,0,1,1,5,20039,28,8,1,337,3615747,917219,38466982,0
2,0,0,1,1,32,268,10,29,0,436,1929564,1983253,29759255,0
93,0,1,1,1,33,10330,29,6,1,492,3917366,793850,84501,0
5,0,0,1,1,32,12167,18,14,1,392,677159,1188632,24653039,0
92,0,1,1,1,95,3543,3,28,1,251,849323,319286,42434376,0
7,1,0,1,1,78,13156,21,29,0,114,3478530,2131693,30745175,1
43,1,0,0,1,86,6512,0,19,1,463,4482964,1340275,15934896,0
32,0,0,1,1,72,23005,1,2,1,215,3440625,96048,33091921,0
80,0,0,0,1,45,13416,30,21,1,629,2934422,1298553,9156551,0
74,0,0,1,1,59,15656,9,15,1,462,3849780,1743373,3283922,0
76,1,0,0,1,36,5699,2,21,1,360,1511068,1108328,48226577,0
49,0,0,1,1,73,9383,20,17,0,878,1111849,935432,27867993,0
10,0,0,1,1,26,18676,26,6,1,283,1252761,545465,11635389,0
94,0,0,1,1,61,1884,27,30,1,491,1599376,2810390,43550896,0
27,0,1,1,1,26,966,22,16,0,205,2935062,1391157,31673406,0
69,1,0,0,1,70,5541,16,24,1,295,3838996,1006070,6764617,1
40,0,0,1,1,45,16182,11,17,1,363,2660313,1312615,12396261,0
15,0,1,1,1,47,4499,28,2,1,601,3082308,42906,31499603,0
67,0,0,1,1,38,21657,1,21,0,218,557088,1047488,34463522,0
98,0,1,0,0,6,21416,12,10,1,831,594405,800335,29106583,0
47,1,0,1,0,63,2067,3,22,1,492,3565276,2667370,1780961,0
55,1,0,1,1,40,15880,14,13,1,75,3972282,2325574,2306705,0
63,0,0,0,1,12,18771,25,16,0,806,3223304,1185959,17395574,1
58,0,0,1,1,37,12133,16,18,1,73,108971,942256,25944281,0
89,0,1,1,1,37,11541,10,21,1,363,4380828,550282,18079971,0
61,0,0,1,1,72,16923,0,19,0,737,4357439,1673349,23298307,0
75,0,0,1,1,22,15269,26,4,0,691,4203822,1040568,32843373,0
10,0,0,1,1,68,19956,24,28,1,80,1900188,43084,8362518,0
100,0,0,1,1,65,10992,21,27,1,241,1521729,2738469,18537960,0
88,0,0,0,1,87,16657,1,2,1,212,964597,2995516,33142361,0
17,0,0,0,0,14,487,9,15,0,391,2116506,584740,749469,0
18,1,1,0,1,54,8557,6,29,1,161,4743524,2314692,41891760,1
86,0,1,1,0,98,11532,25,23,0,77,637107,327145,20555224,1
54,0,0,1,1,26,24648,29,0,1,431,2816296,2508784,6409095,0
81,0,0,0,1,43,4182,21,10,1,35,1842696,203699,12663330,0
25,0,0,1,0,69,13151,10,9,1,580,506120,538041,23189749,0
5,0,0,0,0,34,18337,21,6,1,63,3881736,2076686,37395236,0
3,0,0,1,1,9,24016,23,15,1,863,561889,2291084,19613765,0
28,1,0,0,1,30,18454,25,1,1,94,4767439,2771940,947842,0
58,0,0,0,1,67,18108,28,7,1,643,3504072,1417334,38668030,0
97,0,1,1,1,50,14149,18,14,0,809,169710,1259251,34379,0
16,0,1,1,1,35,20308,9,15,0,603,41994,1226885,22418066,0
42,0,0,1,1,45,8870,1,2,0,928,19706,2117440,28769107,0
79,0,0,1,1,16,19993,13,19,1,943,335745,1193259,22264514,0
65,0,0,1,1,21,20830,24,1,1,678,3796909,2701885,9019612,0
33,0,0,1,1,22,19520,20,14,0,890,588316,2796398,22344417,0
7,0,0,1,0,70,7511,28,13,1,262,4135498,1687341,3660761,0
12,0,0,1,1,92,22848,21,20,0,377,3947202,1935783,16422567,1
7,0,1,1,1,96,14533,26,8,1,958,3975409,82966,44113250,1
93,0,1,1,0,43,4786,6,3,0,520,2009867,708325,44623427,0
95,0,0,1,1,78,1753,12,22,1,310,4788165,2578947,25365326,0
99,0,0,0,1,37,23151,1,7,1,600,3566555,992537,40338426,0
93,1,0,0,1,92,5542,26,9,1,975,798600,1837232,12812229,1
64,0,1,1,1,79,11931,5,16,0,921,1656240,2235430,21281987,0
42,1,1,1,1,12,16673,27,5,1,667,312934,1269312,22189809,0
38,0,0,0,1,95,22588,0,4,1,781,4673374,364073,47891255,0
80,1,0,1,1,30,13082,24,9,0,724,2796464,2997159,14823555,0
58,0,0,1,1,80,23838,27,25,1,645,1094820,2400994,4981642,0
83,0,0,1,1,39,19424,21,16,0,998,1164252,99503,24100104,0
87,0,0,1,1,61,24932,10,15,1,327,2117495,2456841,44087987,0
85,0,0,1,1,83,12414,6,24,1,570,1187001,2252247,42676735,0
92,0,0,0,1,25,17790,27,26,0,965,1918115,1903679,18464826,0
85,0,0,1,1,41,11583,4,25,1,156,4454335,946188,27532124,0
43,0,1,0,1,98,22420,17,22,1,549,4945301,1042665,19886171,0
8,1,0,1,1,9,12468,19,28,0,733,4559756,371548,12771306,1
36,0,0,0,1,21,2783,11,16,1,234,4666829,1501519,35336041,0
73,1,0,1,1,94,22402,20,27,1,421,3575994,2150375,38756439,0
35,0,0,1,1,86,2780,26,17,1,635,3222770,1394603,11676707,0
100,0,0,0,0,29,22417,25,19,0,135,1224817,571663,18289214,1
91,0,0,0,1,65,3744,17,25,0,430,3478351,918722,14359181,1
27,0,1,1,1,98,10489,8,8,1,602,473053,2166083,6387939,0
41,0,0,0,1,41,11906,1,10,0,751,224200,2365287,16477776,0
42,1,0,1,1,88,16096,17,1,1,186,3631978,1942762,32625511,1
84,0,0,0,1,70,17201,1,13,0,595,4569093,805612,35713063,0
87,0,0,0,1,17,18194,1,14,0,511,2378010,1014822,25209574,0
41,1,1,1,1,44,9377,20,0,0,74,1599866,648088,20639436,0
65,0,0,1,1,46,16213,13,0,1,696,566828,1366340,40941577,0
54,1,0,1,1,88,8277,6,8,1,874,992768,1486966,45948888,0
71,1,0,0,1,74,17129,0,11,0,468,2415172,2705139,37708153,1
47,0,0,1,0,79,2699,29,16,1,622,4208893,22758,43543570,0
90,0,1,1,1,29,21764,27,14,1,863,2223252,1139561,30539125,0
21,0,0,1,1,46,11087,8,3,0,228,3627200,395465,15453808,0
100,1,0,0,0,14,2317,26,4,0,110,737671,2745301,19812120,1
26,0,0,1,1,99,22854,29,13,1,262,2016423,2917785,26382096,0
92,0,0,0,1,47,15062,21,5,1,975,287755,60613,15012124,0
66,1,0,0,1,72,17543,11,5,1,88,4795848,2678321,32643572,0
12,0,0,1,1,93,21193,0,18,1,798,3300590,103805,16548644,0
44,1,0,1,1,32,16941,0,22,0,9,3527227,1475717,6828122,0
9,0,0,0,1,28,11826,8,29,1,65,3430613,475500,41528412,0
99,0,0,1,1,45,20655,15,23,1,818,328018,2492379,22346246,0
8,1,0,0,1,65,22875,24,0,1,751,3882260,2693914,8352177,1
53,0,0,0,1,9,13976,16,28,1,399,1921039,2963359,6744528,0
26,0,0,1,1,15,3827,29,8,1,826,715052,1560054,36252500,0
33,0,0,1,1,12,16807,0,28,1,646,1820423,1754506,40267127,0
0,0,1,1,1,25,3821,4,21,1,719,3110617,2287715,15712484,0
31,0,0,1,1,68,712,15,0,0,327,2338197,865948,29030036,0
88,1,1,1,1,9,21538,4,26,1,302,4948179,2077904,8542611,0
92,0,0,1,1,38,8973,6,24,1,347,874398,1042493,42783747,0
70,0,0,1,1,13,17919,19,3,0,906,4970095,329564,19072753,0
66,0,0,1,1,42,19818,25,24,0,608,1221604,2448237,34348366,0
83,0,1,1,1,47,13803,16,15,1,981,2090570,1785769,4539722,0
19,1,0,0,1,14,19018,5,25,1,684,4416109,1418100,46610086,1
93,1,0,1,1,16,1572,25,27,0,549,3988006,1228511,121822,0
34,0,1,1,1,22,24280,28,4,0,310,1126872,469543,475899,0
98,0,1,0,1,91,21601,2,15,1,102,3178723,1829297,36379892,0
90,0,0,1,1,16,19397,6,21,0,740,3269096,2272379,2530257,0
89,0,1,0,0,35,11204,13,13,1,974,1049155,2542192,17116780,0
77,0,0,1,1,15,3317,16,8,1,234,3388604,2463390,4520037,0
16,0,0,0,1,31,20539,13,13,1,295,4986048,457570,29951438,0
17,1,0,1,1,25,8384,19,15,0,316,3196095,2709796,38108838,0
44,0,0,0,1,78,16787,25,30,0,553,384515,529545,34613954,1
92,1,0,0,1,17,15335,11,29,1,560,565929,178116,44608295,0
83,0,0,1,1,49,2934,8,5,0,846,598322,150260,25366307,0
52,0,0,1,1,51,18162,30,16,0,258,3389011,2221073,42095714,0
90,1,0,0,1,29,4291,25,0,0,664,4177645,1256691,47790802,0
81,0,1,1,1,81,8290,29,17,1,10,2397239,2886314,10481795,0
67,1,0,0,1,68,16479,5,10,1,426,1555002,2899021,38872603,0
64,0,1,1,1,74,3697,1,10,1,390,2618486,2710622,512049,0
0,0,1,0,1,32,15991,5,27,0,131,3768909,2538002,20312596,1
57,1,1,1,1,24,129,8,11,0,190,3461947,1679535,18250122,0
25,0,0,1,1,88,8289,10,1,1,418,1076173,2893387,44382654,0
19,1,0,1,1,45,9380,0,15,0,986,966387,1194707,30347542,0
86,1,0,1,1,8,17305,11,21,1,254,859054,2915817,37070588,0
9,0,0,1,1,88,3375,4,9,0,842,356829,140637,41259358,0
58,0,0,1,1,73,12658,12,25,1,678,4876400,1772553,41516873,0
74,0,0,1,1,90,8126,23,20,1,950,3368545,2437249,22427233,0
40,0,0,0,1,28,18976,14,13,1,597,740364,103033,3605479,0
4,1,1,1,1,21,4801,12,29,1,25,1113703,2056804,45539687,1
64,0,1,0,1,9,18136,22,6,1,194,965084,2588245,46922870,0
16,0,0,1,0,61,744,25,7,1,36,2091898,1623263,37097881,1
21,0,0,1,1,30,11361,1,25,0,833,4680526,980836,33506125,0
97,0,0,1,1,76,23508,23,9,1,172,3871667,85191,41955030,0
40,1,1,1,1,77,62,8,9,0,490,4485159,1350724,47442245,1
92,0,0,1,1,21,18131,25,9,0,764,52851,2817555,41945065,0
67,1,0,1,1,60,14028,29,13,0,676,426764,1924560,32519430,0
68,0,0,1,1,12,24077,23,18,0,428,1365495,2260362,38479188,0
10,0,0,1,1,68,4006,27,8,0,856,299600,391055,18401645,1
55,0,1,1,1,73,18358,21,16,1,458,2526831,836372,20028754,0
50,0,0,1,1,14,4978,24,18,1,243,3587442,2702240,49560199,0
20,1,0,1,0,54,11071,7,1,1,547,1164345,1013844,17341647,0
98,0,1,1,1,59,13565,3,14,0,956,1851254,98222,18589655,0
75,1,1,1,1,18,4743,28,5,1,342,3702270,1720089,2003107,0
25,0,1,1,1,95,8914,14,28,1,366,2294481,1277905,43305007,0
18,0,0,1,1,31,12349,27,28,1,943,1392627,1815009,42372768,0
59,0,0,1,0,9,6137,21,27,1,994,3849692,117571,16880383,0
70,0,0,1,1,83,12699,4,15,1,480,743130,1954934,43171637,0
46,0,0,1,0,32,5852,9,16,0,144,3794212,949422,39708813,0
70,0,0,0,1,9,7290,8,23,0,895,1304488,1798201,18342652,0
25,1,0,1,0,90,14568,26,27,1,478,4054120,1619062,7310198,1
39,0,0,1,1,16,10219,30,9,1,164,2196421,2131711,28749799,0
4,0,1,1,1,12,20663,3,11,1,443,1062241,2249795,5831752,0
20,0,0,1,1,63,6338,0,25,1,701,587350,2671549,35411880,0
77,0,1,0,1,69,4501,29,11,1,735,3562214,1547126,17954817,1
3,1,0,0,1,64,10562,10,18,1,990,894160,2726248,20555845,1
22,0,0,1,0,84,17615,24,5,1,581,520949,654740,35465306,0
83,0,0,0,1,59,8110,10,1,1,984,1758911,857012,32270313,0
14,0,0,1,1,98,15440,8,20,0,686,4002107,198766,15275916,0
92,0,0,1,1,47,4815,22,17,0,996,3317307,1270978,31610520,0
7,0,1,1,1,45,19006,4,6,1,859,1027507,776349,17104531,0
40,0,0,1,1,14,9758,26,30,1,142,423772,507488,37081511,0
18,0,1,0,1,79,20951,22,4,0,101,1010988,1646803,10480630,1
45,0,0,0,1,88,24087,24,23,1,973,1824830,1113131,41638456,1
27,1,1,1,1,11,24700,18,21,0,788,2316048,1710603,43460847,1
90,0,0,1,1,25,13161,20,28,1,540,4973634,2433017,1885304,0
67,1,1,1,1,79,3811,2,7,1,371,2169648,2240195,13397888,0
14,0,0,0,0,91,6536,7,11,1,384,2372597,1035629,8739451,1
98,1,0,1,1,48,17624,15,24,0,262,672772,403551,28676246,0
36,0,1,1,1,99,18279,26,22,1,201,3792198,797385,35782335,0
0,0,0,1,1,86,3513,16,0,0,790,2123155,2614550,17656358,1
66,0,0,0,1,92,7682,3,24,1,343,3916708,1135248,24828255,0
23,0,0,0,0,90,5569,22,14,1,253,1472821,1154010,39089281,0
26,0,0,1,0,41,23150,14,12,1,136,1548707,1985193,7966980,0
39,0,0,1,0,48,21682,12,24,1,641,3251002,2305909,13907952,0
62,0,0,0,1,69,2489,29,9,1,583,4623900,2048140,7824325,0
60,0,1,0,1,10,5797,8,17,1,888,765385,2895152,14232124,0
35,0,0,1,1,42,11039,9,29,0,701,3714353,2646312,10683133,0
97,1,0,1,1,97,10240,26,17,1,893,3396630,2419480,28101885,0
92,0,0,0,1,47,15824,1,6,1,317,4203916,1787427,46747279,0
23,0,1,0,1,61,9973,29,14,0,332,3991294,1365575,24795550,1
23,0,1,0,1,79,14468,24,29,1,679,3529862,929425,20349629,1
3,0,0,1,1,84,710,29,4,0,593,996839,2931196,2553674,1
66,0,0,0,1,74,7001,5,4,1,562,350497,2626471,9909355,0
33,1,0,1,1,69,11565,22,0,1,336,2665382,2253458,478439,0
56,0,0,0,1,59,9163,19,5,1,196,4590545,1734861,102598,0
48,0,0,1,1,39,20826,4,15,0,229,2955620,100536,45261254,0
86,0,1,1,0,28,20282,16,7,0,265,4217821,1754781,36709349,1
52,0,0,1,1,42,22816,3,3,0,521,1099499,2862924,21105324,0
22,1,0,0,1,7,18372,7,12,1,987,2786976,556590,32246343,0
68,1,0,1,1,55,23792,21,18,0,588,2006022,480126,9863918,0
94,0,0,1,1,65,13989,22,9,1,930,2048584,2452883,15191801,0
52,0,0,0,1,44,4214,0,25,1,151,4942715,48968,29589966,0
61,0,0,1,1,58,1906,22,16,1,483,794608,550158,42673356,0
40,0,0,1,0,70,11089,21,19,1,232,987902,352044,13526850,1
56,0,0,0,1,64,1159,3,17,0,265,252296,2579021,47624805,1
59,0,1,1,1,19,3838,17,4,1,461,3819962,427284,37610166,0
53,0,0,0,1,90,6480,27,11,1,372,2618632,2767887,49932303,0
69,0,0,1,1,50,21780,12,25,1,690,2854316,2556393,7075836,0
100,0,0,0,1,59,24049,17,0,0,826,1378588,1755196,2766324,0
56,1,1,0,1,8,6801,22,24,0,121,4175194,2581162,16436451,1
9,0,1,1,1,28,3357,2,24,1,43,1443623,358713,28254176,0
39,1,0,0,1,87,12359,17,20,1,130,618759,2784988,18950499,1
6,0,0,1,1,98,24756,9,0,0,239,348327,1122230,45282611,0
37,0,0,0,0,90,3156,18,2,0,450,4687947,1560257,46973139,1
84,1,0,0,1,44,11899,25,6,1,797,1688414,1403130,12245542,0
60,1,0,1,1,31,20610,1,20,1,941,2816695,658735,7991116,0
83,0,0,1,1,83,22223,13,10,0,441,1450817,1198757,33482512,0
2,0,0,0,0,56,24584,26,24,1,662,3353652,688000,30019426,1
50,1,0,1,1,41,24848,29,19,0,939,3066951,1881457,11843926,0
85,0,0,1,1,5,6291,18,20,1,981,2018521,2352556,33073407,0
46,0,0,1,0,80,5297,4,14,1,315,2086859,1083725,19697933,0
67,1,0,1,1,13,6669,25,2,1,623,4665338,2108861,11863486,0
91,0,0,0,1,87,2258,15,7,1,646,3128316,1863262,28972148,0
75,0,0,1,1,22,2159,25,28,0,239,2715335,1275624,25133088,0
37,0,0,1,1,43,19450,9,2,0,697,3663897,1338169,38876155,0
35,0,0,0,1,79,14364,4,21,0,924,4911140,970014,3885081,0
40,0,0,1,1,79,13743,13,22,1,720,468300,2581440,15789773,0
68,0,0,1,1,34,15728,6,12,1,897,1475631,1616042,45778995,0
12,0,0,0,1,24,10890,9,1,1,407,1088836,1080880,36081333,0
86,0,0,0,1,19,13178,10,22,0,648,4704666,981456,18441716,0
57,0,0,0,1,68,2206,18,30,1,189,3869081,248275,3687992,0
49,0,1,1,0,29,11664,10,2,1,584,4120748,2699155,37630934,0
29,1,0,1,1,53,17143,2,18,1,490,292725,1229752,3753944,0
61,0,0,1,1,71,20496,6,14,1,257,4337172,2610008,36235469,0
100,1,0,1,1,30,22495,13,20,1,779,4504275,2474726,2974408,0
24,0,1,1,1,49,1056,5,14,1,8,1902834,348768,46996901,0
26,1,1,1,0,96,1989,21,19,1,495,3531976,2433279,30795700,1
50,0,0,1,1,10,11231,19,25,0,563,4704324,1489433,18487856,0
77,0,0,1,1,36,22627,26,6,0,799,3120201,2194832,47970174,0
56,1,0,1,0,79,3611,12,2,1,366,4887337,204729,36385061,0
46,1,1,1,1,81,22398,13,24,0,164,3053268,2958852,25059257,1
99,0,0,1,1,21,10302,29,16,1,200,3245968,151509,39761823,0
38,0,1,1,1,50,12700,19,29,0,472,1694743,1940208,37191879,0
15,0,0,1,1,57,4809,29,28,1,91,553948,1060702,20457177,0
21,1,0,0,1,98,20631,14,27,1,285,4954903,400720,23915552,1
84,0,1,0,1,8,17442,17,1,1,896,3772560,1288136,16037383,0
53,0,0,0,1,82,17155,10,15,1,748,3861025,698088,23192410,0
20,0,1,1,0,32,2745,21,10,1,82,553358,1976647,21772523,0
71,0,0,1,1,75,20016,9,8,0,201,2010300,2501963,42732064,0
15,1,1,1,1,20,1411,10,10,1,676,310641,1101326,24578032,0
58,0,0,0,1,82,7389,18,23,1,255,495700,59623,1490299,1
30,0,0,1,1,43,15221,21,22,0,38,3753522,415862,24986221,0
41,0,0,1,1,95,7802,14,24,1,334,2455004,1012485,11897830,0
73,0,0,1,0,34,10398,27,4,1,781,2688053,2280737,47274645,0
31,0,0,1,1,83,13124,2,12,1,680,14892,1905084,37510176,0
58,0,1,0,1,61,15745,2,18,0,820,3425767,1147624,14190940,1
33,1,0,1,1,60,3158,0,12,1,792,2571289,1597876,49716089,0
8,0,0,1,1,43,4631,14,1,0,701,1216599,1547502,26547746,0
80,0,1,1,0,46,3016,30,21,0,231,4255488,2051059,43275982,1
10,0,0,1,0,22,8767,12,28,1,78,576001,858153,28646945,0
95,0,0,0,1,79,1798,14,1,1,584,3583501,1767241,1848496,0
9,1,0,1,1,26,10201,20,7,0,652,346643,1076554,8688145,0
85,0,1,0,1,8,6838,17,4,1,820,38729,508597,15829326,0
16,0,0,1,1,7,24059,25,10,1,351,1261048,1452134,12014459,0
67,0,0,1,0,65,955,27,1,1,994,35163,2990965,23524712,0
47,0,1,0,1,28,18436,17,5,1,356,3516891,2556650,33731110,0
51,0,0,0,1,82,7858,30,21,0,981,2019356,822674,30768090,1
24,1,0,1,1,56,8709,8,29,0,388,4760203,195165,983288,0
20,0,0,1,1,71,20619,17,23,1,907,4392648,2347783,13452047,0
100,0,1,1,1,35,21585,10,11,1,696,1456121,1145209,4985503,0
64,0,0,1,1,57,15112,17,5,0,234,2934003,1335675,48482771,0
62,0,1,1,1,65,4758,5,15,0,485,4516269,541950,8465048,0
88,0,0,1,1,62,11247,25,18,1,745,3951986,2405492,3369869,0
50,1,0,1,1,39,24072,26,23,1,519,2925712,2631418,43547169,0
35,0,0,0,1,35,5255,16,17,1,823,3926895,1036512,26506056,0
80,0,0,1,1,61,5892,23,8,0,126,186974,39396,16063157,0
87,0,0,0,0,80,9730,28,21,1,588,3409240,1433506,28672810,1
65,1,0,0,0,14,4619,16,16,1,447,3845228,1040861,4446165,1
14,0,0,0,1,88,23016,8,19,1,389,3222469,1762197,663514,1
95,1,0,0,0,22,1043,19,16,1,387,4603051,2027613,1318473,1
38,0,0,0,1,60,4576,27,2,1,480,3528931,1003234,40380696,0
69,1,1,0,1,40,7551,30,29,1,744,2301444,499031,18292316,1
0,0,0,1,1,55,11047,2,14,1,244,882564,1146309,42730017,0
22,0,0,1,1,65,8937,22,9,0,832,1906604,1046024,5905150,0
38,0,0,0,1,23,7242,23,21,0,995,1856212,277968,6854881,0
56,0,0,1,0,85,2166,11,30,0,484,2057338,1988578,14283088,1
80,0,0,1,1,15,13363,29,18,1,908,250602,1535474,28856044,0
33,0,0,0,1,9,23820,20,4,0,478,3493391,38097,16691975,0
40,0,0,1,1,49,6776,2,23,1,254,4624406,223387,32360038,0
92,0,0,0,1,49,22951,29,23,1,161,3238223,2527285,220719,0
72,1,0,1,0,52,4133,3,12,1,936,3861348,824219,5505861,0
12,0,1,1,1,18,2620,9,24,1,425,3240335,1092647,6086207,0
69,1,0,1,1,32,12510,21,27,1,131,1839490,506752,8741319,0
5,0,0,0,1,13,3718,27,30,0,154,4508108,450618,12073854,1
83,0,0,1,1,63,12451,4,3,1,294,662183,2648206,6928351,0
51,0,0,0,1,42,19313,19,13,0,244,2846163,1535673,24991626,0
2,0,0,1,1,97,167,2,20,1,233,3615293,1843959,23317813,1
80,1,1,1,1,29,15265,21,19,0,546,2119133,1153849,1164356,1
62,0,0,1,0,76,10543,6,6,0,195,4121330,1976175,40035560,0
48,1,0,1,1,52,3447,1,27,0,590,2677942,1958864,31220046,0
75,1,0,1,1,23,22990,5,24,1,237,117572,1459526,1595066,0
46,0,0,1,1,6,11033,18,5,1,366,1972284,1279345,20878864,0
54,1,0,1,1,10,21111,9,10,0,654,4352402,1944887,31514224,0
63,0,0,1,1,34,10483,7,10,0,593,4977694,1037511,47335321,0
64,1,1,0,1,65,21312,15,17,1,591,1714624,976559,18526997,1
80,0,0,1,1,6,10426,29,6,1,908,4536126,1941346,29248760,0
66,0,0,1,0,55,648,1,18,1,807,1214852,261228,46205564,0
89,1,0,1,1,87,19033,15,23,1,489,1923653,2785732,24669909,0
14,0,0,0,1,17,61,20,2,0,620,4495680,918240,42504728,1
99,0,1,0,0,53,21306,13,8,0,862,824714,1340731,26819504,1
31,0,0,0,1,12,17865,23,13,0,830,3801422,1512492,6779166,0
95,0,0,1,1,13,7993,24,16,0,177,1430527,881147,44589877,0
67,0,0,0,1,27,339,12,21,1,827,1308356,586024,48592115,0
17,1,0,0,0,76,11867,22,26,1,307,3851642,1319602,29277335,1
82,0,0,0,1,77,8986,8,25,1,967,169608,1890832,39635073,0
42,0,0,1,1,20,15922,29,22,0,240,707902,1459224,1050217,0
34,0,1,0,1,20,15167,8,2,1,291,3649182,2890103,20102425,0
77,0,0,1,1,16,24881,30,5,0,179,4699480,2426802,830881,0
57,0,0,1,0,93,16739,7,10,0,499,750286,2479929,39109417,0
32,1,0,1,1,15,2211,6,12,1,628,3241546,1154371,778771,0
13,1,0,1,1,86,7323,15,29,0,543,813251,101033,19783096,1
33,0,0,1,1,17,17899,5,25,0,500,2917975,1625545,8098298,0
60,0,0,1,1,39,3884,28,13,1,808,2750796,2506194,24654807,0
3,1,0,0,1,86,19841,27,2,1,421,4027946,29700,48881256,1
87,1,0,1,1,98,10196,28,8,1,142,3435923,339488,8703251,0
58,0,0,1,1,47,3966,10,5,0,755,2725593,2271807,39547514,0
28,0,0,1,0,34,8231,18,10,1,442,3949154,2321126,5977879,0
82,1,1,0,1,64,6651,7,7,1,636,4755682,720276,11989777,1
5,0,1,1,1,71,20052,18,19,1,28,4057057,1959680,16252562,1
96,0,1,1,1,33,18935,14,7,1,245,283613,1241563,31991299,0
48,0,0,0,1,29,10813,10,20,1,12,2916348,2003054,43053613,0
39,0,0,1,1,70,11469,8,14,0,361,4807730,1528776,5147542,0
82,0,0,1,1,9,6893,15,14,1,70,2570740,167775,29060353,0
64,0,1,1,0,99,19603,24,7,1,324,4316342,1211856,30925371,0
68,0,0,1,0,9,17087,12,12,0,609,1252153,2395930,3085189,0
26,0,0,1,1,89,10244,9,14,1,568,3473092,2229966,6855190,0
79,0,0,1,1,53,20267,9,15,1,5,4126808,1563715,28250995,0
5,0,0,0,0,30,21704,29,28,0,393,622587,2044565,14011408,1
12,1,0,1,1,75,21160,24,1,1,574,581405,1554162,14171693,1
63,1,0,1,1,34,1513,19,29,1,103,613818,1194215,48976895,0
61,0,0,0,1,32,187,8,28,1,338,2896973,2550147,15937871,0
98,0,1,1,0,18,14757,27,2,1,992,634711,2511383,28388593,0
18,1,0,1,1,22,15918,1,15,0,991,1923857,444321,29584713,0
75,0,1,1,0,61,9946,0,9,1,636,2177733,785861,10069068,0
79,0,0,1,0,85,17387,7,19,0,802,136732,735021,9877712,1
42,1,0,1,1,29,4908,30,0,1,936,1025193,900236,42161513,0
73,0,0,0,0,74,19440,15,4,1,987,266725,1650408,11051766,0
88,1,0,1,0,9,22251,21,2,1,357,4915154,1054816,19629102,0
19,1,0,1,1,57,5355,28,6,1,357,4667837,2025291,28078541,0
94,0,0,0,1,89,13329,10,17,1,636,4749055,338769,4886455,0
67,0,0,0,1,43,6060,25,13,0,118,1574957,2160040,25321847,0
43,0,0,1,1,61,8198,8,13,1,807,641925,2016842,22980945,0
22,0,0,0,1,88,19423,24,26,1,108,3115207,1623993,14593690,0
1,0,0,1,1,15,744,18,13,0,269,3745375,2354095,534908,0
21,0,0,1,0,73,5478,17,28,0,388,3113139,1677589,43255619,1
56,0,0,1,0,29,7452,28,0,0,9,4604553,1131707,23069388,0
100,1,0,1,1,34,17343,6,17,1,712,2481840,1597172,47980621,0
71,0,0,1,1,6,14134,20,2,1,750,1317039,134698,39344760,0
6,0,0,1,1,88,8749,28,25,1,902,2588925,1120851,1557516,1
77,0,0,1,1,40,16058,9,20,0,289,4242326,2401844,31523381,0
55,0,0,1,1,41,16069,5,21,1,966,4235426,3646,20489837,0
66,0,0,1,1,6,321,20,23,0,48,3607728,1543568,41805636,0
15,0,0,0,1,51,9170,3,12,1,337,3158093,1475117,301023,0
82,0,0,0,1,95,22345,0,19,1,421,349363,197673,5466090,0
50,1,0,1,0,63,2284,3,14,0,461,3700275,775187,27818824,1
81,1,1,0,1,8,17476,25,19,1,662,2861340,2060291,34688230,1
79,0,0,1,1,95,11018,28,28,1,178,1000606,2440536,48560837,0
71,0,0,1,1,98,5226,28,17,0,787,1598585,2358495,15979056,1
96,0,1,1,1,71,730,28,2,1,796,2929912,2552043,12494390,0
11,0,0,1,1,50,20738,2,18,0,887,3544716,1127567,21069023,0
52,0,0,0,1,95,8022,2,14,0,629,4075014,411041,43594515,0
74,1,1,0,1,40,18702,13,17,0,448,4045286,266447,49394109,1
4,0,1,1,1,69,17820,4,0,1,698,2912204,1903030,44671357,0
26,0,0,1,1,60,20547,0,17,0,255,4745500,447670,20710878,0
11,0,0,1,1,80,11330,10,4,0,363,1435793,1469305,2003104,0
16,1,0,1,1,39,11955,5,23,1,921,2966987,1279494,3169334,0
5,1,0,0,1,86,16466,1,30,0,108,1570495,2816772,22867182,1
96,0,0,1,1,27,15759,12,20,0,328,2286091,2483561,24365554,0
4,0,0,1,1,82,15198,0,11,1,877,520379,718020,37228965,0
56,0,1,0,1,48,20474,26,18,1,442,3455906,2675605,39159909,1
27,0,0,1,0,5,23071,7,22,1,928,1927023,377820,37032783,0
77,0,0,0,0,95,10818,30,19,1,431,3555301,1432645,18701650,1
68,1,0,1,1,92,4208,9,22,1,761,2659532,1999008,18678433,0
58,0,0,1,1,70,9337,14,23,1,75,1986093,956591,29515716,0
32,1,0,1,1,16,17212,2,18,1,422,160135,458199,1246923,0
61,0,0,1,0,17,14094,29,25,1,658,1448328,2465095,40275689,0
49,1,0,0,1,31,17311,5,0,0,496,2692408,1686493,48408050,0
18,1,0,1,1,24,17924,1,23,1,539,2100004,778022,8341506,0
85,0,0,0,1,10,20859,20,21,1,102,1904541,794567,41101031,0
68,0,0,1,1,12,6985,24,2,1,293,2736025,1420960,10177983,0
65,0,0,0,1,25,23746,22,24,0,42,391334,1654719,39745159,0
93,1,0,0,0,25,17443,19,0,1,36,2157517,2533974,19607936,1
46,0,0,1,1,49,24610,2,23,1,361,2730439,487278,39735638,0
38,0,0,1,1,74,13134,30,24,1,674,3384921,524723,19949268,0
67,0,0,0,0,48,937,8,25,0,399,3606132,487519,8223372,0
32,0,1,1,1,63,11794,19,16,0,61,4112102,134310,43923105,1
12,0,0,0,1,34,1855,4,8,1,845,705795,2624057,23701447,0
83,0,0,1,1,14,15589,5,4,0,923,2609271,1114004,35664793,0
53,0,0,0,1,79,13004,9,4,0,147,3277300,487474,45972867,0
6,0,0,1,1,5,13491,20,10,0,612,154464,1309126,7798589,0
78,1,0,0,1,14,8166,8,20,0,589,62936,308919,27941713,0
86,1,0,1,1,29,21172,0,26,1,391,2647167,1040910,15859465,0
13,0,0,0,1,84,18321,26,16,0,445,1066795,2650560,17976778,1
86,1,0,1,1,87,17079,15,15,0,493,2450069,210231,19014391,0
18,0,0,1,1,78,22827,5,4,1,513,516378,2026624,4727333,0
53,0,0,0,1,18,6733,15,11,0,489,3230098,2231780,14462840,0
92,0,0,0,1,7,24472,19,13,0,405,1631287,250741,20773156,0
19,0,0,0,1,72,148,19,29,1,528,2843624,720180,49771371,1
28,0,0,1,1,44,5348,2,9,0,945,1302531,796018,12908212,0
23,0,1,1,1,37,15772,13,12,0,925,3057862,2699452,17198265,0
81,0,1,1,1,88,8699,20,14,1,216,3733411,1026628,30035412,0
62,1,0,1,1,83,1058,7,25,1,595,4731724,856699,5508495,0
73,0,0,1,1,11,8607,19,5,1,91,926379,1911278,6228308,0
56,0,0,1,1,7,5381,22,4,1,240,1951370,2979400,16505432,0
7,1,0,0,1,95,18144,13,15,0,687,3789577,685260,10560487,1
89,1,1,1,0,41,10695,23,5,1,129,1386044,2889219,5876980,0
61,0,0,0,1,97,7059,14,28,1,603,3577076,1053860,17410438,0
28,0,0,1,1,30,18010,20,30,1,142,1670832,2618496,42299916,0
73,0,0,0,1,95,9302,9,27,1,331,2453630,2505262,27050670,0
16,0,0,1,0,29,16873,16,24,0,256,131548,365689,10570766,1
65,0,0,0,1,44,23719,7,22,1,87,2057893,757423,34845830,0
5,0,1,1,1,47,1719,25,10,0,303,2058809,663268,44400605,1
57,1,0,0,1,98,23710,18,28,1,700,4123364,95347,16802168,1
68,0,0,1,1,48,5272,3,20,1,596,1141896,2824934,32203586,0
27,1,0,1,1,88,14988,9,30,1,117,3868401,2473416,36071210,0
61,1,0,1,1,75,5466,22,25,0,256,3095120,2168672,33518950,1
40,1,0,1,1,33,16846,24,8,0,538,4734054,805727,42151285,0
68,0,0,0,1,94,15633,3,20,0,274,2291196,1497702,16048211,0
81,1,0,1,1,95,20882,28,4,1,164,2580345,1315142,9183635,0
89,0,0,0,1,61,1379,19,10,0,222,1540683,2008599,43236222,1
83,0,0,1,1,13,10635,21,5,0,437,4374152,2437506,13179092,0
40,0,0,0,1,26,6318,24,23,0,196,4763291,1412742,21645596,0
48,0,0,0,0,80,7573,3,16,1,339,2287988,970261,14779132,1
90,1,1,1,1,74,540,9,8,1,62,924140,2491860,43917743,0
48,1,0,1,1,10,6948,23,7,1,197,2048039,624705,6578178,0
75,0,0,1,1,31,10699,2,29,0,962,2130875,929852,13632852,0
70,0,1,1,1,87,1561,17,6,1,138,2600076,2659962,32006318,0
2,0,0,1,1,56,6667,13,4,0,954,2173235,2821812,39212285,0
9,0,0,1,0,74,16798,19,16,1,817,4022515,2733899,42222411,1
97,1,0,1,1,53,627,13,22,0,107,2964212,1841972,29518711,0
88,0,0,1,1,85,18458,28,8,0,695,3059436,597085,39547904,0
34,1,0,1,1,97,12501,19,18,1,43,2832316,2143820,6693665,1
79,0,0,1,1,27,15376,22,11,1,75,3985963,2420558,22421675,0
1,0,1,1,1,85,9938,13,7,1,51,2768701,2919632,36173582,0
23,0,0,1,1,25,20155,6,15,1,662,4189542,578462,25396759,0
73,0,0,1,1,78,9235,8,13,1,811,2099851,1053026,30470187,0
37,0,0,1,1,12,21273,25,13,0,776,4877122,1939974,21356749,0
21,1,0,0,1,58,1802,1,18,0,894,3523510,1374317,14340897,1
25,1,0,1,0,18,22550,19,27,1,3,2558053,1507550,18421270,1
42,0,0,0,1,35,2246,2,2,1,681,1456505,369118,28501634,0
54,0,0,1,1,55,7609,11,6,1,53,107696,1762409,24395789,0
38,0,0,1,1,66,22681,18,5,0,424,3869239,2459538,43002270,0
90,0,0,1,1,22,23986,15,29,1,954,1107899,1047101,36926151,0
28,0,1,1,1,51,10535,6,4,1,658,4572685,1498976,20863674,0
19,0,0,0,1,98,18134,11,15,1,306,1642069,77866,7988076,0
90,1,1,1,1,86,24913,9,10,0,982,3394010,1081976,15105782,0
40,0,0,0,1,56,704,21,22,0,11,3260896,1919698,27512200,0
53,1,0,1,1,93,15892,2,24,1,450,1352022,1199573,21037417,0
19,0,0,1,1,41,2938,7,0,1,150,4633890,1431824,32048164,0
18,1,1,1,1,93,10685,30,9,1,361,2533150,1994201,22800719,1
83,0,0,1,0,34,5096,23,28,1,575,1863037,931302,14576240,0
98,0,0,1,1,34,13812,6,16,0,115,2301567,1257604,618796,0
65,1,0,1,0,79,8532,8,30,1,719,3469809,2148411,6687970,1
29,0,0,0,1,52,23487,29,20,1,648,4840901,914090,6653358,0
52,0,0,0,1,43,1065,18,23,1,595,2343476,1953170,5143350,0
33,0,0,1,1,31,19419,4,22,1,585,3282545,1809288,5611918,0
21,1,1,1,1,20,9317,21,6,1,581,4846625,614681,14058185,0
66,1,0,1,1,36,4294,8,2,0,840,3608001,299398,45753856,0
5,0,0,1,0,33,5207,15,24,0,737,4364524,126626,35963830,0
78,0,0,0,1,56,6593,19,4,0,113,4743832,1038954,26568167,0
26,1,0,1,1,78,127,30,26,1,15,1107066,1665383,42552066,1
9,0,0,0,1,98,14369,20,29,1,911,4022171,1651589,31125022,1
72,0,0,0,1,79,7717,8,11,0,361,494136,1729337,642605,0
96,0,0,1,1,19,13076,11,9,1,775,2284456,2199428,9900072,0
95,0,1,1,1,48,14076,26,2,1,213,2332231,1444142,24600011,0
47,0,0,1,1,27,11237,19,15,1,110,915547,1522796,48090430,0
69,0,0,1,1,52,14047,14,5,1,410,1405926,1117901,37770336,0
58,0,0,1,1,27,24111,17,15,1,321,3167208,1533910,13552364,0
99,0,0,0,0,75,14042,8,23,1,947,4996408,1683698,12702909,1
58,0,0,1,1,18,7810,26,7,1,858,515709,2434239,11311762,0
1,0,0,0,1,77,8413,27,19,1,922,397237,2936909,40855973,1
28,1,1,0,1,58,20650,2,28,1,126,4076286,1722836,9842307,0
67,0,0,0,1,96,1610,10,30,1,348,3292857,420239,39250099,0
64,0,0,1,1,74,13749,5,19,1,521,4649338,2734458,38657157,0
82,1,0,0,1,47,8233,8,8,1,154,2711042,951719,39269396,0
25,0,0,1,1,49,22335,2,29,1,883,2371704,1501755,5182519,0
88,0,0,1,1,26,13603,23,29,1,461,2384286,2526299,42066134,0
9,0,1,0,1,65,5959,8,12,0,517,4821825,165191,16596522,1
52,1,0,0,1,22,4726,2,25,0,622,731781,682794,41681502,0
78,1,0,1,0,48,15545,18,1,1,786,3078513,1244511,45934843,0
58,1,0,0,1,90,911,3,28,0,565,3618305,429941,15877707,1
21,1,0,1,1,77,20734,12,8,1,407,1021356,470288,24092366,0
50,0,0,1,1,22,6015,16,28,1,220,820220,792212,28954973,0
47,0,0,1,1,61,12071,1,12,1,485,324847,685170,40590555,0
20,0,0,1,1,89,21233,29,13,0,709,3655300,2362130,29174622,0
21,0,0,1,0,19,7328,15,23,0,829,2200711,1123037,37138622,0
99,0,0,1,1,77,11234,0,12,0,91,2807207,1497320,43261687,0
97,0,0,1,0,62,16034,2,18,1,468,3645995,2925260,10745026,0
29,0,0,1,1,6,3354,15,15,1,228,4856434,2298423,13407163,0
24,1,0,1,1,18,10869,5,17,1,997,4389443,2472365,476922,0
27,0,0,1,1,25,20516,7,15,1,674,1742476,1756964,45720196,0
64,0,0,1,1,47,12431,4,1,1,78,515689,499141,10706474,0
44,0,1,1,1,49,9816,7,0,0,175,4269037,474298,8742529,0
67,0,1,1,1,38,21737,21,9,1,454,4643463,2016961,11433492,0
6,0,1,1,0,75,15737,0,24,1,795,1160012,1047563,39061285,1
48,0,0,1,1,83,4820,18,13,1,898,4662090,806838,40470948,0
8,0,0,1,1,16,18547,29,16,1,9,2779712,496284,27059272,0
35,1,1,0,1,11,8678,1,17,1,203,4198287,1444356,41087364,0
82,1,0,1,1,73,3025,5,6,1,310,1942477,1916595,23733308,0
0,0,0,1,1,91,24238,23,20,0,645,1737656,1667589,21500350,1
9,0,1,1,1,32,23763,5,28,1,203,4492117,425473,38331366,0
35,0,0,1,1,29,11588,19,26,0,515,739336,1425659,10929319,0
72,1,0,1,1,70,3091,19,16,1,346,1030543,1823623,37441364,0
45,0,0,0,1,55,7434,8,3,1,910,3852937,2111091,5112990,0
31,0,0,1,1,77,14070,0,11,0,777,3516750,160669,19627057,0
31,1,0,1,1,38,10976,1,21,0,723,2279324,804226,36510636,0
5,0,0,1,1,50,22683,19,7,1,721,541737,1578854,31800180,0
47,0,0,1,1,51,16224,18,1,1,433,1214723,628975,35514290,0
37,0,0,0,1,36,16142,15,25,1,570,988602,2704649,40624141,0
16,0,0,1,1,16,12169,8,27,1,366,2001567,2021649,19721256,0
73,0,0,1,1,23,24569,4,18,1,472,4598770,329665,44390598,0
26,0,0,1,1,51,19823,23,30,1,846,3433618,1027617,37230419,0
53,1,0,1,1,42,15231,19,13,1,138,4859619,1867177,24362281,0
49,0,0,1,1,14,21224,10,22,1,503,4213567,1207216,1258507,0
34,0,0,1,1,14,15742,19,16,0,381,3347425,1516952,3953086,0
84,0,1,1,1,45,23664,13,22,1,903,184477,1116549,25337611,0
24,1,0,1,1,59,21213,25,16,0,653,439913,1031912,8088846,0
27,0,0,1,0,75,16230,12,7,1,803,1454097,1016795,12811533,0
14,0,0,0,0,78,4153,26,5,1,701,2231515,1253932,42305075,1
3,0,0,1,1,47,22314,2,9,1,863,1519181,1916804,16129032,0
92,1,1,1,1,42,17602,24,29,1,38,1412720,1356271,30383294,0
72,0,1,0,1,31,10352,25,6,0,746,1408834,2265555,15240479,0
26,0,0,1,1,36,1257,1,1,1,677,588513,2412149,12375645,0
25,0,0,1,0,75,7989,26,14,1,477,4042027,1808428,26184375,0
18,1,0,1,1,52,17794,15,21,0,582,3722607,1961916,6761891,0
91,0,0,1,1,30,19424,27,4,1,520,2516770,1224065,5965189,0
16,0,0,1,0,90,4216,10,2,1,217,4110448,358536,43213829,0
42,1,0,1,1,62,8523,2,8,1,69,1425176,1141133,16070178,0
40,1,0,1,1,80,11913,14,4,0,330,3266835,1757310,21094212,0
41,0,0,1,1,28,4868,2,23,0,279,949874,781306,11731107,0
49,1,0,1,1,58,7163,26,19,0,385,141943,482391,42458475,0
83,0,0,0,1,50,24269,26,28,1,781,1938985,487209,27186812,0
39,0,0,1,1,62,3234,30,5,1,101,757846,1195970,17424006,0
38,1,0,1,1,97,10016,18,3,1,922,549005,2672845,330132,0
22,0,1,1,1,36,22514,3,3,1,595,2993810,262398,7124037,0
95,0,0,1,1,20,7090,20,24,1,90,1349964,1239156,22017985,0
51,0,0,1,1,94,24928,21,20,0,444,160853,1690846,10756863,0
46,0,1,1,1,74,21121,4,16,1,880,1565002,2106217,27618868,0
62,0,1,1,1,69,9642,8,14,1,50,4394966,470577,29413064,0
96,0,0,1,1,17,8066,6,26,1,691,4746800,2691254,23256711,0
68,1,0,0,1,10,22821,22,6,0,889,2648024,2877165,20464926,1
42,0,0,1,1,16,1190,22,18,1,57,655522,2972891,33293986,0
47,0,0,1,1,13,17273,12,10,0,450,3628747,1216784,47506163,0
33,1,1,1,1,88,6849,27,2,0,447,4910446,2401154,41131638,1
39,0,0,1,1,63,17816,26,27,1,553,2402780,2274656,32175174,0
74,0,0,1,1,95,19246,22,14,1,979,1248695,2282302,9508167,0
60,0,0,1,1,71,2972,17,21,0,332,3246982,2664522,7118976,0
49,0,0,1,1,28,12289,23,18,1,236,2620584,2330123,48139087,0
66,0,0,1,1,19,23924,14,16,0,35,3632166,1457748,39797933,0
61,0,0,0,0,67,3516,11,5,1,224,1838082,1945043,15439195,0
57,0,0,0,1,54,24193,9,22,1,949,4915500,306248,44496098,0
32,0,0,1,0,25,23902,16,30,1,589,4705293,247534,4878526,0
74,0,0,0,1,5,8449,5,4,1,996,778262,966958,44957208,0
15,1,0,0,0,15,19372,27,12,1,961,240088,2817713,41979525,1
81,1,0,0,1,71,1507,10,16,0,801,1824983,2737006,31425428,1
93,0,0,1,0,26,20581,2,1,0,693,109410,747471,40133036,0
47,0,0,0,1,78,12255,5,17,1,4,2511554,1607323,18757615,1
9,1,0,1,1,92,21337,21,9,0,120,4898300,1844073,40535437,1
81,0,1,1,1,11,17941,23,23,1,770,1345078,662756,3950546,0
37,1,0,0,0,53,18384,19,7,1,520,307163,1684911,8487976,0
18,0,1,0,1,5,3156,11,7,1,592,4416994,1852517,48946545,0
35,1,0,1,1,69,14424,2,17,1,278,1899891,179244,41050990,0
58,0,0,0,1,67,1756,1,11,1,714,2949426,1817612,39637476,0
62,0,0,1,1,68,15448,27,27,0,585,4084395,2041805,40591227,0
76,0,0,1,0,30,19154,21,20,1,891,4488532,1237573,43403710,0
45,0,1,1,1,21,6971,2,4,1,758,1592893,2379556,4491520,0
2,0,0,0,1,15,4646,12,3,1,455,3511234,2631392,47583100,0
73,0,0,0,1,71,16416,19,23,1,232,3814225,2486148,25305931,0
64,0,0,0,1,14,22042,8,23,1,381,2578173,1743586,36581657,0
90,0,0,1,0,70,24644,22,27,1,209,444162,1104448,16042417,0
7,0,0,1,1,36,1689,29,12,1,798,887076,1494221,17758092,0
50,0,0,1,1,20,7792,16,24,1,75,2358079,2956716,24218348,0
80,0,0,1,1,30,1639,13,3,1,939,4110120,2188139,28538468,0
72,0,0,1,1,78,10142,19,0,0,183,4184360,402751,4782136,0
5,0,0,1,1,60,17919,26,10,0,783,4416629,1841126,8795932,0
88,0,0,1,1,98,6595,7,8,0,327,1027537,376335,10595183,0
38,0,0,0,1,13,14627,25,16,0,61,4341828,1305326,22378145,0
59,0,0,1,0,9,14201,3,19,1,835,1238856,2552164,5346215,0
27,0,0,0,1,11,12263,0,10,1,663,4970644,2022419,35429125,0
96,0,0,1,1,69,15300,9,9,1,795,4675899,2735913,22177454,0
53,0,0,1,1,95,19551,12,16,0,94,1470168,1786125,45609406,0
36,1,0,1,1,16,5827,1,2,1,944,751028,2956734,37155398,0
8,0,0,1,1,84,17014,4,18,1,957,1520205,1387578,21361823,0
81,0,1,1,1,52,19979,5,22,0,528,5965,164046,27098484,0
55,0,0,1,1,76,4661,0,27,1,654,4564990,2807939,7786668,0
58,0,0,0,1,29,725,4,2,1,948,4603774,1313184,43537179,0
84,0,1,0,1,17,8307,23,5,0,598,226616,732107,4314566,0
1,0,1,1,1,45,14564,14,25,1,882,2142147,2479153,39524097,0
60,1,0,1,1,14,24182,7,19,0,916,2284092,2623684,24291195,0
57,1,0,0,1,44,6709,17,5,1,778,4359709,549713,23024473,0
59,1,0,0,1,37,17122,24,24,1,570,967184,1844257,22079682,0
39,0,0,1,0,39,12602,17,27,1,797,3014171,1161070,49531611,0
35,0,0,0,0,41,10340,3,6,0,644,2531998,2294769,4724471,0
36,0,0,1,1,96,2553,25,0,1,479,2801477,1860560,43690128,0
78,1,0,1,1,20,3162,19,7,0,206,1620372,1033308,25572797,0
91,0,0,1,1,76,17090,19,15,0,389,1923002,2976381,49416177,0
17,0,0,1,1,37,20623,6,19,0,38,1365397,610131,25199972,0
97,0,0,1,0,57,8608,7,23,1,580,2889625,2844733,26512448,0
62,0,1,1,1,39,23559,28,14,1,203,1355642,1677707,2595180,0
21,1,0,0,0,59,9781,23,18,1,374,3649959,2278753,24152793,1
10,0,0,1,0,80,11770,19,9,1,473,597256,2728639,24059948,1
57,0,1,1,1,83,5195,12,11,1,524,1711667,152741,49304773,0
56,0,1,1,1,21,2358,3,29,0,52,139467,1387769,35138482,0
76,1,0,1,1,31,13852,21,4,1,351,1043172,1884574,42388152,0
3,0,1,1,1,25,19708,30,2,0,843,1787426,1895861,39580674,0
85,1,0,0,1,25,11521,24,27,1,743,2436676,1855235,20963363,0
6,0,0,0,1,21,525,20,26,1,992,881170,215942,20583642,0
60,1,0,1,1,31,18538,17,12,1,843,515607,1716946,1242330,0
53,0,0,1,0,80,3435,12,29,1,71,847761,2696361,21245430,0
87,0,0,0,0,52,23657,13,18,1,888,2474721,2268647,34136708,0
67,0,0,1,1,48,1755,8,2,0,834,22437,2698287,18091093,0
91,0,0,1,0,40,2194,11,19,1,321,1979131,1224648,46610029,0
78,0,0,1,1,32,3438,8,2,0,601,4534709,750488,45786789,0
0,1,0,0,1,29,1081,26,15,1,841,4163529,1637250,23811860,1
54,0,0,1,1,77,1197,0,29,0,46,2726160,2101369,6944176,0
2,0,0,0,0,51,16893,8,11,1,628,2320016,1414131,21436373,0
77,0,0,1,1,27,10444,6,17,0,868,1059646,2416371,29410562,0
37,0,0,1,1,79,12571,0,28,1,349,182991,2974849,39299295,0
0,1,0,1,1,54,2559,1,29,1,266,3920520,1823195,18291986,0
37,0,0,1,1,69,6091,17,21,0,603,1265047,1052367,37406662,0
84,1,0,1,1,20,7157,30,16,1,19,1576934,44015,5390087,0
28,1,1,1,0,54,14666,7,20,1,851,222099,745585,3043039,1
4,0,1,1,1,17,16353,0,26,1,629,1416625,520907,8232860,0
73,0,1,1,1,88,14526,26,21,1,629,989937,754888,6963547,1
91,1,0,0,1,84,5755,2,27,0,276,2531570,1417537,48141257,1
20,0,0,0,0,84,17214,28,16,1,413,637217,497976,2996247,1
70,0,0,0,1,39,9201,0,16,1,629,2087098,868706,32273233,0
66,0,1,0,1,36,8775,20,6,0,963,4803226,2775785,43333442,1
46,0,0,1,1,91,21639,30,13,1,278,2882250,2543611,31703612,0
83,1,0,1,1,29,1708,19,10,1,696,228470,2460272,5640373,0
82,0,0,0,0,47,19436,2,15,1,470,2646978,1586967,37322268,0
34,0,0,1,1,32,3266,7,21,1,477,2053612,1544791,9863214,0
67,1,0,1,1,70,24390,11,24,1,535,1858900,1655377,38649026,0
68,1,0,0,1,71,2197,6,3,1,936,333348,239072,38213017,0
0,0,1,1,1,99,1788,19,18,0,375,4822292,683327,15656194,1
67,1,0,0,1,37,58,0,21,1,730,4159755,606388,32003939,0
11,0,0,1,0,51,1504,22,7,0,943,3536607,364110,43360724,1
59,1,0,1,1,39,14842,2,4,1,629,4855367,860484,15885490,0
26,0,0,0,1,68,9375,20,2,1,703,2967572,929706,27720255,0
55,0,0,1,1,94,13923,11,2,1,854,3454058,784223,22531777,0
22,0,0,0,1,16,6477,7,16,1,934,14417,39492,38071686,0
24,0,0,0,1,57,17312,8,5,0,649,346088,1494213,30095991,0
20,1,0,1,1,48,360,14,9,0,981,1594280,2456561,36620804,0
60,0,0,1,1,50,1936,25,22,1,612,2450437,2000726,33709369,0
62,1,0,1,1,15,1927,10,8,0,690,782763,2379064,1060908,0
51,1,0,1,1,74,21660,25,5,1,701,2626918,2644670,48036796,0
87,0,1,0,1,93,12451,22,23,0,496,2353084,2673162,28680238,1
24,1,0,1,1,50,6020,5,21,0,740,1959779,589693,41566011,0
54,0,0,1,1,63,12722,4,1,0,864,4092988,1669979,20684955,0
45,1,0,1,1,63,20353,4,2,0,352,3586956,2564991,22574388,0
31,0,0,1,1,38,5279,15,10,1,126,1403451,1174948,15071948,0
54,0,0,0,1,25,22086,14,14,1,226,662531,1101766,4513359,0
95,0,0,1,1,86,23634,28,13,0,829,1680960,616155,40428551,0
4,0,0,1,0,76,10551,10,12,1,919,1423518,2206137,30434187,0
35,0,1,1,1,56,21571,19,16,0,538,830454,414822,42393339,0
48,0,0,0,1,52,24297,22,20,1,118,3056487,803666,9825254,0
57,1,0,0,1,82,15934,16,27,1,464,2240119,2796998,49415650,1
38,0,0,0,1,23,11163,29,10,1,230,1232786,2183319,31743987,0
79,0,0,1,1,88,21160,27,5,1,241,3515222,1308937,47736231,0
96,0,0,1,1,8,23849,18,21,1,3,554308,589147,48532353,0
84,0,0,0,0,36,4114,21,28,0,493,2202492,2427501,46461666,0
60,0,1,0,1,94,1511,25,27,1,194,2385734,1714210,48545669,1
8,1,0,1,1,32,22062,16,1,0,164,185903,1829721,945678,1
5,1,0,0,1,80,2833,14,0,1,841,3096594,1765783,17264498,1
34,0,0,0,1,62,13729,12,22,1,891,3076334,2199915,23551994,0
38,0,0,1,1,78,77,22,3,1,476,545441,2480797,49972124,0
21,0,0,1,1,45,12599,17,8,1,216,1957982,387587,37732474,0
40,0,1,1,1,37,10522,22,10,1,497,2604227,2415695,43034190,0
4,0,1,0,1,18,23070,15,23,1,429,1781969,2093405,36182110,1
41,1,1,1,1,91,24338,29,5,1,988,565762,2602876,41907053,0
86,0,0,0,1,86,17157,19,15,0,967,4912251,2039810,36397752,1
80,1,0,1,1,57,5582,24,9,0,90,2231115,2176493,28417490,0
75,0,0,1,1,80,8679,20,2,0,814,348294,205830,10139254,0
86,0,1,1,1,46,21007,0,23,0,321,3253577,1354763,12928298,0
79,0,0,0,1,40,13265,27,27,1,617,2111266,2913311,43897129,0
66,0,0,1,0,29,5049,26,9,0,877,2578136,1929009,18881982,0
29,0,0,1,1,56,12343,19,11,0,617,4357259,1157159,758059,0
56,1,0,0,1,44,13930,26,30,0,931,2159493,46555,42375503,1
85,0,0,1,1,90,17417,12,0,0,850,216574,1010119,19812325,0
72,1,0,0,1,74,14969,3,26,1,726,2724400,2108390,19138033,0
28,0,1,1,0,84,22232,11,24,0,205,1764923,2266326,21888817,1
36,0,1,1,1,66,10094,14,9,1,400,4800330,2430689,37716907,0
86,0,0,1,0,91,21970,19,28,1,559,4286765,940838,565713,0
12,0,1,0,1,13,4748,11,24,1,115,3723101,2919270,48594935,0
31,0,0,1,0,97,6824,18,9,0,861,3828876,2373027,38763727,1
45,0,1,0,1,82,18820,18,23,1,789,668756,306451,13528599,1
22,0,0,1,1,73,6768,25,25,1,393,3438114,2830814,7634729,0
44,0,0,1,1,25,21136,14,3,1,989,2389817,2829592,23399331,0
16,0,0,1,1,57,1541,20,8,1,716,4169900,2387435,23349453,0
84,0,0,0,1,74,21093,4,26,0,264,3359989,1509650,17750658,1
65,0,0,1,1,5,17795,10,8,1,330,1551418,306848,14798328,0
100,1,0,1,1,35,5868,17,11,1,482,4650324,1902295,21377186,0
5,0,1,0,1,49,17048,9,25,1,175,2489567,1145260,19501919,0
17,1,0,1,1,32,8976,27,10,1,212,1049671,572359,35255541,0
93,0,0,1,1,7,14700,25,20,1,720,1825856,148973,1585571,0
21,0,0,1,1,91,6632,12,5,1,938,2300565,1812095,43259570,0
32,0,0,1,1,44,6063,24,26,1,365,880584,1955879,18571913,0
29,1,0,1,1,8,5521,18,29,1,395,4938658,2812183,39915595,0
80,0,0,0,0,74,20217,30,6,0,569,1029672,981769,4566200,1
31,1,0,1,1,80,11457,19,8,1,752,2742858,649956,17880280,0
41,0,0,1,1,16,12271,14,10,0,462,2631453,2454542,29611535,0
77,0,0,0,0,66,7641,17,22,1,351,2953824,1613085,35940637,1
9,0,0,1,1,75,8811,7,16,1,895,3414561,212454,18016442,0
35,0,0,0,1,96,16778,22,10,1,424,4635970,786600,30997593,0
33,0,0,1,1,94,14876,2,24,1,755,3435436,2070745,32937688,0
72,0,1,1,1,52,19552,30,21,1,674,4736950,1690731,35458858,0
27,0,1,1,1,11,14093,10,17,0,388,4101704,1975383,29541254,0
10,1,0,1,1,61,201,26,25,0,690,3820698,2188275,5374985,1
77,0,0,1,0,60,8171,4,8,1,250,4422888,2077359,15682004,0
38,1,0,1,1,71,6795,11,16,0,816,3285429,1573431,2542638,0
46,0,0,1,1,17,11477,0,20,1,391,496845,1657313,19376609,0
18,0,0,1,1,56,2753,27,24,1,384,4659412,2547588,7852849,0
14,1,0,1,1,67,11774,5,27,0,682,4421424,2696334,38882757,1
27,1,0,1,1,45,15849,25,15,1,102,2077628,637581,33353563,0
23,1,0,1,1,79,12220,5,13,0,449,1148767,2512146,35472910,0
71,0,0,1,1,27,21338,11,0,0,818,4381762,136914,31983207,0
8,0,0,1,1,51,8360,20,1,1,634,1379122,1940923,26308535,0
46,0,0,0,1,69,19779,24,10,0,558,2800210,377189,2530954,1
32,0,0,1,1,35,14253,14,6,0,856,4472994,2880201,17971735,0
61,0,0,1,1,40,7168,3,9,1,42,4351475,1111172,24711552,0
96,1,0,1,1,18,18403,17,11,1,92,3707035,2450984,19669066,0
18,1,1,1,1,41,21122,11,10,1,280,1825832,2578334,45523868,0
66,0,0,0,1,36,19116,6,1,1,845,1533981,1961231,32394756,0
73,0,1,1,1,57,5133,4,24,1,742,637832,1619131,22473113,0
39,1,0,1,1,32,23333,22,13,1,138,806476,2307583,47517403,0
46,0,1,1,1,69,23791,22,8,1,794,4297385,2522643,48743669,0
64,0,0,0,1,51,13651,22,26,1,894,4561629,2531363,37388568,0
28,0,0,0,1,75,20392,2,29,1,375,1442091,970269,21741681,0
49,0,1,1,0,84,9431,28,28,1,386,3211530,705525,32003226,1
97,1,0,1,0,36,15374,4,11,1,225,3932029,1042620,13400549,0
12,0,0,0,0,28,3859,28,9,1,348,4426254,1629960,17748969,0
0,0,0,1,1,18,11426,16,23,1,347,3567599,2007424,39930008,0
33,0,0,1,1,51,1458,5,1,0,710,1503781,2142487,19398677,0
92,1,0,0,0,83,1014,19,11,1,701,4519962,920992,11474825,1
47,1,0,1,1,5,23578,1,25,1,442,2377737,2143000,11312685,0
76,0,0,1,1,96,9980,18,2,0,251,2444304,21204,17834257,0
47,0,0,1,1,23,24262,14,12,1,563,380155,673968,31808930,0
48,0,0,0,1,62,16605,30,18,0,593,3513913,974281,46741662,1
63,0,0,1,1,11,22341,2,23,1,256,2216526,1735694,410327,0
60,0,0,0,1,86,8379,29,12,0,481,1611906,2921674,6102856,0
28,0,1,1,0,81,11944,0,23,1,847,2597690,907761,29126477,1
38,0,0,0,1,68,12471,22,21,1,174,4277296,1617775,12999826,0
87,0,0,0,1,22,22502,25,15,1,515,4126382,2866820,30276460,0
25,0,0,1,1,67,13052,29,22,0,842,512053,393652,25440317,0
16,1,0,1,1,72,8824,18,0,1,861,1667248,1180213,9607109,1
70,0,0,1,1,54,17037,6,7,0,583,2281084,1551822,18298393,0
12,0,0,1,1,72,40,25,12,1,306,409108,33903,31969987,1
68,1,0,1,1,95,8205,9,6,0,548,102241,2487677,24543334,0
25,0,1,0,1,20,13188,27,20,1,692,3012277,1171455,21630838,0
48,0,0,1,1,18,27,30,20,1,44,2396084,2602696,2604009,0
66,0,0,1,1,66,23556,8,1,1,598,4136553,222108,29260417,0
6,0,0,1,0,82,4337,28,12,0,479,1840068,2810081,25956984,1
57,0,0,1,1,11,1835,15,11,1,487,3532519,1721063,26420886,0
48,0,0,1,1,60,24633,30,16,1,270,557486,266295,26127243,0
52,1,0,0,1,18,6216,14,30,1,706,104028,1741084,6700181,0
64,0,0,1,1,46,22807,12,8,1,689,3314918,880493,20706924,0
61,0,0,0,1,74,19555,21,9,1,966,2344416,632212,5096961,0
16,0,0,0,1,66,2057,7,2,1,595,572794,1990288,39428123,0
42,0,0,0,0,47,7776,26,27,1,155,3120816,123538,4669283,0
24,0,1,1,1,61,24874,10,26,0,454,228125,1698605,23192760,1
2,0,1,1,0,95,7258,0,20,0,2,4156629,2395082,40920148,1
78,0,0,1,1,79,24755,23,10,1,589,4693361,724479,2062432,0
28,0,0,1,1,35,19337,7,23,0,503,1214328,1908847,41534796,0
31,1,0,0,1,55,16041,11,11,0,47,787569,793202,15928591,0
25,0,0,1,1,71,23420,18,6,1,188,4893970,2735667,12196627,0
15,1,0,1,1,5,21172,5,22,1,650,2890778,2621605,34926561,0
24,0,0,1,1,84,7655,15,9,0,189,3830248,2602261,2383148,0
53,0,0,1,1,48,18584,29,9,1,296,4806974,901810,20630790,0
27,1,1,1,1,95,24891,30,28,1,5,1968986,219867,29965390,1
72,0,0,1,0,54,6525,29,27,0,782,1418935,1120693,7770675,0
55,0,0,0,1,64,12028,13,25,0,223,1129757,1040704,22990908,0
64,0,0,1,1,7,13904,21,28,1,89,2110026,2073604,38013172,0
92,0,1,1,1,76,14738,6,26,0,710,191861,591808,44630420,1
85,0,0,1,1,84,21617,2,19,1,332,999475,222814,37112349,0
79,1,1,1,1,58,9371,30,9,1,451,3082726,1647624,45039765,0
40,0,0,1,1,6,11948,9,3,1,623,814237,2676221,5648271,0
50,1,0,0,1,33,10,0,9,1,242,3118411,1993998,2238663,0
70,0,1,1,1,20,6881,28,21,0,151,198054,1589195,28112935,0
77,0,0,1,1,97,5254,24,9,0,449,1256267,2243927,13574940,0
28,0,1,0,1,99,7213,5,3,1,79,3982883,559524,5405517,0
82,1,0,0,1,63,16635,4,6,0,753,187895,2026530,46161759,0
18,1,1,1,1,15,21467,14,30,1,488,3833424,1335468,39461164,0
65,0,0,1,1,28,12040,17,17,1,589,1892445,2809425,12687480,0
40,0,0,0,1,87,11212,3,22,0,422,4744244,118270,8033176,1
44,0,0,1,1,36,16183,4,2,1,654,2663988,1745201,2132072,0
14,0,0,1,1,78,18931,9,23,1,915,3494453,2943623,11896594,0
2,0,1,1,1,58,21254,3,14,1,137,2270650,1388062,30827196,0
10,1,0,1,1,60,21678,9,4,1,348,2838573,715202,45633921,0
52,0,0,1,1,91,21457,19,29,1,801,4815987,1061393,40408294,0
45,0,0,1,1,98,19035,26,8,1,801,1315453,2868806,31894103,0
29,0,0,1,1,98,12295,21,19,1,941,4437713,608129,6037429,0
56,0,0,0,1,75,16356,30,11,0,295,3758469,1135925,12424511,1
17,0,0,1,1,84,18229,30,20,0,801,746987,1220980,22859419,1
50,0,0,1,1,47,16205,3,15,1,516,4488388,2048460,6263868,0
47,1,1,1,1,57,5205,28,10,1,338,2943183,520599,43126107,0
65,0,0,0,0,5,24918,11,16,1,794,3393933,2862610,28375695,0
95,0,1,1,1,98,20311,8,2,0,25,3085775,2075071,12927140,0
7,0,0,0,1,65,3772,27,14,1,227,1683529,1542843,30809460,1
21,0,0,1,1,38,15059,1,3,1,246,1979870,1891208,10077410,0
5,0,0,1,0,65,8978,4,8,1,359,4521503,32350,31169243,0
75,1,0,0,1,65,16763,29,7,0,210,573675,2854342,37708420,1
56,0,0,0,1,99,22874,15,17,0,417,3650727,1393343,19709513,1
35,1,1,1,1,12,24417,18,21,0,914,2610580,1756657,37467081,1
78,0,0,1,1,58,16974,23,3,0,888,3056992,1745158,33250267,0
91,0,0,1,1,57,13386,13,26,1,925,1077818,2389661,22735472,0
56,1,0,1,1,24,1572,14,4,0,745,2703348,214761,22708954,0
48,0,0,1,1,50,13233,18,25,0,392,4679930,1665057,44962190,0
44,1,0,1,1,97,20881,23,8,1,945,1601776,651937,40685453,0
81,0,1,0,1,35,2063,23,15,0,578,2774983,1092233,6206626,0
65,0,0,0,1,89,10046,17,3,0,452,2004927,2144982,34486850,1
76,1,1,1,1,30,21902,10,15,1,335,3267403,2495288,15802347,0
44,1,0,1,1,99,8639,12,28,0,200,4303041,462655,7790462,1
78,0,0,0,1,67,19582,9,4,1,94,1213668,1035628,34262528,0
19,0,0,1,1,24,2000,28,6,0,303,4319688,168048,844037,0
63,0,0,1,0,26,20141,6,10,0,633,1490614,1824435,5691147,0
92,1,0,1,1,61,19456,26,6,0,167,4175027,2231634,49438697,1
92,0,0,1,1,61,3977,21,5,1,216,4468914,1643474,39065510,0
66,1,1,1,1,30,3391,26,28,1,873,2395984,612429,48960315,0
82,0,0,0,1,21,6315,0,18,1,704,3343513,513748,43691896,0
2,0,1,1,1,93,7465,17,16,1,244,1109694,1563203,12131956,1
53,0,1,1,0,31,21052,3,27,1,140,1573620,432772,21925266,0
77,0,0,1,1,71,18060,15,24,0,36,2506562,2758553,33478490,0
63,1,0,0,1,60,16202,17,30,1,526,4805387,2077328,31770308,1
39,0,0,0,0,28,22279,20,5,0,480,31257,256915,49267262,0
58,1,0,1,1,29,23902,18,18,1,819,3473941,1344184,6780663,0
54,0,0,0,1,14,13846,14,16,1,183,3818275,826791,21623482,0
61,0,0,1,1,40,12817,21,11,1,334,711898,1090720,32011109,0
3,1,0,1,1,86,19893,24,11,0,896,4625342,1133126,2203166,1
59,0,0,1,1,49,5393,29,12,0,156,3156259,620749,17866061,0
74,0,0,1,1,21,17219,9,5,1,555,3153513,597911,9451142,0
94,0,0,1,1,82,17285,6,18,1,148,2811451,259601,1049137,0
95,1,0,1,1,62,3428,29,0,1,397,4998503,2322191,38664975,0
90,1,0,1,0,87,13457,20,12,0,174,2663268,1342728,14676498,1
29,0,1,1,1,86,326,0,4,0,941,3247619,1253516,1718745,0
1,1,0,1,1,27,14808,0,0,0,81,2429912,138489,49439239,0
61,0,0,1,1,12,9223,0,2,1,30,3717907,232600,46027345,0
48,0,0,1,0,54,22462,30,2,1,432,2916016,2763924,3484645,0
8,1,0,1,1,20,20688,18,14,1,616,751879,1916912,25900243,0
91,0,0,0,1,93,17493,6,14,1,401,4164707,24865,8958095,0
30,1,0,0,0,47,20347,14,30,1,992,920580,2558999,27658237,1
97,0,0,1,1,87,18861,12,21,1,812,3619074,1215372,23961255,0
60,0,0,1,1,86,21359,8,3,1,636,1634583,2430216,6615052,0
78,0,0,1,1,50,23924,13,7,1,595,2420482,1947467,17740973,0
47,0,0,0,0,53,11719,5,2,1,73,870727,1602589,48195898,0
24,1,1,1,1,19,18844,6,7,1,171,107497,2249851,45854562,0
35,0,0,0,1,53,22555,13,28,1,576,1801462,1970842,28940075,0
7,0,0,1,1,25,9909,10,11,1,986,2652307,253662,40364739,0
72,0,0,0,1,79,10618,2,22,0,636,2838163,2815207,21324831,1
57,0,0,1,1,97,2717,10,17,1,129,227754,371836,49840902,0
100,1,1,0,1,10,18955,7,27,0,817,1866567,1490050,18025636,1
44,0,0,1,1,59,39,25,12,0,787,4561307,2791928,24113985,0
61,0,0,0,1,87,444,5,29,1,109,2989355,342721,43315128,0
38,1,0,1,1,84,11523,2,7,0,268,218756,254304,15711882,0
95,0,0,1,1,80,13812,28,16,1,119,4814615,2949224,30607151,0
57,1,0,0,1,19,16440,11,8,1,236,1926774,2845416,15886672,0
80,0,1,0,1,15,24884,17,6,1,28,4951154,208724,28787584,0
98,0,0,1,1,43,9748,24,21,1,109,512273,926195,18103214,0
100,1,0,1,0,78,19935,10,23,1,998,3013784,2327486,21674401,0
82,0,0,0,1,55,20876,6,29,1,415,2423510,2364708,7851645,0
63,0,0,0,1,41,13837,29,24,1,316,773681,191019,38660218,0
43,0,0,1,1,53,3564,9,14,0,205,463077,2936016,31460768,0
28,0,0,1,1,61,23416,15,28,0,245,1711090,2026748,6789503,0
58,0,0,0,1,92,22191,25,23,1,619,1165740,2594245,801303,1
70,1,0,1,1,69,10962,15,21,0,500,3742417,1872145,42694091,1
91,0,0,0,1,21,10705,14,15,1,565,3578653,1836883,24770886,0
8,0,0,0,1,67,4267,12,19,1,949,3979710,2046948,39104112,1
91,1,0,0,1,18,19772,24,24,0,523,784103,1782705,35444555,1
5,0,0,0,1,42,348,3,7,0,908,943768,394243,15105530,0
28,0,0,0,1,29,13358,3,23,1,215,4428668,868864,3162463,0
57,1,0,0,0,41,6212,5,15,0,570,1657286,741011,42025470,0
16,1,1,0,1,90,11125,17,18,1,630,1692671,1653211,32195070,1
15,0,1,1,1,60,5349,25,15,0,559,2790970,970422,30083239,1
86,0,1,1,0,11,2418,0,25,0,605,981657,2618817,45065087,0
94,0,1,1,1,15,11035,29,24,0,63,76313,2690472,4459284,0
2,0,0,0,1,78,6178,9,30,1,393,1068971,2979386,28863464,1
20,0,1,1,0,82,18323,2,13,0,14,2945891,2653795,11352066,1
63,1,1,1,1,39,18894,27,22,1,992,990201,1784027,23538523,0
89,1,0,1,1,40,23768,13,15,1,451,2224980,2354630,7527123,0
35,1,0,0,0,74,9309,10,0,0,896,614976,210968,39026611,1
100,0,0,0,1,56,18689,4,17,1,519,1630840,2579626,26290896,0
85,1,1,0,1,73,7425,1,26,1,390,1941332,2567746,14624946,1
61,0,0,1,1,46,7228,8,17,1,419,4070375,937777,12389379,0
41,0,0,1,1,75,7102,28,0,0,219,1816462,2807870,43438323,0
75,0,0,1,1,19,9747,28,16,1,951,350413,1272907,33742844,0
41,0,0,1,1,25,18618,16,19,0,412,4051683,124387,43676967,0
60,1,0,1,1,86,6278,28,6,0,791,583462,2153935,10525333,0
12,0,1,1,1,5,24751,18,5,1,906,1296089,942589,38965503,0
10,0,0,1,1,72,22514,30,12,1,337,1776023,2870331,34119514,0
53,1,1,1,1,15,11621,20,27,1,822,2478151,2807092,43202188,0
15,0,0,1,1,14,24711,16,6,1,62,1325368,1794463,47581649,0
7,1,0,1,1,49,3450,19,27,0,783,435121,382818,41486749,1
58,0,0,1,1,60,17275,9,23,0,398,2694049,243098,41502519,0
56,0,0,1,0,23,5943,16,7,1,779,2455828,2792027,22982155,0
39,1,0,1,1,46,7424,10,11,1,823,1439806,1250354,35823453,0
58,0,0,1,1,98,4175,26,27,1,93,291508,2411986,49103995,0
1,0,0,1,0,45,6147,27,27,1,914,92041,1110439,504208,0
93,0,0,0,1,24,532,26,15,1,26,4614040,1655739,40255270,0
93,0,1,1,1,31,9625,6,2,0,47,2749400,1361858,15404347,0
75,0,0,1,1,16,10921,0,6,1,499,4944518,1226607,41696892,0
9,0,0,0,1,82,9611,15,5,1,729,570817,2445519,3026219,0
43,0,0,1,1,68,14320,2,28,1,936,4687612,923371,27234545,0
10,1,1,1,1,42,3139,14,12,1,427,3504287,1848436,40235401,0
78,0,1,1,1,70,19939,3,13,1,449,3189354,1899105,43552102,0
79,0,0,1,1,62,23390,3,12,1,771,48110,1584212,20852338,0
80,0,1,1,1,86,19375,30,26,1,275,1865515,1435252,17395924,0
89,1,1,1,1,89,3160,29,7,1,395,810948,2385501,32820959,1
1,1,0,0,1,15,22722,28,18,1,348,867568,367347,45937918,1
49,0,0,1,1,34,13398,22,13,0,896,739760,549014,20734371,0
11,1,0,0,1,68,1104,30,26,0,371,4976075,2751366,40333251,1
89,0,0,0,1,87,17533,4,24,0,338,3284465,2159767,48758463,1
22,0,0,0,1,52,20420,14,4,1,181,2408212,451504,7742691,0
17,0,0,0,1,44,6476,10,17,1,398,3936728,1032815,13655499,0
61,0,0,1,1,98,8216,23,3,1,589,680958,885718,39763912,0
95,0,1,0,1,72,15197,18,22,0,851,2053113,1960129,32169428,1
61,0,0,1,1,25,6595,29,0,1,812,3907493,1905958,26646226,0
37,1,1,0,1,9,1548,7,0,1,435,1482860,214856,43010799,0
66,1,0,1,1,40,5187,10,27,0,32,162999,923611,25343720,0
37,0,0,1,1,95,6552,10,8,1,811,1992250,2657264,10374321,0
66,0,0,0,0,11,21189,28,18,0,417,586807,2294874,37751696,1
93,0,0,1,1,64,13068,8,0,1,518,2082260,2925424,17759889,0
60,0,1,1,1,60,7589,13,14,1,158,135100,606463,28264097,0
0,0,1,1,1,35,10826,24,12,0,586,3978763,459298,11978524,0
93,0,0,0,1,88,9662,24,22,1,670,4546153,808488,21091310,0
44,0,1,1,1,29,5021,13,28,1,73,587012,2203127,5565871,0
95,1,0,1,1,60,13332,30,6,0,134,2811954,118207,944593,0
27,0,0,0,1,93,1826,12,13,0,128,497280,932231,4120122,0
20,0,0,1,1,85,5645,0,29,1,749,3986899,1775248,12650182,0
12,0,0,1,1,83,7004,29,1,0,326,3932213,2991584,22542334,1
26,0,0,0,1,78,6213,8,12,1,724,1681458,342227,41815988,0
99,1,0,1,1,38,4261,7,7,0,721,2724657,2962656,36984147,0
6,0,0,1,1,48,11411,28,27,1,386,1540596,371041,38101054,0
21,1,0,1,0,11,13316,30,30,0,514,99452,2410268,22585480,1
73,1,0,1,1,55,6622,17,11,1,10,799049,2231013,9790039,0
52,0,1,1,1,29,9901,2,12,1,61,2298223,1194187,39215068,0
78,0,0,1,1,32,13913,22,2,1,513,4601796,2356629,30483153,0
78,1,0,1,1,46,19370,2,30,1,290,3457500,1462402,38601747,0
3,1,0,1,1,31,24900,1,28,0,751,691387,1514421,6581421,0
95,0,0,1,1,41,13367,3,18,1,757,941070,2864983,4717179,0
22,1,0,0,1,59,11670,8,29,1,804,2590776,2210835,2438981,0
69,1,0,0,1,42,21257,14,11,1,168,3542414,334418,17334317,0
87,0,1,1,1,60,22669,17,20,1,371,2964380,2314042,3917311,0
83,0,1,1,1,96,20147,16,29,0,916,227117,1570557,34588732,1
100,1,0,0,1,38,2468,25,1,1,224,2425100,1133702,49841440,0
83,0,0,1,1,33,16529,30,19,0,568,724142,1267922,2335711,0
75,0,0,0,1,52,17207,29,17,1,17,3946900,567097,32560274,0
32,0,0,1,1,76,11153,22,15,1,316,1940359,2874796,31522987,0
27,0,0,0,1,81,18402,29,27,1,679,158598,2174853,15992254,0
7,0,0,1,1,50,18467,10,8,1,470,4133224,2441850,6757866,0
0,1,0,1,1,41,6666,0,21,0,133,1015657,2404301,35083002,0
36,0,0,0,1,7,23530,5,16,1,833,3471750,1829054,7475484,0
62,0,1,0,1,82,20188,13,24,0,735,1699701,1590131,23781090,1
21,0,0,1,1,91,6086,4,23,1,18,3332190,2579906,6057505,0
69,0,0,0,0,91,12765,26,17,1,69,901876,1003175,28545724,1
20,0,0,1,1,81,2779,23,18,0,62,967346,735826,45973682,0
95,0,0,1,1,54,3683,2,6,1,857,4045290,1557205,21452338,0
34,0,0,1,1,25,8399,18,3,1,327,1986096,2071448,34481010,0
78,0,0,1,0,52,15261,0,7,1,398,2873829,1180145,26766682,0
4,0,0,0,1,62,9199,3,0,1,903,4042249,634803,42063835,1
59,0,0,1,1,35,20426,25,9,0,94,2043480,27858,9722911,0
45,1,0,1,1,11,15087,15,3,1,401,2820082,1568694,31133211,0
49,0,0,1,1,61,15897,25,16,1,397,857034,1487325,45576268,0
47,0,0,1,0,40,14285,5,6,1,408,3233742,2198246,24528727,0
5,0,1,1,1,87,17740,4,24,0,484,2689892,977293,39030608,1
88,0,0,1,1,90,14367,6,0,1,831,1391443,1973329,5197909,0
55,0,0,0,1,28,13394,30,15,1,908,2875908,169749,9916246,0
58,0,1,1,1,28,1729,27,23,0,658,3517775,728951,13215546,0
28,0,0,1,1,60,8593,26,30,1,151,2216069,1044773,32993360,0
70,1,0,1,0,89,9557,9,9,0,406,2816566,984887,1838902,1
76,1,0,1,0,65,21397,0,10,1,537,1055041,2239128,33226289,0
17,0,0,1,0,81,2265,18,5,0,812,1253587,1896957,36618923,1
1,0,1,1,1,74,12311,26,21,0,281,4429964,1200600,48533811,1
7,0,0,1,1,32,5351,13,23,1,612,4418684,2349023,194763,0
74,1,1,0,1,36,2036,3,30,1,917,965393,106456,3740584,1
96,1,0,1,1,81,4349,14,0,0,624,1211820,1961941,9747751,0
53,0,1,0,1,82,20124,5,8,1,797,4315234,1309828,15459059,0
37,0,0,1,1,49,1308,19,10,1,572,4514367,303314,12742011,0
47,0,1,1,0,73,1622,22,5,0,501,2429858,2900933,29627158,1
26,0,1,1,1,72,117,29,18,0,510,1389366,2842495,3342248,1
19,0,0,1,1,82,1363,25,12,1,904,3319447,657811,12046446,0
11,0,0,1,1,22,1656,30,16,0,113,1968448,646552,39994548,0
42,0,0,0,1,79,4230,9,13,0,118,3664374,1939043,5304035,0
60,1,1,1,1,87,17510,14,30,0,517,1464596,1916145,34412396,1
30,1,0,1,1,6,8613,18,19,1,706,3609321,2269142,11450926,0
90,0,0,1,1,7,3030,7,20,1,180,4884896,196864,5479591,0
95,0,1,1,1,33,246,12,3,0,407,1070832,603614,45762258,0
60,1,0,1,1,91,2712,22,26,1,386,2572926,404484,35502268,0
73,0,0,0,0,52,8410,18,6,1,214,4745004,1023013,34720177,0
66,0,1,1,1,69,13640,15,14,0,853,2768376,1023606,729290,0
90,0,0,0,1,46,23584,24,21,1,108,1656250,740573,1238412,0
34,0,0,1,1,10,23988,28,28,1,636,340221,1812766,20115714,0
94,0,0,1,1,63,12307,25,9,1,433,292185,2025022,10728981,0
14,0,0,1,1,85,22445,28,4,1,465,3988989,2068029,6837447,0
15,0,0,1,1,23,15113,20,12,0,168,1442166,1908552,1744156,0
12,0,0,1,1,56,21448,17,14,1,189,906085,1390257,32995337,0
34,0,0,1,1,65,19642,8,2,1,799,804940,1986333,30540417,0
74,0,0,1,1,6,16279,23,24,1,89,3274487,2407313,26348444,0
58,1,0,0,0,83,19207,14,18,1,391,1582088,198344,44534137,1
20,0,0,1,1,27,2347,7,2,0,25,3625522,2934283,26033357,0
53,0,0,0,1,23,5736,16,18,1,978,4196152,2443945,36769860,0
74,0,0,1,1,74,10032,29,11,1,96,2635261,1056293,42008635,0
29,0,0,0,1,54,18345,3,13,1,122,518380,905372,46438611,0
47,0,0,1,1,65,10329,22,7,1,698,4043429,2293858,14295244,0
34,0,1,1,1,23,20195,21,17,0,573,1878389,2150874,37694661,0
85,0,0,0,1,98,7898,27,3,1,328,1035331,665374,33329088,0
37,0,0,1,1,26,18847,8,28,1,14,3260655,1463854,572193,0
30,0,1,1,0,7,6572,30,30,0,368,2368185,2485473,20480199,1
77,0,1,1,1,9,16162,7,23,1,134,1518858,2198957,25714439,0
23,0,0,1,1,98,8448,8,10,1,119,483620,852631,25324026,0
48,0,1,0,1,71,22115,3,30,1,535,429324,413354,21573588,1
95,0,0,0,1,64,14277,7,29,0,79,20288,1703495,18920731,1
99,0,0,0,1,43,18927,29,16,1,982,4331428,2422837,36440863,0
31,0,0,0,1,32,24079,27,18,0,676,4076630,91821,3014125,1
54,0,0,1,1,5,13340,21,3,1,963,1865181,532359,25606177,0
78,0,0,1,1,26,8988,24,5,1,429,3179142,1052053,1786666,0
57,0,0,0,0,49,21623,25,1,1,428,665288,1581451,33850494,0
98,0,0,1,0,55,15224,16,6,1,393,889971,2726957,36702490,0
2,0,0,1,1,85,5736,5,27,0,453,1206054,1396875,49586513,1
79,0,0,1,1,55,23136,25,18,1,128,3831933,2218902,28346928,0
68,1,0,0,1,32,10645,9,13,0,12,4943963,849215,46867023,1
84,1,0,1,1,34,21526,1,15,1,733,2454635,2899063,5778440,0
9,0,1,0,1,12,351,30,7,0,65,2046435,1552337,5024956,1
82,0,0,1,0,95,21196,11,17,1,737,408658,1088570,2983336,0
24,0,0,1,1,45,6741,18,8,1,184,2389585,2053626,11031809,0
67,0,0,0,1,29,9384,24,3,1,533,3125026,3764,4250052,0
60,0,0,0,1,63,17440,4,13,1,702,217527,1557772,17784028,0
28,0,0,1,1,81,1030,15,23,0,21,3921226,1016092,9550037,1
18,1,0,1,1,38,14038,4,19,1,603,4334814,2980344,8226937,0
42,0,0,1,1,43,16262,0,21,0,514,2609265,2369674,49886635,0
65,0,0,0,1,75,23363,9,23,1,392,4787210,2033858,45948197,0
73,0,0,1,1,90,2252,27,20,0,396,4488306,556971,13935383,1
60,0,0,1,1,50,8912,29,21,1,662,299826,2774648,2341575,0
42,1,1,0,1,42,17555,27,17,1,945,4596639,1132701,35842075,1
24,1,0,1,1,99,2567,1,19,1,9,3695925,2502778,36458407,0
19,1,0,1,1,37,21736,15,4,1,684,2012827,112560,5164432,0
47,0,0,0,1,26,5557,8,0,1,934,795192,71386,5824119,0
82,0,1,0,1,31,24399,6,22,0,861,3843743,2383245,34575616,0
86,0,0,0,1,67,14171,12,5,0,771,506021,1614221,18099977,0
23,0,0,1,1,31,8928,3,19,0,854,3940556,992191,34766251,0
10,0,0,0,1,25,14203,6,3,0,836,536090,2956798,17748887,0
97,0,0,0,1,57,22753,30,18,0,989,4216591,2832579,6038546,0
54,0,1,1,0,39,12581,9,27,0,461,1924828,2423031,9258336,0
27,0,1,1,1,51,9718,11,16,1,728,1202072,2018573,8317656,0
68,0,0,1,1,54,12736,1,5,1,640,2311170,424418,11166595,0
62,0,0,0,0,14,14088,27,4,1,130,4030359,2051749,19642242,0
58,0,0,0,1,32,6476,4,5,1,387,583827,1141390,2649213,0
4,0,0,0,1,41,22230,27,30,1,655,85955,2761364,34605146,1
50,0,1,1,1,45,22448,24,25,0,728,3943141,54718,23618424,0
20,0,0,1,1,65,24234,14,0,0,562,4531874,575215,31807793,0
11,0,0,1,1,55,6868,10,17,0,410,306932,1312907,24742306,0
49,1,0,0,1,12,6566,1,30,0,136,3214099,1971167,9416063,0
3,0,0,1,1,62,23706,14,14,1,616,3608491,1065567,22968709,0
41,0,1,1,0,65,16015,18,15,1,693,4559086,1850919,32247281,0
83,0,0,1,1,37,23735,4,22,0,517,1201973,1790051,37747530,0
37,1,0,1,1,23,19735,15,8,1,712,4290540,2609383,28486616,0
24,0,0,1,1,34,4782,20,21,0,174,871662,1028287,1571426,0
13,0,0,0,1,82,19323,30,21,1,39,3194873,1207949,9787829,1
74,0,1,1,0,18,18036,7,4,0,366,4494708,2440015,17968808,0
31,0,1,1,1,40,1884,6,10,1,800,1397044,1395008,29426091,0
10,0,1,1,1,11,17246,2,4,1,863,3554618,1152495,20950768,0
60,0,0,1,1,38,3110,20,5,0,828,577820,93140,25918522,0
17,1,0,0,1,54,21733,7,1,1,126,4432476,2639225,13899893,0
26,1,0,1,1,36,9946,4,9,1,968,2005666,2076839,25860476,0
54,0,0,1,1,46,7226,13,21,1,529,4615033,424124,12667165,0
53,0,0,0,0,37,18434,1,3,1,763,3678217,2725333,35461544,0
81,0,0,1,1,18,5131,9,13,1,128,2568674,1935019,27162094,0
86,1,0,0,1,93,8911,17,2,1,919,1784493,1824064,44326344,1
74,0,0,1,1,32,10850,16,12,0,487,4061689,1036458,27937676,0
20,1,0,1,1,43,79,5,22,1,754,2697447,234101,32000746,0
43,0,1,1,0,98,4810,16,29,0,461,1127428,1612477,28422057,1
4,0,1,1,0,35,24631,23,14,1,953,2041099,1459015,35511965,0
86,1,0,0,1,28,19528,16,15,1,172,2879567,742612,7333841,0
40,0,0,0,1,8,18048,23,4,1,335,3826215,1833577,24876373,0
58,0,1,1,1,82,23275,21,9,0,301,1126877,2349895,34031439,0
88,0,0,1,1,13,24414,24,2,1,604,3866584,2781012,48422569,0
53,0,0,0,1,74,17310,18,15,1,176,461785,2659737,27936177,0
73,0,0,1,1,28,10746,15,7,1,222,3336431,902411,8156742,0
21,0,0,1,1,94,1060,29,15,0,527,1665244,283670,19456163,0
82,0,0,1,1,69,17608,29,4,0,678,2851546,1917229,22243192,0
64,1,1,1,1,91,1824,22,10,1,904,4506233,2002620,8217591,0
63,1,0,1,1,21,3309,1,18,1,686,513939,1104453,6263987,0
70,0,0,1,1,41,21357,4,28,1,509,812420,307305,10132427,0
3,0,0,1,0,54,20713,11,15,0,335,2751425,2532986,32332178,0
64,0,0,0,1,49,1091,0,13,0,742,3464196,2923667,10339016,0
14,0,0,1,1,24,9014,4,10,1,423,4094304,234999,35167237,0
75,0,0,1,1,63,4826,7,13,1,691,1836989,2567200,29635443,0
21,1,0,1,1,63,6807,9,15,1,674,4832247,2643130,34547223,0
85,1,0,0,1,94,6682,2,24,0,292,666090,1343002,24737644,1
46,0,0,1,1,15,9126,30,17,0,20,1521100,2286522,12845807,0
80,0,0,1,1,59,20985,5,2,0,876,4215038,2859736,39256675,0
92,0,0,0,1,88,6905,12,2,1,525,1042675,2049415,9262664,0
45,0,0,1,0,69,21551,19,0,0,556,1404936,2275793,7564546,0
13,0,0,1,0,81,24419,7,11,1,557,2663306,1566137,36390745,1
49,0,0,0,1,62,16168,28,6,0,303,496144,805306,30787297,1
19,1,1,1,1,48,19563,29,10,0,533,2206232,2348173,18830896,1
49,0,1,1,1,81,18499,17,12,1,879,2097751,2622380,37275113,0
32,1,0,1,1,18,17764,4,13,1,407,4951487,2058624,7107062,0
58,0,0,0,1,80,538,5,21,0,558,4837145,2094200,33331705,0
42,0,0,1,1,56,8833,26,11,0,771,130732,619849,33182984,0
78,1,0,0,0,38,20971,30,5,1,726,2435674,2600481,7025809,0
11,1,0,0,1,67,19163,23,5,0,605,1895289,2789896,38092201,1
39,0,0,1,1,31,8414,1,6,1,424,1515122,2185217,18448038,0
19,0,0,0,1,16,2205,24,5,1,734,2995309,2037030,2107649,0
93,1,0,1,1,42,17513,6,27,1,448,528227,173909,16507691,0
37,0,0,1,1,60,22797,15,8,1,344,4315894,2701216,48289938,0
2,0,0,1,1,69,20562,9,20,1,345,1100586,1646995,49114444,0
27,0,0,1,1,94,20820,28,29,1,972,2850658,439822,23983033,0
55,1,0,1,0,44,4154,29,27,0,434,711416,2974839,35001810,1
89,1,0,1,0,25,19687,19,26,0,148,763969,2782862,32741969,0
93,1,1,1,1,36,23926,9,16,1,481,2533464,1654102,44222090,0
12,0,0,1,1,93,17187,1,16,1,807,4906835,2023111,15367870,0
76,0,1,0,1,16,4610,7,14,1,150,2084234,1179755,11293036,0
65,0,0,1,0,93,2876,1,0,0,381,3191699,2774218,44095037,0
36,1,0,0,1,30,689,1,13,1,302,121312,955323,47622702,0
48,0,0,0,1,40,22574,12,1,0,83,547300,1752484,41368729,0
65,0,0,1,1,20,10995,30,19,1,32,4453041,2791924,10446714,0
35,0,0,1,0,82,15352,24,21,1,373,3884004,1728415,5500517,0
53,0,1,1,1,38,17596,3,6,1,755,1272145,2764528,12423431,0
25,1,0,0,1,28,8258,6,12,1,26,441294,2803184,4072180,0
74,0,0,1,1,76,24306,25,20,1,300,3944158,2903042,695353,0
71,1,0,1,0,95,24921,13,6,0,967,4681702,1826425,21970807,1
39,0,1,1,1,43,10745,19,17,1,264,4895788,2934642,19312584,0
42,1,0,1,1,68,593,4,5,0,317,4239007,2451890,47794461,0
21,1,0,1,1,81,20492,0,18,1,779,4180294,458898,27625315,0
19,0,0,1,1,33,3272,30,27,0,699,2390631,1657795,22149865,0
7,1,0,1,0,35,10133,25,8,0,744,4322630,1115490,18114847,1
28,0,0,0,0,67,20696,0,9,1,528,3556448,994359,45242335,0
39,1,0,0,1,47,5240,25,25,0,969,3608657,330620,17378434,1
89,1,0,1,1,23,15716,25,3,1,873,3365381,826327,30979496,0
29,1,0,0,1,14,24067,29,20,0,964,2947021,2317440,47385407,1
80,0,0,0,0,60,2620,18,29,1,715,2470157,2139916,10136954,1
83,0,1,1,1,64,10999,5,27,0,778,2592891,2658983,11140420,1
54,0,0,1,1,47,9108,15,20,0,251,3295620,2197557,30565982,0
15,0,0,0,1,52,3215,11,11,0,571,689120,1768345,37415825,0
45,1,0,1,1,44,10133,30,12,0,565,4468743,1360139,17846292,0
61,1,0,0,1,38,2011,0,29,1,477,3984591,1576440,7456482,0
6,1,0,1,1,5,1314,27,17,1,553,4459057,1077698,19023864,1
79,0,0,1,1,23,5355,11,12,1,517,1018036,1173445,29132442,0
44,1,0,1,0,5,22051,19,19,1,3,1372025,207092,19190140,0
58,1,1,1,1,92,8131,24,22,1,461,1724289,2297687,14536593,1
55,1,0,1,1,29,2649,17,26,1,464,4390098,338877,20700016,0
47,0,1,1,1,72,11565,1,27,0,873,3279987,2632124,47889082,1
26,0,0,1,1,92,3102,30,17,0,584,1382869,1253991,37883563,0
52,0,0,1,1,88,21853,17,4,0,284,1144880,788639,279351,0
86,0,0,1,1,32,1605,9,15,0,920,4994346,2111946,41962478,0
87,0,0,0,1,49,4979,9,20,1,166,2951263,281439,33867560,0
72,1,0,1,0,28,8955,22,20,0,578,3199078,667711,2390982,1
34,0,0,0,1,48,8647,22,22,0,318,1563725,2321929,5301091,0
50,0,0,0,1,6,14724,5,9,1,262,4264141,2849431,13529742,0
83,0,0,1,1,27,24092,1,13,1,787,994721,664102,37566023,0
36,1,0,1,1,82,4500,15,22,1,658,3065023,1184512,27387835,0
80,1,0,0,0,66,3671,4,27,1,62,3423810,2652862,19874470,1
94,1,0,0,1,19,5485,30,28,1,38,4474993,1649514,44989781,0
56,0,0,1,1,36,652,28,14,0,472,3911091,1107448,39798154,0
7,0,1,0,1,91,20703,5,10,0,295,3465849,641167,42121119,1
78,1,0,1,1,8,20617,21,29,0,788,1509715,2467130,12966656,0
94,0,0,1,1,88,18036,25,7,1,728,421220,355991,2331370,0
93,0,0,1,1,35,13774,21,26,1,568,1503894,605505,14772122,0
19,0,1,1,1,63,13003,30,16,1,439,172058,979648,14390269,1
52,0,0,0,0,75,11591,21,2,0,379,969486,768556,18095447,1
11,0,0,0,1,5,17462,0,0,0,130,2533160,2962512,37086048,0
48,0,0,1,1,73,10306,27,6,1,740,2757643,2576278,40014095,0
16,0,0,1,1,18,4491,3,20,1,144,1748926,880634,43623129,0
63,0,0,1,1,98,20334,16,1,0,611,479415,2217128,32068841,0
41,0,1,1,1,27,21696,12,9,1,135,1212524,2061170,13215735,0
93,0,0,1,0,75,5916,11,30,1,956,2350263,2842098,32050852,0
28,0,1,1,1,20,13638,30,17,1,670,1337743,2698465,35668137,0
18,0,0,1,1,13,2574,12,6,0,35,3592730,696430,17706315,0
10,0,1,1,1,35,16035,18,4,0,295,3844446,606088,18088542,0
97,0,1,0,1,65,18348,27,28,1,939,930552,267947,31433834,1
49,0,0,0,0,49,3100,26,3,1,912,2449291,1199573,42863438,0
70,0,0,1,1,11,9256,15,13,1,656,352947,347640,21723493,0
57,0,0,1,1,61,1524,29,23,1,920,716802,1330930,42235445,0
33,1,0,1,1,68,13237,26,2,0,398,2539779,2562116,27727722,1
19,0,0,1,1,6,16028,26,12,1,16,4380708,2497874,15385314,0
49,0,0,0,1,10,7027,10,2,1,288,1374821,1544010,38490647,0
87,0,0,1,1,65,18266,17,7,1,436,2761100,2716539,33621113,0
9,1,0,1,1,38,8620,17,17,1,839,3268273,67452,19777934,0
31,0,1,1,1,21,16227,21,18,1,857,1582330,1953748,46662031,0
51,0,0,0,1,30,5502,0,3,0,87,756514,876561,28398260,0
14,0,0,1,1,80,19078,3,9,1,258,3915036,987105,15286834,0
100,1,0,1,0,24,15697,8,2,1,969,4450489,676290,9539337,0
83,1,0,0,1,45,7025,2,11,1,613,4314572,2277602,23543928,0
2,0,0,1,1,62,14882,7,23,1,416,975402,2846701,28460391,0
36,0,0,1,1,58,21666,8,5,1,43,498297,78170,10309823,0
39,0,0,1,1,33,15094,17,18,0,726,526908,1486030,17198670,0
71,1,0,0,0,52,19167,4,22,1,18,4507573,1872405,23207351,1
39,0,0,0,1,99,5782,21,3,1,426,2817871,2069275,40359038,0
55,0,0,1,1,81,1331,4,2,1,637,1113753,2013227,48987039,0
22,1,0,1,1,94,19608,21,17,1,191,4437854,1038700,1883776,0
10,1,0,1,1,26,11808,4,7,1,110,3456143,1796301,12953168,0
63,1,0,1,1,76,16165,22,23,1,87,1072974,2291693,12779209,1
7,1,0,1,1,75,24854,15,30,1,777,2280721,1135760,37265714,1
92,1,1,1,1,9,18772,4,1,1,219,471120,652828,31547348,0
93,0,0,1,1,56,5301,4,24,0,994,3711242,1379110,45536218,0
55,1,0,0,1,5,9687,11,27,1,649,844346,1124351,17474536,0
59,1,0,1,1,49,23485,6,6,0,341,2185770,1014386,31969155,0
9,0,0,1,1,44,4396,2,10,0,145,3238981,114950,15149527,0
38,0,0,1,0,68,4340,25,5,1,773,4892067,2825309,8667852,0
27,1,0,1,1,15,13740,22,18,1,398,996991,1539597,24869366,0
48,0,0,1,1,56,12603,7,2,0,722,1850717,1117692,21378347,0
35,1,0,1,0,11,4192,20,12,1,664,1730713,2177957,29537480,0
12,0,0,0,1,55,5462,19,19,0,371,3439430,2129350,13380627,1
95,0,1,0,1,97,719,17,26,0,457,1112677,2331292,43255156,1
35,0,0,1,1,98,17126,4,30,1,671,4920638,2069408,32544113,0
100,0,0,1,1,25,11416,5,24,1,341,2764114,1102265,5322999,0
25,0,0,1,1,43,15429,29,23,0,483,1100545,725301,47583725,0
85,0,1,0,1,48,18218,26,1,0,703,3406281,769464,21195610,0
3,0,0,1,1,61,10161,24,28,1,154,402023,503790,40804910,1
94,0,0,1,1,45,23563,21,4,0,512,467254,2305885,29688474,0
81,0,0,0,1,43,4522,21,30,0,785,897521,718040,10925903,0
63,0,0,0,1,24,11426,5,14,1,260,1508140,2935452,44338739,0
37,1,0,0,1,26,13575,23,9,1,135,2636393,855566,19523725,0
87,0,0,0,1,33,20036,5,5,1,643,4033325,1972948,8399643,0
86,0,0,1,1,50,13249,10,13,1,937,1537236,2107154,10061159,0
21,0,1,0,1,72,22276,26,20,1,768,167021,369148,43450722,1
1,0,0,1,1,7,3106,12,0,0,735,3561772,1461125,16172018,0
30,0,0,0,1,77,19708,13,8,1,917,2995605,1001115,33495952,0
10,0,0,1,1,9,23988,16,9,1,60,2901315,1034895,30948131,0
91,1,0,1,0,60,13937,0,27,1,254,3376186,1990698,17470344,0
45,1,0,1,1,71,8653,30,21,1,846,3792577,2934975,43208313,1
95,1,0,1,1,93,17495,9,30,1,556,2122934,650423,2835739,0
61,0,1,1,1,36,19162,30,20,1,731,2018256,655617,47681817,0
68,0,0,1,1,86,2162,27,10,1,422,1076855,2915543,44479094,0
63,0,0,1,1,45,10925,29,21,0,23,1836614,1266982,14551319,0
9,0,0,1,1,33,15749,1,18,0,458,916947,2546047,36311217,0
39,1,0,1,1,70,18835,12,8,0,366,3414107,1488194,25771840,0
23,0,1,1,1,15,17532,16,11,1,189,1140053,2017994,2563746,0
98,0,0,1,1,63,15090,18,19,1,149,1939353,192706,5249921,0
43,0,1,0,1,99,8799,2,5,1,498,2069210,2366419,43862525,0
59,1,0,1,0,8,13861,3,15,1,131,807198,1828664,8481718,0
61,1,0,1,0,97,4153,5,12,1,560,4496032,1543480,26663690,0
86,0,1,1,1,58,15354,12,5,0,523,1509898,2790456,29032021,0
16,1,0,0,1,71,5704,28,12,1,909,2249309,436546,39937534,1
64,0,0,1,1,6,2283,25,14,0,137,4228583,337406,26472753,0
94,1,1,1,1,82,11641,22,17,1,494,2187154,975808,48308385,1
94,1,0,0,1,52,19545,13,15,0,719,3743708,1861681,26501955,0
56,1,0,0,1,72,9431,8,8,1,691,1493494,799976,19414766,0
54,0,0,0,1,48,4733,23,17,1,450,1842956,1506219,11973067,0
52,0,0,1,1,66,11018,14,9,1,216,3645597,480588,16786182,0
55,0,0,0,1,98,11272,5,11,1,973,4193874,1796766,4360022,0
97,0,1,1,0,87,7576,24,4,1,856,346808,2322614,3303747,1
8,1,0,0,1,23,9442,19,26,0,535,4643316,2212754,22203715,1
21,0,0,0,1,48,15412,10,1,1,498,2364343,475347,47615460,0
12,0,1,0,1,35,8657,21,8,1,802,4581676,2111875,30130991,0
88,1,0,1,1,66,15238,6,17,1,707,487335,1149708,4868283,0
47,0,0,0,1,19,15663,17,23,1,206,183962,2708719,3743272,0
17,0,0,1,1,33,20488,27,26,1,666,3711,1322721,29625339,0
75,0,1,1,1,71,1776,16,26,1,317,990657,1484949,13135938,0
39,0,1,1,0,87,10487,13,0,1,705,38458,129244,12643006,0
16,0,0,1,1,90,8116,25,30,0,93,1084911,1182593,39822048,1
14,1,1,1,1,51,9532,7,13,1,524,4667855,2193172,22477232,0
14,0,0,1,1,88,2819,28,2,1,261,4586182,2735875,23284229,0
78,1,0,1,0,11,13911,7,22,1,316,3604806,208690,2323334,0
62,0,1,1,1,72,14499,26,10,0,819,3318907,2363357,40086016,0
38,0,0,0,1,5,8853,6,21,1,820,1865748,2584043,34486195,0
12,0,0,0,1,75,5222,24,26,0,233,1681796,2804170,8748229,1
80,0,0,1,1,26,21141,8,17,1,55,927380,2474573,20580447,0
31,0,0,0,1,61,9254,11,24,1,583,1526248,2855316,33934120,0
8,0,0,1,1,98,9074,2,1,1,611,2723513,1221804,14486869,0
39,0,0,0,1,77,10290,0,21,0,839,3389672,2204989,1151658,1
19,0,1,1,1,62,23197,14,16,1,815,4700588,1741858,33436405,1
89,0,1,0,1,31,20459,8,26,1,985,1919006,720505,30033708,0
90,0,0,0,1,42,5943,16,2,0,96,2287539,461526,21500525,0
84,1,0,1,1,91,2816,11,20,1,127,3283907,1057545,4456898,0
81,1,0,1,0,80,9895,16,6,1,924,1711308,2223041,18786803,1
76,0,0,1,1,17,12280,27,2,0,171,159839,2988548,45590314,0
79,0,0,1,1,19,13617,28,24,1,986,3828922,1494769,17920598,0
72,1,0,1,1,84,5308,12,14,1,57,4588559,2554024,21699970,0
62,0,0,1,1,77,17866,12,3,0,202,4500695,606829,3147111,0
75,1,0,1,1,95,20133,14,24,1,225,1074460,2543375,3804331,0
43,0,0,1,0,52,3388,20,14,1,585,3380284,2188796,38227326,0
37,1,0,0,1,19,21509,17,2,1,419,4209918,1100343,20897469,0
82,0,0,0,1,44,10536,14,10,1,710,4656874,2761390,18111755,0
59,1,0,1,1,34,9413,17,27,1,658,486576,499862,4607006,0
70,0,0,1,1,27,10491,4,2,0,964,4369525,2183557,24000064,0
98,0,0,1,0,13,1628,6,28,0,851,2768390,588915,4114077,0
47,0,0,1,0,36,8857,5,19,0,198,345581,759964,33455521,0
17,0,0,1,1,39,10528,4,17,1,97,193384,399303,33389077,0
15,1,0,0,1,53,404,18,13,0,964,2367134,1002776,25740526,1
54,0,0,0,0,49,481,8,20,1,737,1887443,625663,6093350,0
38,1,0,1,1,20,9919,23,8,1,305,2378333,1089324,19073696,0
67,0,0,1,0,36,13267,29,30,0,4,3917049,484841,5618998,0
58,1,1,0,1,29,13646,10,14,1,725,3004735,2445704,46995534,0
88,0,0,0,1,98,23573,2,7,0,28,4191533,2088864,26515825,1
95,1,0,0,1,41,19757,6,7,1,64,1204745,1512983,23634902,0
61,1,1,1,1,41,4162,2,7,1,775,175736,1068396,12453141,0
12,0,0,1,1,39,15973,26,23,0,584,4556357,2242816,1458593,1
80,1,0,1,1,49,16995,5,13,0,355,1365347,2285385,3718266,0
100,1,0,1,1,12,4621,18,5,1,140,3730117,1822161,48753982,0
5,0,0,0,0,51,2790,15,28,0,851,284905,2175189,43822418,1
82,0,0,1,1,40,23193,7,12,1,170,2117514,1579741,1985426,0
76,0,0,0,1,93,16415,18,6,0,244,3129608,895716,30083041,0
59,1,0,1,1,86,23668,20,26,1,422,2539826,287433,41505566,0
89,0,1,0,1,14,18867,18,14,0,274,2056302,881882,32544925,0
13,0,0,1,1,5,7416,29,9,1,796,3290490,1369959,22964532,0
94,0,0,1,1,72,8240,15,11,0,704,3229601,955918,45645061,0
53,0,0,1,1,94,20222,7,29,0,806,1302819,989472,22715424,0
3,1,0,1,1,79,13240,9,4,0,96,3208587,871679,44131202,0
38,1,0,0,1,19,24223,29,21,0,571,1724584,1439748,33910815,1
71,0,0,1,1,83,8231,8,2,0,862,1111118,2239742,47751212,0
24,0,0,0,1,96,23975,15,4,1,928,2706978,859364,36875239,0
76,0,0,1,1,91,2218,30,25,1,598,2110172,1672555,25806627,0
31,0,0,1,1,7,625,21,11,1,562,1942805,1516666,39024235,0
58,0,0,0,1,36,5799,30,2,1,709,2365486,64476,35128228,0
62,0,1,0,1,24,22435,13,20,1,252,2571580,2585091,14499238,0
37,0,0,1,0,60,2191,9,25,1,379,3885515,2871951,16390869,0
91,0,0,0,1,82,19007,3,0,1,711,1530478,2872089,44838019,0
52,1,0,1,1,46,20417,9,16,0,713,4627364,197033,1475159,0
93,0,1,1,1,77,12333,19,9,1,899,4067107,1585250,45136766,0
66,1,1,0,1,64,13128,20,30,0,951,4648130,2723348,13178950,1
27,0,0,1,0,60,8002,27,5,1,787,1912464,2535966,12733900,0
2,0,0,1,1,51,89,26,23,1,748,1872032,448093,12233248,0
97,1,0,1,1,28,12209,14,19,1,18,433674,2767644,26746459,0
79,0,0,1,1,45,7140,18,30,1,670,2655257,1798204,47879810,0
21,0,0,1,1,8,21633,10,12,1,52,3446614,1304224,39676960,0
95,0,0,1,1,80,17551,19,14,1,252,3652010,2053900,42295866,0
37,0,0,0,0,55,12702,13,22,1,504,211867,2407281,46182057,0
71,1,0,1,1,92,12530,27,20,0,485,4252817,353846,29262033,1
71,0,0,1,1,5,456,14,1,0,840,3850364,1328560,10518577,0
61,0,0,0,1,18,13265,3,20,1,925,1625221,1336460,10615791,0
56,0,0,1,0,99,5430,16,30,1,657,1150692,1387009,25351680,0
5,0,0,0,1,14,9795,0,27,1,659,1196582,2463167,32368487,0
77,1,0,0,0,40,988,24,1,1,184,3061777,1123853,818703,1
31,1,1,0,1,46,38,18,29,1,14,1173505,271751,29660141,1
98,0,0,1,0,52,18818,4,24,1,784,1480429,347702,44197961,0
9,0,0,1,0,22,18367,17,16,0,703,2436563,1349588,6407051,1
2,0,0,1,1,93,16426,16,18,0,591,3753339,2699441,10772069,1
58,0,0,1,1,80,24015,22,29,0,356,3446425,2848468,30484621,0
75,1,1,1,1,64,5065,9,29,1,530,1011202,2160113,26377231,0
48,0,0,1,1,32,2957,8,0,1,357,2236613,772362,32191503,0
58,0,0,1,1,57,7678,3,4,1,735,2012215,915265,24253699,0
30,1,0,1,1,13,9497,19,27,1,241,2977687,1123711,28443167,0
92,0,1,1,1,28,18942,18,30,0,552,3531144,2443535,38925983,0
68,0,0,0,1,24,9100,30,19,1,13,1276359,187792,44921831,0
61,0,0,1,1,94,4808,2,26,1,329,2757533,1664373,31669727,0
51,1,0,1,0,73,20058,17,15,0,888,1515599,1239369,31450319,1
88,1,0,1,1,31,18335,2,21,1,750,2523752,1895266,49448671,0
40,0,0,1,1,96,11355,28,4,1,832,4255873,369961,17876369,0
30,0,0,1,1,44,10857,20,22,0,945,301147,2401833,20819455,0
84,1,0,1,1,75,3227,7,29,1,630,156098,2007270,673555,0
83,0,0,1,1,87,23106,23,22,0,486,1401437,1773162,28414233,1
21,0,0,0,1,58,12194,4,9,1,839,4475448,531535,42262766,0
3,1,1,1,1,90,6437,30,26,0,609,2041255,1290885,12393035,1
12,1,1,1,1,86,16389,26,20,1,152,2916643,2531381,33956510,1
44,0,0,1,1,19,21408,0,9,1,484,975606,2081956,952683,0
41,0,0,1,1,55,6289,25,0,0,283,776918,2376446,12531940,0
48,0,1,1,1,73,3253,29,8,0,299,2201213,1565874,4431709,0
19,0,0,1,1,44,4994,17,17,0,650,2210416,1329294,26301238,0
76,1,0,0,1,73,9784,23,6,1,767,3666418,1383163,9788373,1
80,0,1,1,1,47,23571,25,18,1,13,833402,2519872,20591154,0
53,1,0,1,1,68,2354,30,25,1,372,4167825,2878935,15486111,0
35,0,0,1,1,11,19148,13,21,1,957,2917362,1243831,31373737,0
96,0,0,0,1,6,20488,24,15,0,790,1667738,2009995,7139411,0
0,0,1,1,1,34,339,26,20,1,493,2265817,493697,27007897,0
14,1,0,1,1,79,22985,6,5,0,310,99183,1415989,4864681,1
76,0,1,0,1,56,24600,8,29,0,390,4926609,2491080,40280348,0
16,0,0,0,1,37,2273,27,9,1,306,2699409,1432502,30732346,0
23,0,0,1,0,13,5382,24,4,1,661,2754664,1178738,10602372,0
57,0,0,1,1,15,20819,13,28,1,987,3806665,335707,37711575,0
71,0,0,1,0,80,2621,15,24,0,812,1245271,2893844,34737834,1
90,0,0,1,1,14,5559,15,12,1,994,2524493,267194,28634395,0
22,0,0,1,1,58,1092,26,11,0,198,3410058,1340302,21708490,0
45,0,1,0,0,79,6329,21,23,1,263,1880141,117481,45099423,1
71,0,0,0,1,24,13695,5,29,1,502,3411337,627093,28042674,0
7,0,0,1,0,9,12271,6,16,0,547,1238363,2602379,9128662,0
58,0,0,0,0,28,12592,0,29,1,94,714085,397697,18514282,0
89,0,0,0,0,36,13959,10,24,0,843,3972314,2143316,21588997,0
58,0,0,0,0,35,13875,8,1,1,64,1074840,1548205,14518334,0
12,1,0,0,1,48,14652,0,30,1,766,2488237,2573156,21066887,1
38,0,1,1,0,82,20283,23,4,1,30,7340,241468,49194754,1
100,0,0,1,1,23,3429,25,21,1,442,1199861,257522,27031670,0
27,0,0,1,1,28,4466,17,9,0,570,2943217,1920244,49584643,0
88,1,0,1,1,16,1799,9,28,0,405,3216773,2818027,40519190,0
60,0,0,1,1,54,7243,30,0,0,553,1411379,1136813,45194574,0
15,0,0,1,1,89,22450,26,11,1,878,3781519,2734353,42993772,1
1,0,0,1,1,29,19011,28,13,0,907,2788264,438684,40890255,0
81,0,0,1,1,55,8840,12,22,0,70,2328228,1760717,943614,0
16,1,0,1,1,18,2573,30,7,1,723,1708611,1878783,1446099,0
29,1,0,1,1,76,10484,22,16,1,303,2971548,1885501,40065661,0
12,0,0,1,1,33,18874,4,10,1,153,3470459,176055,13151776,0
95,1,0,1,1,29,12684,7,25,0,800,2536063,1972400,20120066,0
92,1,0,1,1,91,21545,12,19,1,923,4244482,650882,37443585,0
93,0,0,0,1,63,22200,26,1,0,174,3519665,1878422,36772264,1
81,0,0,1,1,61,1607,25,30,0,780,4291906,1640919,22902921,1
12,0,0,1,1,16,2283,15,4,1,525,791945,2834865,13185866,0
42,0,0,1,1,54,22681,6,17,0,709,3542353,485760,44794357,0
84,0,1,1,1,16,22555,7,8,1,780,57726,552049,2383668,0
93,0,0,1,1,86,2789,17,8,1,433,4049049,1372215,31907269,0
20,1,0,1,1,52,6899,25,30,1,986,2397158,1584780,18386811,0
54,1,1,0,1,54,21903,26,9,0,371,3885351,1501958,14849759,1
80,0,1,0,1,23,756,8,20,1,419,4924610,1902627,3354907,0
39,0,1,1,1,57,18803,27,20,0,18,516770,1416667,26874016,0
82,1,0,1,1,39,12618,21,3,0,466,2873100,192562,45399576,0
14,1,1,1,0,31,14418,10,16,0,489,2430003,320923,30388983,1
72,1,0,1,1,71,22472,21,25,0,510,2406856,2382692,49426991,1
51,0,1,0,1,81,4954,21,11,0,451,217760,2279274,38385662,1
73,0,0,1,1,55,22637,16,2,1,986,1889010,1271663,33920353,0
94,0,1,1,1,23,13803,13,3,0,171,2933348,2225016,4046536,0
52,1,0,1,1,47,4361,22,22,1,766,219336,130863,9525479,0
86,0,0,1,1,39,5444,1,29,1,500,3798086,283268,4494714,0
51,1,0,0,1,19,10411,14,6,1,816,707781,946710,47753136,0
29,0,0,1,1,20,10542,17,26,0,719,417661,2152852,24977151,0
32,1,1,1,1,73,16555,4,22,1,358,4313322,684844,717979,0
56,0,0,1,1,75,4022,28,22,1,922,2342010,2469514,48469937,0
51,0,0,1,1,89,15214,21,10,0,873,2188093,2068853,32832466,0
8,0,1,1,1,45,22154,0,3,0,961,125645,2624670,25421559,0
53,0,0,1,0,58,24326,15,24,1,974,4941482,2315770,35258051,0
0,0,0,1,1,69,3224,11,19,1,947,979709,2719559,29201808,0
43,0,0,1,1,93,22760,29,27,1,355,3758680,1814402,47689900,0
98,0,0,1,1,34,22844,13,5,0,905,1596040,1577543,27491220,0
74,0,0,1,1,23,12311,16,0,1,475,3364470,614552,39261493,0
97,1,0,1,1,92,16245,0,0,1,745,720044,1661915,5189924,0
79,0,0,1,1,50,9835,13,5,1,160,1674519,1901473,10664778,0
8,0,0,0,0,64,16964,14,0,0,581,4328930,796919,7694883,1
31,1,1,1,1,83,15549,22,14,0,569,1714920,266620,14947950,1
14,0,0,1,0,28,13780,11,0,1,702,245572,2879937,47898343,0
11,1,0,0,1,40,22682,16,5,1,96,2395005,2755350,7888698,1
96,0,0,1,1,53,3905,8,23,0,671,358241,2386936,28272631,0
77,0,1,0,0,63,13966,2,8,1,710,1891397,1303009,36528205,1
56,0,1,0,1,18,23194,30,30,0,53,4666396,584979,29425332,1
7,0,0,1,1,90,8987,11,5,1,312,4204551,2552646,10363598,0
71,0,0,0,1,43,12130,25,16,0,223,3296205,179865,30623321,1
26,0,0,1,0,12,832,12,27,0,863,3715165,2215366,35114541,0
61,0,0,1,1,52,6636,1,22,0,812,4726665,2996033,24770513,0
11,0,0,0,1,84,7072,21,29,1,574,1123766,2287546,49437042,1
64,0,0,1,1,85,20766,14,17,1,316,3266573,2540575,23897488,0
41,0,0,1,1,73,20134,1,22,1,167,992597,1844526,5756304,0
61,0,1,0,1,45,2743,4,25,0,7,3541157,2229999,7216684,1
10,0,0,0,0,39,22637,20,25,1,948,3251929,1021126,32296435,1
42,0,1,1,1,68,12819,8,19,1,714,4252504,276938,6626840,0
94,0,0,0,1,57,11357,27,0,0,496,4789499,22427,205956,0
16,0,0,1,1,58,5182,29,26,1,497,1738004,1191500,31285659,0
96,0,0,1,1,41,9511,13,24,1,765,3022180,130447,1353371,0
31,0,0,1,1,56,18278,12,15,1,607,2280017,1074441,19375833,0
92,0,0,1,1,22,12352,3,28,0,813,3961383,1576569,8369829,0
84,0,0,1,1,25,11005,7,15,0,645,2808370,2430041,47080546,0
84,0,0,1,1,46,21066,22,0,1,800,3801183,1070712,19635420,0
39,0,0,1,0,69,5150,6,6,1,78,1713353,81342,48267651,0
22,0,0,1,1,85,15120,16,13,1,681,1429510,601936,37534390,0
55,0,0,0,1,12,7477,21,14,1,654,3803972,2626775,43750081,0
5,0,1,1,0,97,13133,5,5,0,136,1884160,455920,39493107,1
85,1,0,1,1,88,6512,25,22,0,596,695785,2497729,44708221,1
49,1,0,0,1,43,24321,7,25,1,746,4630032,425758,14626995,0
36,0,0,1,1,65,8344,21,16,1,169,4402991,2503834,23648361,0
63,0,0,0,1,64,4715,7,16,1,502,1231977,2917678,20711,0
53,0,0,1,1,73,7179,12,5,1,615,4673032,1749196,47494861,0
71,1,0,1,1,63,12654,21,12,1,970,388189,1988677,4367710,0
48,0,0,1,1,14,17036,7,23,1,522,135936,1526531,26210633,0
98,1,0,1,1,67,7865,4,30,1,506,2108365,1993459,33872823,1
10,0,0,1,1,74,18893,8,10,1,520,4540481,2831165,6753595,0
87,0,0,1,1,11,4152,27,18,1,721,3727643,1493273,33992843,0
48,0,0,0,1,39,877,19,9,1,52,3760163,1810872,15345522,0
20,0,0,1,0,95,17956,21,29,0,870,1784618,660469,48210147,1
65,0,1,1,1,46,2957,26,26,1,180,4580191,2934191,19126350,0
62,0,0,0,1,89,11100,1,1,1,243,3225924,2659768,33586724,0
82,0,1,1,1,92,2749,2,19,1,717,2535939,179403,6487455,0
27,1,0,0,1,33,5046,3,7,0,549,4812789,2328044,19118705,0
16,0,0,1,1,31,23025,18,14,0,804,3193055,443630,39484755,0
5,0,0,1,1,42,9788,27,28,1,661,1843493,1283288,24769597,0
18,0,1,1,1,6,21161,28,8,1,940,738308,2712814,28876897,0
55,0,0,1,0,29,16922,30,12,1,943,1924239,1642036,18770740,0
27,0,0,1,1,70,3360,6,26,1,66,2012382,2276932,5505359,0
65,0,0,0,1,42,14517,8,21,0,606,2462958,2719956,1607519,0
37,0,1,1,1,63,9621,5,22,1,239,1719522,1005560,37141993,0
36,0,0,1,1,86,4671,2,14,0,403,393037,408526,411625,0
67,0,0,1,0,11,8726,13,14,1,253,4259380,1946317,6720353,0
85,0,0,1,0,53,11987,12,0,1,744,3511983,1775750,17719746,0
89,1,0,1,1,72,9165,30,4,0,591,3283270,835080,9522226,0
48,0,0,1,1,45,13648,12,28,1,664,9080,2610542,47546147,0
42,0,0,1,1,78,6911,24,14,0,874,326397,475850,20502051,0
35,0,0,1,1,55,1773,0,21,1,973,3331641,1270781,25462447,0
57,1,0,0,1,96,23201,14,29,1,856,4987500,1987061,21597018,1
12,0,0,1,1,98,13391,4,25,1,691,4938480,991308,32000334,0
51,0,0,1,0,28,16890,29,13,0,257,1125816,1189679,31835484,0
57,0,0,0,0,40,19280,28,5,0,107,2440493,2330445,2546204,0
31,0,0,0,0,84,8409,26,5,0,786,309148,2981193,25584899,1
80,1,0,1,1,14,5594,26,22,0,627,607276,2700933,22776918,0
99,0,0,0,1,25,17895,30,19,1,722,4581202,156862,36444074,0
59,1,1,1,1,31,13452,25,4,1,947,808597,2308121,6146231,0
82,0,0,1,1,59,15646,30,21,0,807,4430954,1419973,46770935,0
57,0,0,0,1,89,6207,25,8,0,997,747769,41906,10582602,0
98,1,0,0,1,95,1789,20,19,1,187,4511134,439281,7896236,1
55,0,0,1,1,9,9090,1,19,1,267,3660794,2866013,505517,0
27,0,0,1,1,90,6368,4,6,1,156,273653,2067342,19787238,0
0,0,0,1,1,63,10235,16,29,0,651,1988324,2387238,40367215,1
41,0,0,1,1,40,2511,0,15,0,949,955706,1344611,38045949,0
81,0,0,0,1,78,20900,26,16,1,864,863787,2490341,26749894,1
47,1,0,1,1,38,20358,29,27,1,162,1435407,1056175,37047380,0
39,1,0,1,0,56,20421,3,26,0,697,4775515,1294937,26799634,0
96,0,1,1,1,10,11986,14,22,0,361,4569419,930526,31392822,0
62,0,1,0,1,18,4214,14,7,1,257,1284627,295842,16265346,0
75,0,0,1,1,63,16420,21,27,1,143,644202,1937686,40124382,0
71,0,0,1,1,61,17833,15,17,1,920,293326,1947461,5524433,0
87,0,0,0,1,41,17399,12,19,1,936,718325,443200,6471110,0
79,0,1,1,0,62,9514,13,12,1,953,943670,1122001,23515950,0
3,0,0,0,1,87,11759,26,13,1,962,3518467,2867258,24812272,1
37,0,0,1,1,36,11538,1,3,1,70,1767475,1924628,18561437,0
26,0,0,1,1,24,17405,20,9,1,962,3109790,2197420,32167684,0
8,0,0,1,1,89,10474,26,9,1,977,862091,951666,5260145,0
15,1,0,1,1,83,22887,9,5,1,967,2361102,159204,22511808,0
55,0,0,1,1,85,6015,4,6,0,67,4840291,2067080,2095916,0
75,0,1,1,1,65,13410,2,6,1,24,712549,1045101,23597660,0
30,0,0,1,1,61,23183,19,3,1,563,4112367,2784134,40619328,0
87,0,0,1,0,56,13424,10,18,1,894,2188109,2847564,43520872,0
13,0,0,1,1,92,8531,12,19,1,972,4024564,2353177,18760954,0
24,0,0,1,1,89,6061,1,8,0,722,363295,2297553,42011851,0
33,1,0,1,1,52,13446,28,25,1,696,4315152,2001575,2917622,0
66,0,0,1,1,83,4027,6,27,0,840,4139931,674131,42762002,0
23,0,1,1,1,15,19398,28,26,1,300,67892,1049325,17760028,0
72,0,0,1,1,34,22620,2,22,1,445,2115832,1717762,48714229,0
25,1,0,1,1,64,20756,12,30,0,794,3239653,2140885,4667177,0
19,1,1,1,0,22,19851,5,18,0,321,2592818,1152878,15079345,1
63,1,1,1,1,96,12048,8,15,0,769,4188640,2094695,367002,0
9,0,0,1,1,81,5186,22,2,1,124,4403092,293690,33218608,0
82,1,0,0,0,78,6952,19,4,0,234,4168529,323405,46963172,1
66,0,0,1,1,51,11650,1,23,1,259,3740403,141870,36930231,0
23,0,0,1,1,16,2244,11,4,1,618,4821007,1039865,36972516,0
4,1,1,1,1,54,10728,14,28,1,196,3144622,2109450,39404598,0
66,1,0,0,1,44,10935,29,5,1,728,4925854,2286092,19218650,0
57,0,0,1,1,94,7514,22,8,0,204,2817207,1847790,40118912,0
26,0,0,1,1,68,18264,23,8,1,78,1578422,1662749,39508281,0
79,0,0,0,1,23,11367,15,21,1,472,39797,2095982,34451344,0
14,0,1,1,1,91,5616,2,11,0,926,335728,820371,7634002,1
34,0,1,1,1,31,10647,26,15,1,615,3450810,126173,32915156,0
75,1,0,1,1,56,13160,13,15,1,545,2169171,2641756,8392359,0
52,0,1,1,0,84,9746,22,4,0,625,1227669,1357720,36190689,1
43,1,0,1,1,11,22650,0,28,1,21,277257,1837468,33152893,0
25,1,0,1,1,67,6142,15,23,1,655,4383890,2887179,21551301,0
46,0,0,0,1,81,19807,26,0,1,319,3447819,788831,310140,0
33,1,0,1,1,59,7947,23,26,0,956,1708355,1882516,34907839,0
86,0,0,0,1,80,7640,22,2,1,559,2764022,971809,8701731,0
94,0,0,0,1,95,20175,5,5,1,736,408146,2420640,36688529,0
49,0,0,1,1,35,17312,26,7,0,741,1521676,1124503,24160663,0
83,0,0,1,1,15,20095,14,15,1,757,4461753,560895,33755745,0
11,1,0,1,1,21,8357,30,5,1,607,3574685,1212453,34310148,0
86,1,1,1,1,70,17992,14,13,0,705,3265996,2077014,19871623,0
3,0,0,1,0,71,10630,2,9,0,819,582370,358490,39634905,1
86,1,0,1,1,36,9882,3,21,0,801,219568,709041,41148626,0
47,0,0,0,0,28,10638,23,3,1,994,2187909,1889542,36282939,0
54,1,0,1,1,92,1056,16,11,1,491,3357490,190826,42837137,0
0,0,0,1,1,17,20341,12,6,1,382,186575,1933447,13492095,0
88,0,0,0,0,26,21276,1,6,1,620,1761971,1296241,39917105,0
65,0,0,1,1,23,11657,29,28,1,971,3329031,867809,7140885,0
29,0,0,1,1,57,15498,0,15,1,884,2102647,455341,31784510,0
2,0,0,1,1,98,3492,19,0,0,356,185295,794198,19533818,0
20,1,1,1,0,43,10036,5,27,0,482,4976856,1434454,46565668,1
88,0,0,1,1,25,7951,4,15,1,137,270320,131252,37045727,0
83,1,0,0,1,91,237,28,2,1,287,885898,1988867,29499005,1
48,0,1,1,0,20,22276,5,14,1,669,3962841,2313723,39933535,0
85,0,1,1,1,11,19546,17,24,1,333,1901157,2540426,11274762,0
84,0,0,1,1,88,19029,30,28,0,138,3518361,2342583,23238604,0
61,0,0,1,1,82,3362,20,5,1,137,4991652,675170,20863569,0
96,0,1,1,1,30,13011,0,12,0,301,1095363,619019,30848799,0
37,0,0,1,0,90,6784,12,19,1,771,4986707,829682,29761199,0
14,0,0,1,1,94,2821,5,7,0,241,4698498,2391199,4955167,1
51,0,0,1,1,80,14979,19,11,1,594,3238420,867403,49107970,0
78,1,0,1,1,35,24759,28,22,1,379,1563998,199154,9578694,0
45,0,1,0,1,72,23920,11,13,0,667,2568177,1708130,5266583,1
24,0,0,1,1,44,15940,28,15,1,416,3817320,990831,41167230,0
20,0,1,1,1,31,17792,9,25,1,264,275415,2889056,15528398,0
87,1,1,1,1,13,23616,24,13,1,504,2031939,1191413,25093674,0
4,1,1,1,1,80,7841,27,15,1,973,4728005,1966569,10119364,1
69,0,0,0,1,97,3412,28,5,0,658,1360029,654683,102831,1
46,0,1,1,1,96,3745,18,3,0,666,3841930,186144,9587229,0
86,0,0,0,1,20,2444,2,19,1,80,3407915,2524523,33778690,0
67,0,0,0,1,76,15025,14,23,0,725,2060513,1240785,44878210,0
90,0,1,1,1,17,3229,24,18,1,238,2485548,212045,23949908,0
17,1,0,0,1,82,17541,30,26,1,473,3621398,2226086,49171687,1
20,0,0,0,1,64,4845,13,24,0,316,1657899,1953531,21652845,1
91,0,0,1,1,83,17099,3,7,1,749,3519107,2259906,16934899,0
98,1,0,1,1,64,11622,6,3,1,379,2397502,2344510,32582244,0
85,0,0,1,1,13,10702,9,27,1,772,3696863,1144587,30396141,0
22,0,0,1,1,57,6232,13,28,1,801,4984105,898014,33311271,0
63,0,0,1,1,36,10257,1,30,1,990,3033041,2676475,7199279,0
66,0,1,1,1,90,10091,0,2,1,543,4933718,236944,31880169,0
39,1,0,1,1,59,18990,25,12,1,929,3851837,2084847,48598857,0
9,0,0,1,1,29,16227,15,3,1,582,3019876,1976586,20435399,0
88,0,0,0,1,45,3538,15,10,1,399,901072,1415647,29460977,0
51,0,0,1,1,30,20226,12,15,1,463,532685,189540,35293585,0
71,1,0,1,1,33,4817,29,14,1,167,683965,1274084,43770200,0
74,0,0,1,1,86,14777,0,27,0,159,977332,2415271,47195196,0
60,0,1,1,1,40,8802,5,1,0,585,599105,2067114,9076510,0
63,1,0,0,1,88,22763,3,14,1,892,2874704,1300210,42731409,0
4,0,1,1,1,88,13741,1,5,1,288,513728,2151165,22354276,0
52,0,0,0,0,7,12174,28,14,0,832,1748026,1964826,46993496,0
54,0,0,1,1,63,18776,6,12,1,678,3556956,16892,19204863,0
36,0,0,0,1,38,24707,23,2,1,170,2882758,151309,49318968,0
55,0,0,0,1,10,485,29,18,1,469,336760,659068,46595690,0
58,0,0,0,1,35,8438,13,11,0,53,1549377,2156540,36155391,0
92,0,1,1,1,36,19220,22,11,0,908,2377166,1192366,10414915,0
68,0,0,1,1,46,20307,25,16,1,675,2345567,208760,30705544,0
72,0,0,1,1,61,9869,24,23,0,335,524947,414749,24675363,1
58,0,0,1,1,77,8583,0,7,1,820,4295572,1963986,2985248,0
1,0,0,1,1,50,23965,9,24,1,619,4731365,2815300,45342541,0
64,1,0,1,1,95,20878,5,12,1,604,4315175,546889,4310609,0
59,0,0,0,1,92,17864,7,26,0,352,3435489,2537962,35480158,0
50,1,1,1,1,60,3274,8,11,1,115,326439,1108398,20991104,0
29,0,0,0,1,54,12758,10,15,0,218,25944,1905128,18018456,0
10,0,0,1,1,90,12511,23,20,0,958,2118881,2994885,6353072,1
91,0,0,1,1,34,3734,5,10,0,714,3213825,1872356,48424636,0
75,1,0,1,1,40,18904,7,19,1,361,1578487,2544673,5492115,0
38,1,0,1,1,30,16908,23,8,0,151,3779089,1280091,44493706,0
89,0,0,1,1,54,3477,15,18,0,385,1881608,1986322,42156496,0
76,1,0,0,1,6,16603,16,19,0,592,2784158,2200479,43824792,1
71,0,1,1,1,11,23361,23,7,1,443,3286904,2081512,8409047,0
62,0,1,0,1,31,20547,6,28,1,725,746796,746429,13372895,0
63,1,0,0,1,84,12781,7,12,1,175,4620970,1588170,41554540,0
60,1,0,1,1,53,9954,7,1,1,721,4613643,2537593,4114807,0
53,1,0,0,1,50,16280,27,18,1,20,1891797,2637254,21236614,1
91,0,1,0,1,97,20234,25,12,0,730,1099576,2151625,9062489,1
93,0,1,0,1,89,4049,29,26,0,273,3695691,2427494,35664520,1
72,0,1,0,0,30,5242,26,28,1,473,1270541,955492,13218426,1
94,0,0,0,1,86,20560,9,18,1,25,2720610,2371404,42947079,0
57,1,1,1,1,69,9708,21,10,1,324,2682691,1033454,45792528,0
84,0,1,1,1,6,13935,8,23,1,92,4624103,254817,40843903,0
55,0,0,0,1,82,1078,18,26,1,449,4732277,241478,220831,1
33,0,0,0,0,83,10905,9,1,1,125,1912957,1133782,45910178,0
30,0,0,1,0,68,16004,16,7,0,78,1714443,117800,42535601,1
51,0,0,1,1,68,3866,29,6,1,534,3571933,1491904,25815168,0
88,0,0,1,1,92,18159,8,0,0,206,3881714,997198,27005643,0
75,1,0,1,1,64,6695,13,13,1,783,783033,470020,19671872,0
0,0,0,1,1,93,11035,25,7,1,325,1835746,1833745,32359514,0
54,1,0,1,0,13,15341,29,26,1,399,4380011,2626480,32613618,0
21,0,0,0,1,19,4581,25,0,1,372,1211665,1289879,43925323,0
39,0,0,1,1,41,23801,1,30,1,575,4013383,1139920,9148715,0
100,0,0,1,1,10,16965,2,29,0,236,631094,516395,46115219,0
0,1,1,0,1,47,24015,26,24,1,175,221638,1848750,16015299,1
64,0,1,0,1,49,16388,19,16,1,418,3747525,699878,1956191,0
62,0,1,1,1,80,19619,23,20,0,605,4275189,1041816,11727793,1
53,0,0,1,1,95,12946,26,23,1,86,453142,1980911,6921956,0
41,0,0,1,1,75,4571,8,3,0,528,152154,617637,37919007,0
20,1,0,0,1,32,234,18,5,1,71,3581179,349476,47415395,0
78,1,0,1,0,56,11218,17,0,0,193,2537418,2276986,31536757,1
80,0,1,1,1,80,15029,17,30,0,307,1366021,1566547,18085938,1
21,0,0,0,1,39,5683,10,2,0,7,3737117,756073,2751283,0
37,1,0,0,1,70,19922,8,27,1,746,4131939,1417998,37523892,1
98,0,0,1,1,30,23029,11,20,1,982,2064455,2306885,47464294,0
79,0,1,1,1,24,14844,7,1,0,882,1325232,2471734,32103869,0
7,0,0,1,0,93,1907,17,16,1,264,2672081,928054,49708741,1
61,0,0,1,1,66,2859,28,8,1,998,3692872,428768,604565,0
46,0,0,1,1,89,751,7,28,1,257,3706690,560324,3678288,0
16,1,0,1,1,5,10143,3,7,0,983,3155038,1103058,15030158,0
16,0,0,1,1,96,8910,5,18,1,672,3615303,530890,14744183,0
89,0,1,1,0,57,12490,20,14,1,89,1869855,1232227,11201232,0
12,1,0,0,1,81,8355,15,5,1,124,35696,948574,10405369,1
16,0,0,1,1,34,8667,20,23,1,941,3960289,1217749,12479753,0
37,0,1,1,1,64,8768,12,29,1,904,4616616,742278,26908434,0
80,0,0,0,1,14,4067,25,5,1,375,2432056,1959036,11006725,0
77,0,1,1,1,26,2824,15,7,1,504,3639216,28798,15150396,0
44,1,1,0,0,33,15384,25,2,0,831,4378496,1508959,36895682,1
5,1,0,1,1,73,5579,22,30,1,728,1216535,2469837,2152920,1
34,0,0,1,0,12,16062,23,30,1,868,1895170,2375073,18447217,0
13,0,0,1,1,57,22616,20,11,1,197,3925741,2710043,1675048,0
71,0,1,1,1,15,8212,28,19,1,559,3201132,1717369,44540887,0
60,1,1,1,1,30,12867,19,7,0,293,3400673,2433850,28432209,1
14,0,0,1,1,23,17398,17,10,1,640,1735061,2883876,40747841,0
53,0,0,1,1,23,12253,20,25,0,472,1959898,2174964,49867100,0
26,0,0,1,1,34,4915,7,26,1,319,843346,1452958,17166960,0
12,0,1,1,1,40,4954,0,25,0,235,2091278,1715566,29145241,1
30,0,0,1,1,46,14542,5,14,1,746,1602833,2389221,39984178,0
34,0,0,1,1,60,6314,17,12,1,507,1936697,2845120,15627256,0
59,1,0,0,1,13,508,1,23,1,105,4472876,632093,28723981,0
5,0,0,1,1,11,6325,7,21,1,827,1315755,505769,31923301,0
68,1,1,0,1,22,7010,5,25,0,712,1277194,1631002,14334556,1
85,0,0,1,1,13,22763,5,30,1,251,846589,1265365,46054008,0
57,0,0,1,1,10,11224,21,29,0,642,3136940,2906854,5685403,0
48,1,0,1,0,74,5949,24,12,1,96,3255882,231888,37917632,0
22,0,0,0,0,49,23830,13,13,0,727,4599893,1521445,23925102,0
88,1,0,0,1,26,12329,30,21,0,32,2682644,1511077,28411409,1
33,1,0,0,0,85,4400,28,8,1,579,736180,200548,42369765,1
25,0,0,1,1,83,13911,2,23,1,466,1706539,2281040,24811425,0
46,0,1,0,1,77,7496,17,2,0,874,3233246,2927539,6478119,1
4,0,0,1,1,74,13853,29,22,1,882,805192,753371,6326069,0
89,0,1,1,1,91,17945,4,11,1,483,3779546,1311618,24956728,0
19,0,0,1,1,85,13479,21,8,1,604,330900,2840287,47642368,0
5,0,0,1,1,36,13426,24,11,0,468,4555977,2174430,35642329,0
69,0,0,0,1,71,12188,15,25,0,918,2856785,285411,11539893,1
58,0,0,1,1,20,735,24,10,1,641,967960,2328849,20775274,0
63,0,0,1,1,6,15726,17,18,1,426,3093147,2664061,2283053,0
17,1,0,1,1,71,4691,8,26,0,968,3157819,604795,34569298,1
3,0,0,0,1,45,6737,24,8,0,648,717977,175489,39807148,1
16,0,0,1,1,55,4439,28,4,1,980,1052833,1269415,2420463,0
13,0,0,1,0,18,14036,21,9,1,273,121718,2901265,37050425,0
77,1,0,1,1,82,23274,0,8,0,975,4352984,2551071,2454976,0
12,1,0,0,1,98,4467,10,0,1,688,1617841,322876,25360743,1
6,0,0,0,1,53,944,7,12,1,470,4061617,976445,30452231,0
43,1,0,1,0,53,9274,7,19,1,375,4354348,862893,6353003,0
14,0,1,1,1,31,15982,23,11,1,144,4791842,318018,21855522,0
18,1,0,0,1,85,4595,12,10,0,737,2543761,2849441,19445676,1
62,0,1,0,0,43,3822,28,8,1,856,896116,1192438,38308575,0
34,0,0,1,1,77,12430,7,28,0,660,4372053,1705529,19440370,0
80,0,1,1,1,40,882,15,14,0,926,755499,2524892,14706662,0
34,0,0,0,1,14,24884,25,28,1,161,3895643,559794,47703350,0
18,1,0,1,1,97,19000,20,27,1,601,152315,273826,12487604,1
19,0,0,1,1,8,22212,17,12,0,174,1711158,2876895,30259100,0
99,1,0,1,0,89,3278,8,27,1,878,548889,2260845,25844896,0
34,0,1,1,1,6,12040,11,11,0,248,3935882,1720345,4064562,0
31,0,0,1,1,83,3994,26,30,1,761,441342,1113077,38564058,0
47,0,0,0,1,32,23580,21,13,1,676,4975942,2779806,22629109,0
43,0,0,1,1,93,22455,2,8,1,200,315446,951823,13300289,0
23,1,0,0,1,30,23934,0,21,0,606,2338819,1267011,12246257,0
60,0,0,0,1,77,5283,30,9,0,720,4351939,768276,41312933,1
16,0,0,1,1,34,24779,27,5,0,552,1348851,2666070,37590883,0
70,0,0,0,1,13,14743,20,18,1,250,3615571,1368670,4930739,0
49,0,0,1,0,5,19045,19,9,1,719,665280,1590226,45861358,0
64,1,0,1,0,60,18829,28,14,0,27,4319333,1919320,45033262,0
98,0,0,1,1,60,14988,28,20,1,242,3823879,199707,11705633,0
31,1,0,1,1,80,10584,28,29,1,429,1993036,907787,31096811,0
35,0,0,1,1,65,21919,19,7,0,74,4865772,1255069,47390371,0
12,0,0,1,1,49,16761,8,17,1,408,4194848,273402,16948941,0
69,1,1,1,1,17,19003,28,1,0,31,1637638,1739505,7017097,0
57,0,0,1,1,18,7625,21,3,0,102,77702,1263180,24375283,0
13,0,1,0,1,14,23516,7,8,1,275,2549455,1958030,43992151,0
36,0,0,0,1,21,7955,24,15,1,824,1619715,696522,39668487,0
78,0,1,1,1,21,14854,12,4,1,255,811828,1918446,3916965,0
67,1,0,1,1,35,18283,16,18,1,321,3742660,347321,39990162,0
39,0,0,1,1,50,16174,22,14,1,386,3684623,2157766,14296252,0
58,1,0,1,1,53,18541,6,23,0,551,2943747,2175490,2545041,0
79,0,0,0,0,94,21952,29,30,1,908,4243979,2040245,44763096,1
91,0,1,0,1,79,24863,14,14,1,926,1202484,178510,20489641,0
15,0,0,1,0,84,17795,13,11,0,936,2439521,2035857,10223050,1
61,0,0,1,1,97,12725,24,15,0,653,1778257,809680,36886287,0
3,1,0,1,1,22,16722,15,10,1,985,684427,11569,16347664,0
44,0,1,1,1,79,1033,16,6,0,225,4815450,590588,47895436,0
89,0,0,0,1,15,8965,15,24,1,345,1516637,220954,14099704,0
27,1,0,1,1,77,16426,17,15,1,786,41498,2292960,15559492,0
95,1,0,0,0,93,14465,13,9,1,72,2278840,947961,3142344,1
65,0,0,1,1,59,3178,5,21,0,864,4576784,2247997,40231263,0
30,1,1,1,1,7,395,19,17,0,268,3746076,2562074,2097466,0
2,0,0,1,1,82,6766,20,15,1,887,385239,2939534,6430625,0
7,0,0,1,1,93,19782,14,0,1,950,252194,1878083,40149806,0
23,0,0,0,0,20,22858,4,4,0,950,4662325,222857,46075709,0
14,0,1,0,1,13,20575,25,27,1,723,1372806,645736,45810704,1
42,0,0,0,1,72,2599,16,22,1,469,257002,1463193,45846205,1
30,0,1,1,1,49,8281,0,6,0,300,1849741,939892,21411728,0
72,0,0,0,1,6,403,12,17,1,834,2502799,1633848,30480582,0
44,1,1,1,1,93,676,6,5,1,821,1937327,653264,20936775,0
65,1,0,1,1,26,14219,18,16,1,960,1079295,2991604,24991069,0
7,1,0,1,1,73,13671,20,11,1,572,3723132,2631256,30425382,0
70,0,1,1,1,53,19319,23,11,1,203,1503130,560003,3486015,0
56,0,0,0,1,25,7988,4,0,0,435,2217627,1795489,15320013,0
79,0,0,1,0,78,18652,25,1,1,601,4476772,1384069,42256279,0
98,0,1,1,1,91,23932,8,20,0,641,699966,2332446,22379601,0
29,0,0,1,0,95,7276,3,25,1,227,4181359,38733,38486069,0
73,0,0,1,1,98,18708,30,25,0,481,4933260,1557672,11464711,1
17,0,0,1,1,59,14983,6,17,1,105,394017,972477,49731184,0
68,0,0,1,1,8,23683,12,13,0,603,1427125,1352912,22072211,0
92,0,1,0,0,62,41,30,9,1,661,2975515,132919,26399767,1
38,0,0,1,1,74,17414,7,29,1,718,3564510,1203266,32535404,0
59,0,0,0,1,63,14298,22,13,0,823,487121,279645,39075948,0
97,0,0,1,1,30,14118,30,2,0,899,643963,644523,48957236,0
42,0,0,1,1,78,4573,28,24,1,63,2104819,36265,34003637,0
44,0,0,1,1,73,301,3,20,0,105,3594682,60724,38362349,0
22,0,0,0,1,43,7608,7,29,1,575,1281483,2215374,36845694,0
68,0,0,1,1,5,8801,25,12,0,541,1611327,32739,36573643,0
93,1,0,1,0,61,180,26,18,1,273,1413999,2522599,2115227,1
5,1,0,0,1,52,6521,15,4,0,698,711229,2232817,27372503,0
55,0,0,1,1,76,20286,25,18,1,113,1220867,1661002,37904714,0
3,0,0,0,1,25,14413,12,26,1,388,2320579,130100,23150718,0
92,0,0,1,1,35,23694,9,29,0,236,1681787,1827103,48944162,0
22,0,0,0,0,62,2940,13,4,0,574,1718922,463410,877650,1
5,0,1,1,0,51,2949,19,12,1,366,1165314,2095254,11864247,1
31,0,0,1,1,27,10119,9,14,1,982,3188701,2134512,32026662,0
17,0,0,1,0,79,16505,12,25,0,462,1119065,2453830,42040223,1
14,1,1,1,1,84,14090,27,5,1,462,3065785,81709,22309377,1
39,1,0,0,1,95,16748,7,26,1,368,4163233,399669,32980477,1
95,0,0,0,1,11,22283,23,11,0,441,1525196,1604444,14665131,0
72,0,1,1,1,53,24467,19,15,1,585,4039882,2439846,43720859,0
100,0,0,1,1,92,24776,4,24,1,834,2912405,2412149,29852731,0
73,0,0,1,1,35,3652,20,17,0,741,3847418,2773948,12136679,0
83,1,0,1,1,51,18703,20,14,1,261,579648,1707151,13020160,0
5,0,1,1,1,97,16111,18,15,1,402,3991280,2729628,28700637,1
62,0,1,1,1,72,9564,12,13,0,939,1212519,56091,28607009,0
66,1,1,1,1,39,15789,1,15,0,736,2108328,409035,21158395,0
10,1,0,1,1,79,23609,15,2,1,425,4863597,177810,6380619,0
42,1,0,1,1,38,5030,13,21,1,393,1380921,1826774,21492663,0
16,0,0,1,1,62,13234,16,1,0,108,1173644,99650,18848870,0
95,0,0,1,0,19,20321,26,23,1,452,4045369,1112616,43737246,0
3,0,1,1,0,82,10633,2,9,1,451,3701268,528940,35223749,1
62,0,0,0,1,89,4434,15,13,1,741,2724066,1819172,22160270,0
67,1,0,1,1,75,2929,8,22,0,21,237821,2193377,2178002,1
80,0,0,1,1,85,13062,6,29,1,39,1417172,952438,47671630,0
40,1,0,0,1,46,8974,1,16,0,632,3689524,1715468,37893258,1
82,0,0,1,1,22,2074,10,20,1,942,3240466,2013349,26983110,0
4,1,0,1,1,82,22049,23,20,1,734,1728148,1128989,599110,1
31,0,0,1,1,42,8036,10,29,0,229,2325296,435939,14155288,0
85,1,0,1,1,68,22137,28,16,0,344,2997790,2587943,7957336,1
69,0,1,1,1,33,6235,13,21,0,193,2211784,1314578,23790798,0
34,0,1,1,0,14,22031,15,17,1,656,4743108,2295216,10923644,0
21,1,0,0,0,21,19237,7,2,0,156,1323590,283635,23462732,1
64,0,1,1,0,36,6259,22,20,1,606,643411,1870468,48613962,0
83,0,0,1,0,65,1693,27,14,0,761,3411285,1787590,24275453,1
21,1,0,0,1,88,24281,26,11,1,211,3148322,2776040,16459877,0
10,0,0,1,1,85,16540,21,15,0,87,551141,2011675,6305105,0
76,0,0,1,1,50,3089,14,5,1,674,3901626,2353506,13414716,0
2,0,0,1,0,75,14619,15,13,1,613,3191838,1945224,8631386,0
8,1,0,1,1,60,3886,1,26,0,407,3986613,186095,37570823,0
59,0,0,0,1,65,11958,30,17,1,252,854289,1880530,35085097,1
75,0,0,0,1,48,2568,3,19,1,747,3234423,2641836,29295533,0
86,0,0,1,1,98,16376,0,2,0,656,4260991,1597220,5220639,0
13,0,0,0,1,42,8936,6,16,1,297,1088264,750216,22773216,0
96,0,0,1,0,54,20527,30,19,1,96,3652361,155026,47841512,0
17,0,0,1,0,78,15883,10,5,1,208,739897,988650,24234215,0
72,0,0,1,1,36,22464,17,25,1,547,3112200,2197626,29259463,0
22,0,0,1,1,94,23785,21,6,1,859,1032131,2906996,22291353,0
73,0,0,1,1,57,8088,24,5,1,195,3391755,1914637,38774217,0
82,0,0,1,0,52,8772,4,11,1,831,3990391,2869921,44950932,0
46,0,1,1,0,85,20052,4,16,1,660,3169933,2063817,15303222,0
68,0,0,0,1,5,7539,19,20,0,987,1118048,2093839,42668943,0
46,0,0,0,1,94,11494,16,20,1,888,3730025,341908,9635323,1
86,0,0,1,1,34,9949,3,5,0,322,1560681,1203726,21634575,0
29,0,0,1,1,13,17813,8,14,1,77,4001053,86125,16878975,0
24,0,0,1,0,37,15554,13,4,0,134,2690548,1419722,9591455,0
27,0,1,0,1,30,17242,8,24,1,78,2515953,507741,13906405,0
97,0,0,0,1,46,6940,22,21,1,856,2019801,674655,36320568,0
24,0,1,1,1,78,13570,12,14,1,859,3143413,972680,3670580,0
73,0,0,1,1,46,22820,15,10,1,905,1513100,1012623,14259224,0
77,1,0,1,1,43,10235,19,8,0,562,1406534,551940,23528545,0
57,0,1,1,1,65,15997,12,3,1,599,3487635,1306721,20697122,0
93,0,1,1,0,51,7614,8,2,1,867,4838275,793167,9112897,0
40,0,1,1,1,46,5811,20,12,1,492,1762894,2763410,17371318,0
24,0,1,1,1,52,20741,11,5,0,576,2440753,1387435,43401060,0
77,0,0,1,1,56,9597,11,0,1,947,2836060,638232,26640671,0
98,0,0,1,1,37,21814,9,9,0,549,1402346,1839870,27353265,0
47,1,0,0,1,31,9549,28,4,0,974,778227,296654,11880510,0
97,0,0,1,1,47,8909,1,1,0,602,3067557,1455176,29635171,0
9,0,0,0,0,33,9056,24,21,0,968,3076097,2762270,18948610,1
98,0,0,1,0,23,18477,21,18,1,245,3179075,1296966,35206482,0
74,0,0,1,1,86,7636,4,15,1,685,2365818,1079998,10117295,0
10,0,0,1,1,32,19748,10,28,1,287,3118559,1441198,42343355,0
84,0,0,0,1,14,9832,25,29,1,72,981915,458517,10297806,0
20,0,0,1,0,71,23893,27,8,1,932,4131401,1194285,25568006,0
85,0,0,1,1,97,11448,23,17,1,734,1820285,2042615,3933981,0
44,1,0,1,1,20,7113,1,16,1,699,1385222,2408644,29850674,0
6,0,0,1,1,5,2959,20,6,1,784,4151246,660442,20418985,0
80,1,0,1,1,86,23637,9,20,1,375,1000707,587547,45948307,0
63,0,0,0,1,8,3521,7,16,0,181,4573603,270453,1381457,0
63,0,1,0,1,73,17545,19,20,1,378,240863,1131571,11277953,1
1,1,0,0,1,89,15103,9,19,0,479,1223360,822052,28076177,1
75,0,0,0,1,8,11671,25,0,1,159,3526369,421706,4086597,0
41,1,0,1,1,24,16671,10,7,1,675,774613,485401,16416659,0
81,0,0,1,1,67,20160,8,19,1,421,2821565,636264,47731309,0
53,0,0,1,0,87,8532,6,9,1,974,3371636,485746,10806867,0
74,0,0,1,1,39,6513,11,22,1,249,3828030,20257,45686307,0
15,0,0,0,0,49,7741,6,5,1,751,48508,2082489,13916888,0
17,1,0,1,1,61,880,15,8,1,62,4280239,2801616,48310478,0
98,1,1,0,1,28,6255,24,0,1,167,2729984,586505,35773798,0
58,0,0,0,1,24,8578,18,9,0,510,1872627,207420,41942443,0
89,0,0,1,1,32,19030,15,24,1,952,2286604,1774240,18695716,0
15,0,0,1,1,42,11023,14,23,1,217,4957186,1923103,21065200,0
5,0,0,1,1,28,4103,29,30,1,449,1347066,1470407,11502518,0
56,0,0,1,1,88,9023,13,28,1,447,937997,648866,14668989,0
46,0,0,1,0,28,18257,12,11,1,247,265882,1696621,46743240,0
47,0,0,1,0,74,5988,28,10,0,669,3373476,1202215,10629482,0
41,0,0,1,1,29,20617,2,4,1,860,2028769,2227800,45011707,0
75,1,0,0,1,85,15713,12,18,1,768,3960070,133846,32495508,1
59,1,0,1,0,85,6505,28,9,1,93,68017,299369,21885399,0
76,1,0,1,0,73,15772,25,17,0,458,4561070,2090540,9383622,1
3,1,0,0,1,21,13676,6,8,1,8,2782665,899471,2559343,0
1,0,0,1,1,62,3763,1,28,1,360,210819,2113969,3767996,0
89,0,0,1,1,77,16188,9,29,0,350,3326967,776927,4216436,0
58,0,0,0,1,24,24844,29,2,1,414,621315,2161087,39537278,0
26,1,0,0,1,6,9435,14,3,0,425,5651,1173080,36961133,0
26,1,0,0,1,87,18463,30,21,0,710,2527417,1105333,19339017,1
78,0,1,1,1,13,1194,2,20,1,655,2043084,1076610,14043311,0
71,1,0,1,1,67,22255,5,5,1,951,2399233,1373574,31867027,0
6,0,1,1,1,87,18800,28,1,1,728,4060824,2876550,46471670,0
62,0,0,0,0,72,15723,30,4,0,333,3232975,1203783,47450901,1
45,0,0,1,1,10,1888,24,19,0,649,2594183,1305590,45202898,0
62,0,0,1,1,15,839,13,12,1,532,2400654,2104130,38796650,0
11,0,0,0,1,25,21798,3,0,0,420,4728977,2748732,14032636,0
12,0,1,0,0,67,22347,14,13,1,628,4334385,506962,25052936,1
42,0,0,1,1,93,14214,4,19,1,945,550632,1684063,40759424,0
16,0,0,1,1,34,22843,30,10,0,13,4888075,3042,26360443,0
62,0,0,1,1,86,12311,5,1,1,731,4523679,1826450,30562451,0
80,0,0,0,0,93,57,18,14,0,530,3880821,313041,15915208,1
35,0,1,1,1,25,23861,17,6,1,953,1651408,1946467,48341791,0
84,0,0,1,0,27,3585,19,22,1,8,308783,1963690,28205978,0
7,0,0,1,1,65,18128,5,4,1,426,3064715,285223,40105934,0
68,1,0,0,1,34,9323,3,11,1,753,3660963,1680476,7996782,0
89,0,1,1,1,50,5394,11,16,0,776,740007,1125582,3186931,0
79,0,1,0,1,64,13568,23,15,1,60,594518,2557669,35078700,1
35,1,1,1,1,22,22722,24,16,1,314,709614,2681439,23571673,0
27,1,0,1,1,66,9921,29,30,1,627,1779489,1063941,726718,0
92,1,0,0,1,49,6936,23,26,1,884,99780,1296466,13252661,0
46,0,0,1,1,65,14976,13,6,0,664,1698424,1840584,43430709,0
75,0,0,1,1,63,8936,6,25,1,556,544636,1291544,39174000,0
100,0,0,1,1,39,19910,1,30,1,104,39389,2828412,32444910,0
29,0,0,1,1,26,16025,25,0,0,447,2044315,2769657,27009111,0
22,1,0,0,0,28,18300,1,1,1,987,3019714,314324,8798702,0
15,0,0,0,1,91,1272,25,30,1,435,3369960,2842120,18063828,1
13,0,1,1,1,55,16951,20,19,1,212,1787252,1418468,22406394,0
73,0,0,1,1,69,6480,19,4,1,227,2686875,2928899,23414952,0
70,0,0,1,1,19,19756,3,26,1,510,4997475,2575443,17316004,0
51,0,0,0,1,32,12363,19,0,1,136,3168546,2716210,24488518,0
36,0,0,1,0,46,14658,22,12,0,472,2096027,2003761,38290257,0
28,1,1,0,1,24,8057,2,0,0,424,4614041,2694634,27637589,1
66,1,0,1,1,47,16683,1,18,1,972,3413281,692646,9359395,0
14,0,0,0,1,84,18668,20,0,1,751,3968655,1847461,16449500,1
99,0,0,0,1,73,20264,28,2,0,417,136112,485210,22697309,0
46,0,0,1,0,67,19989,5,4,1,78,3847445,718108,49197202,0
45,0,0,0,1,47,15306,13,27,1,405,4322028,613848,19272315,0
51,1,0,1,1,83,20664,7,18,1,289,2636107,2856640,42558584,0
18,0,0,1,0,6,11494,10,11,0,873,4967756,265559,13110587,0
76,0,0,1,0,92,20106,30,25,0,877,1439797,738524,44621317,1
20,0,1,1,1,81,17240,30,7,0,767,3687551,643510,45341368,1
63,0,0,1,1,27,19203,18,4,1,55,4123419,221711,35994536,0
36,0,1,1,1,16,24268,29,14,1,833,1301384,1773365,21485378,0
26,0,1,1,0,50,10519,29,10,1,313,3888284,2866337,49284894,0
54,0,0,1,1,37,14527,14,14,1,326,284412,899111,26244985,0
28,0,0,1,0,48,11155,19,4,1,142,3781839,256257,27816412,0
19,0,0,1,1,29,21324,19,5,1,220,1972486,1717333,18350074,0
24,1,0,1,1,39,11145,19,27,1,537,2235911,337158,31508563,0
69,0,0,1,1,39,7483,22,3,1,640,2123222,93590,38155324,0
62,0,0,0,1,69,4992,19,4,1,935,3849244,1352548,46563298,0
35,0,0,1,1,47,18313,13,12,0,279,2629840,1995464,39724496,0
1,0,0,1,1,72,7789,22,21,1,683,1695817,2560744,37386105,1
21,1,0,1,1,66,17252,3,11,1,871,1217268,252675,41016364,0
95,1,0,1,1,35,6906,29,5,0,184,764676,1922815,14760363,0
15,0,0,1,1,32,17533,30,29,1,145,4782917,885162,14912050,0
17,0,0,1,1,15,24237,9,4,1,159,3456624,340118,41904924,0
68,0,1,1,1,36,22264,7,29,1,52,3823326,1794263,7994562,0
53,0,0,1,0,70,9236,4,27,0,796,3973739,576335,3039484,0
99,0,0,1,1,64,8368,17,9,1,135,2705490,43923,29386480,0
29,1,0,1,1,55,7187,28,27,1,377,2343518,2959445,1883860,0
44,0,0,1,1,63,18217,24,5,1,18,139031,782462,23690584,0
18,0,0,1,1,81,1981,30,8,1,208,1495051,2865059,48837585,0
86,0,0,1,1,21,8529,24,23,0,134,4358427,1875002,25315421,0
33,0,1,1,0,72,5176,30,19,1,962,1381937,2765411,38125586,1
12,0,0,1,1,99,19990,16,17,1,404,4485701,1058324,44782780,0
42,0,0,0,1,42,13699,4,3,1,637,756854,1409004,3217878,0
61,0,0,0,1,68,5964,2,12,0,343,1230771,1065348,29739550,0
92,0,0,1,1,7,17214,9,21,1,514,2226907,447610,32827331,0
99,0,0,1,1,58,12094,26,25,1,153,441435,877259,36407531,0
21,1,0,1,1,80,20888,20,22,0,879,3750444,2595905,14994131,1
51,0,1,1,1,48,11394,3,26,0,902,88896,793313,16060799,0
51,0,0,1,0,86,11059,18,3,0,427,2587135,642985,42160475,0
35,0,0,1,0,34,13094,22,12,1,744,2127806,2193951,23550752,0
72,0,0,1,1,79,24318,4,10,1,157,3265670,1582580,27274784,0
18,0,1,1,1,92,19172,0,10,1,9,231188,264421,8830485,0
37,0,0,1,0,89,15143,3,18,1,969,2360706,1112458,34271170,0
69,1,0,1,1,58,2692,0,0,0,142,3772620,1714545,44906171,0
78,1,1,0,0,52,498,14,13,1,941,1659891,206771,21204287,1
56,0,0,1,1,39,15448,2,12,1,783,4741438,1576712,43164443,0
19,0,0,1,1,72,21239,26,6,1,686,4886524,580539,17278533,0
8,0,1,1,1,30,1348,9,0,0,336,3793912,1559719,26894095,0
31,0,0,1,1,76,1143,30,12,1,880,2339726,2285144,21914947,0
3,0,0,1,1,92,11123,25,23,1,883,3642211,1348224,36576080,0
49,0,0,1,1,60,4661,4,4,0,301,4701232,302653,20775938,0
81,0,0,1,1,80,10658,21,7,1,192,775709,95862,38889108,0
4,1,0,0,1,73,3172,10,13,0,300,379045,2371829,10976085,1
19,0,0,1,1,84,16632,16,1,1,521,2376559,2767935,21749278,0
86,1,0,1,1,68,23861,25,18,0,348,2264697,2497343,40044109,1
74,0,0,0,1,33,8971,8,3,0,836,4799037,12783,10558531,0
36,0,0,1,1,82,7420,12,1,1,488,1471265,2573112,25414308,0
21,0,1,0,1,63,7130,13,3,1,652,3181214,1777667,31490127,0
57,0,0,0,1,29,14820,8,30,1,379,3152040,870311,47395967,0
67,0,1,1,1,76,4096,16,5,1,214,458480,126458,28984369,0
92,0,0,1,0,31,16119,6,26,0,897,2083803,1625373,31922757,0
43,0,0,0,1,26,17170,15,28,1,940,4017732,2537456,29362392,0
33,1,1,0,1,75,14022,19,22,0,680,4688697,422132,217879,1
76,0,0,1,1,51,20172,12,21,1,380,2685635,2830402,13744371,0
41,0,0,1,1,80,5025,13,22,0,388,4935472,923769,5293460,0
8,0,0,1,1,59,14511,17,17,1,298,21741,2577257,15852649,0
94,0,0,0,1,13,18127,27,0,0,673,4283069,962977,1918424,0
6,0,0,1,1,58,2958,10,12,1,724,4615437,2409235,14973988,0
67,0,1,0,1,68,7245,26,29,1,99,2486343,111212,4265594,1
18,0,0,0,1,43,16076,1,14,0,367,4430855,1407585,34948710,0
93,1,1,0,1,87,14582,21,8,1,130,844735,2982342,45521254,1
30,0,0,1,1,96,18087,30,22,0,906,200598,1367689,26308950,0
34,0,1,1,1,97,23789,5,28,0,584,2397574,2036527,14726385,0
56,0,0,1,1,12,10720,4,28,1,398,3647196,78161,33557100,0
84,1,1,1,1,31,11335,2,26,1,829,209181,94476,44575207,0
60,1,0,1,1,73,17340,26,1,1,283,1004923,1354363,22851014,0
30,0,1,1,1,97,20649,6,29,1,77,4063151,1022335,48332970,0
82,0,0,1,1,37,14964,2,13,0,333,2149806,342497,36794822,0
94,0,0,1,1,89,4947,12,29,1,694,2900740,1498528,5532964,0
52,1,0,0,1,14,6908,26,22,1,541,272893,1832845,11619505,1
31,0,1,1,1,20,11004,22,3,1,776,1556909,2232398,39712928,0
65,0,0,1,1,15,1134,1,18,0,216,2774067,2379367,44217488,0
58,1,0,1,1,23,15651,30,19,1,453,2355547,2775486,24358534,0
9,0,0,0,0,68,1398,23,4,0,476,1563281,2937830,44779833,1
1,1,0,0,0,56,24039,1,8,1,66,1549536,1889196,7103925,1
65,0,0,1,1,81,21536,17,19,1,469,1171715,955222,29081360,0
59,0,0,1,1,19,3657,3,24,0,614,1337571,1698593,32971051,0
87,0,0,0,1,46,16358,25,30,0,987,3187224,1186054,12476249,0
16,0,0,1,0,87,17233,16,19,1,712,1009026,1698721,16697708,1
95,0,1,1,1,83,1216,10,16,0,588,3070094,2497092,41601149,0
15,0,1,1,1,42,9857,6,26,0,458,2128451,562674,14902621,1
15,0,0,1,1,90,4882,1,27,0,690,3020487,1018945,47317895,1
45,0,0,1,1,53,14093,14,26,1,711,2543305,1834670,10014108,0
38,0,0,1,1,81,17372,13,15,1,425,3782855,1844759,29394257,0
30,0,0,1,1,88,16944,30,26,0,650,3368881,1939402,27490566,1
87,0,0,1,1,53,8501,13,16,0,989,2928505,809986,39484753,0
0,0,0,1,1,83,5398,5,19,1,921,4801248,1651301,33520417,0
10,0,0,1,0,75,11218,29,19,0,794,119651,2023850,44005972,1
84,0,0,1,0,59,20373,4,25,0,628,4081919,1215136,19410056,0
3,1,0,1,1,26,13601,13,6,0,410,3782149,861980,29923822,0
70,1,0,1,1,47,16391,20,0,1,454,4699266,2712007,27513099,0
25,0,0,1,1,54,18489,28,11,1,854,953989,2789228,4475411,0
49,1,1,1,1,88,16598,3,20,1,512,483074,1909437,40023228,0
11,1,0,1,1,23,14956,13,25,0,359,2406484,630807,2608909,1
94,1,0,1,1,95,13271,4,23,1,652,4273261,1802445,44858184,0
80,0,0,1,0,76,1995,11,23,1,442,3373550,1629426,26707610,0
96,0,0,1,1,22,10175,26,22,0,455,3305822,2460542,30418001,0
74,0,0,1,1,14,12062,24,19,1,922,2633961,1789209,20344344,0
91,0,0,1,1,54,22857,12,22,1,781,3350698,1946951,23870300,0
95,0,0,1,1,53,3756,28,16,1,82,3583703,649457,26453895,0
64,0,0,0,1,45,7321,11,14,1,709,2888892,2445912,19793229,0
46,0,0,0,1,19,18097,27,5,1,31,1392376,2966699,24464057,0
91,0,0,0,1,27,22627,16,30,1,785,3066355,2721557,18699268,0
52,0,0,1,1,80,12847,17,12,1,399,4903780,1640383,28669599,0
70,0,0,1,1,31,20418,11,22,1,994,3338097,538892,36593121,0
1,1,0,0,1,10,11438,30,11,1,534,3431057,743488,7076660,0
23,0,1,1,1,28,20077,22,2,0,709,3903112,2957935,47892748,0
3,0,0,1,1,90,8175,8,7,1,272,2818729,1032886,14132833,0
18,0,0,1,1,13,1803,18,23,1,892,2621167,524825,20530282,0
25,0,0,0,1,78,6111,21,23,0,161,1103300,1459857,36691992,1
74,0,0,1,1,66,21772,28,26,1,297,916333,1240360,31362673,0
39,1,0,1,1,71,9912,20,15,1,388,2274998,1524655,13037594,0
49,0,0,1,1,74,22648,24,14,1,865,4286022,1140649,22124454,0
42,0,1,1,1,94,5668,14,20,0,348,3291540,294504,31116257,0
74,1,0,0,1,82,22472,8,28,1,203,1277957,286972,7000183,1
66,0,0,1,1,46,11823,12,6,0,959,3180475,1049371,24095766,0
11,0,0,1,1,64,693,14,15,0,837,4673153,1562239,6695344,0
66,0,0,1,0,87,23569,11,20,0,938,4302459,1802772,6144522,1
26,0,1,0,1,52,32,9,28,1,425,4478367,1216817,38276806,0
53,0,1,0,0,60,22159,2,23,1,903,3645199,2011318,44688364,0
65,0,0,0,1,91,23108,25,24,1,115,4614551,1160585,45442400,1
48,0,1,0,1,9,10690,9,10,1,536,2570743,2345156,18190313,0
15,1,0,1,0,83,18185,17,3,1,556,4978505,1660104,41861371,1
1,0,0,0,0,98,22425,28,15,0,754,2419494,2820485,12288288,1
59,1,1,1,1,58,21848,9,3,0,68,1064205,443386,46237688,0
53,0,0,0,1,42,4792,3,26,0,652,2990323,2587994,33416747,0
29,0,0,1,1,23,11369,27,22,1,183,1441755,2217918,41938036,0
83,0,0,1,1,73,19889,27,22,1,260,3855130,141553,35252697,0
37,0,1,1,1,77,21660,24,27,0,857,4272526,1952057,8896052,1
27,0,1,1,1,75,12759,2,29,1,771,789617,1778569,2963426,0
24,0,1,1,1,28,24580,19,10,1,977,1268940,2048177,44237976,0
95,1,1,1,1,84,12926,17,23,0,922,1618265,2301497,37970682,1
9,0,0,1,1,14,761,16,15,1,59,2120544,2918544,42716933,0
59,0,0,0,1,89,7605,4,15,1,114,1780938,539296,25425155,0
41,1,0,0,1,25,3436,19,6,1,265,3068642,202732,37800192,0
39,0,0,0,1,19,8509,9,22,1,686,1642401,1404462,33195241,0
96,0,0,0,1,68,14766,1,5,1,781,86630,63567,34456190,0
76,0,0,1,1,17,18262,21,30,0,133,4656838,2817327,27282675,0
41,0,0,1,1,75,24888,20,21,1,623,4494522,2139324,2701809,0
46,0,1,1,1,44,721,0,9,1,511,4912496,330469,7897953,0
36,0,0,0,1,12,16919,15,18,1,379,2986432,279148,7255054,0
79,0,1,0,0,42,7331,9,19,1,53,3611774,631829,47556193,0
21,0,1,0,1,56,12344,2,14,1,124,4243380,2529808,38676890,0
56,0,0,0,1,6,4711,3,25,1,61,3342817,1770118,44799421,0
83,1,0,1,1,26,18940,0,3,0,389,3764722,1527775,46533963,0
26,1,0,1,1,8,24305,27,24,1,844,3518399,1613891,36225564,0
40,0,0,0,1,56,24691,11,5,1,988,3176841,2192945,39354161,0
79,0,0,1,0,11,24470,12,27,1,458,3905044,351424,42481632,0
33,1,0,1,1,5,21229,26,25,1,385,3134134,1746972,2887789,0
31,0,0,1,1,87,916,7,18,1,419,2331890,2589750,29122082,0
89,0,0,1,1,62,22695,18,27,1,668,4534043,1043399,9095503,0
88,0,0,0,1,66,10620,30,26,0,819,1066967,670097,4067498,1
65,1,0,1,1,98,13089,4,19,0,450,4580749,934952,13861037,1
11,0,0,1,1,70,14341,11,28,1,791,4557533,150708,496034,0
39,1,1,1,1,59,6398,18,21,1,581,4303592,2843705,18578250,0
72,0,0,1,1,17,3675,3,11,1,161,4195773,1859989,36043178,0
75,0,1,0,0,32,5664,14,5,0,991,168136,487104,11884250,1
89,0,0,1,1,18,24655,24,12,1,335,3949335,556402,48670641,0
72,0,0,1,1,7,2935,12,27,0,321,2472051,1991559,38071092,0
9,1,0,1,0,20,16528,12,27,1,372,3397384,2400778,33841951,0
95,1,0,0,1,93,24504,2,4,1,605,98056,205364,2620787,0
97,0,1,1,1,50,746,7,13,0,792,2601059,2768927,44950610,0
47,1,1,0,0,7,23427,21,13,1,521,2027565,1312869,45685303,1
19,1,0,1,0,7,8339,5,16,1,703,4504288,704314,1524753,1
38,0,0,1,1,45,1886,16,26,1,419,3054267,1506962,23081469,0
59,0,0,0,1,33,6866,27,25,0,317,3123080,1038018,1177396,1
65,0,0,1,1,44,3968,10,21,1,656,387977,890396,3649051,0
64,0,0,1,1,23,17831,6,29,1,328,678092,2362959,8354520,0
50,0,0,1,1,24,21945,14,3,0,840,988364,2844957,32776366,0
35,0,0,1,1,25,18681,3,7,0,535,3194947,1522454,33618880,0
23,0,0,1,1,24,6690,7,25,0,446,3184621,503186,3707012,0
26,1,1,1,1,96,226,24,0,1,495,89448,1323440,13388991,1
1,1,0,1,1,51,19322,1,11,0,428,3933196,788393,35273420,0
30,0,0,1,1,95,19477,23,12,1,187,2656189,2722565,33917961,0
56,0,0,0,1,48,23044,10,20,0,721,4309448,957448,16202925,0
77,0,0,1,0,93,22955,7,19,1,603,4648313,443955,20853891,0
65,0,0,1,1,6,396,21,4,1,733,482790,2444058,34320450,0
28,0,0,1,1,47,5263,29,24,1,319,274678,1456527,11712776,0
14,0,0,1,1,61,5444,18,6,1,267,256821,551218,40048843,0
11,0,0,1,1,92,932,4,2,1,599,4199367,441559,28228382,0
100,0,0,0,1,23,12892,17,18,1,196,4660594,381351,42404566,0
27,0,0,0,1,94,11089,29,6,1,337,1481154,2822158,46412601,0
83,0,0,1,1,68,24621,29,16,0,843,3249237,1332717,43686341,1
23,1,0,1,0,50,14064,5,12,1,520,2923872,1009189,48055632,0
20,1,0,1,1,45,11739,29,23,1,499,3243560,68979,22666611,0
9,0,0,0,1,71,13008,18,18,0,90,2662486,1648987,8781136,1
77,0,1,1,1,95,3274,19,12,0,509,887824,314932,18899842,1
100,0,0,1,1,18,6835,24,7,0,756,2560582,723282,27568912,0
17,0,0,1,1,24,21655,25,7,0,177,4606852,360481,5716801,0
87,0,0,1,0,39,6401,4,12,1,968,3895886,2707213,27375872,0
13,0,0,1,1,91,18762,12,1,1,520,492007,2016322,12526730,0
33,1,0,0,1,29,22037,22,29,0,967,3423144,2347615,37385844,1
57,0,1,1,1,8,3467,11,2,0,115,3883732,350772,6972907,0
75,1,0,1,1,61,20332,8,12,1,34,1147650,771106,23054369,0
21,0,1,1,1,6,9686,28,25,1,544,3430416,617594,24371003,0
69,0,0,1,1,70,24908,4,16,0,845,602030,299246,36832538,0
35,0,0,1,1,93,15639,16,5,0,100,4405287,1180282,29471286,0
44,0,0,0,1,91,13227,17,2,0,82,3068237,1052448,19327028,1
35,0,0,1,1,25,5942,2,24,0,845,1518044,211368,39673454,0
21,0,0,1,1,93,22598,18,0,1,606,3865684,1770007,31512376,0
77,0,0,0,1,95,10175,14,29,1,383,2601130,216480,21678918,0
79,0,0,1,1,56,11271,16,14,0,705,1265938,1533288,10728303,0
60,0,0,1,1,79,18218,8,7,1,508,2599401,1898826,32411853,0
99,1,0,1,1,82,2976,29,29,1,249,37785,427124,45750337,0
55,0,0,0,1,85,6481,24,22,1,319,4720602,1925818,19831989,1
88,0,0,1,1,19,18609,27,11,1,565,3171863,1846661,7011505,0
95,0,0,1,1,50,18799,3,6,1,611,834747,1340996,26490461,0
32,1,1,1,1,35,13856,8,26,1,67,1815029,148211,29956495,0
44,0,1,1,0,66,19309,3,15,1,158,858462,2614735,18313543,0
35,0,0,0,1,38,10185,23,7,0,571,2448445,2618306,18676476,0
19,0,0,1,1,40,10049,2,8,0,880,1939638,702439,16512871,0
17,0,1,0,1,48,17076,8,7,1,409,2568449,1176951,185708,0
37,0,0,1,0,67,22621,10,5,1,161,4475126,2827795,41340648,0
66,1,1,1,1,81,10497,10,0,1,528,2840902,2110659,24283219,0
22,1,0,0,1,22,4931,19,15,0,561,838005,1359045,34665042,0
95,0,0,1,1,85,5625,30,0,1,259,2187978,1986582,34018453,0
15,0,0,1,1,49,19463,28,12,1,495,1024930,1101328,44364962,0
58,0,0,1,1,43,3977,7,10,1,797,3809095,2310102,8210848,0
68,0,0,1,1,96,11669,28,22,1,270,3084295,2207252,4535179,0
67,1,0,1,1,30,11218,1,10,0,235,4784738,2319179,17368895,0
20,0,0,0,1,82,2538,15,18,0,237,3233077,1564224,29004239,1
77,0,0,0,1,79,7465,22,18,1,197,4997705,548379,8039060,1
94,0,0,0,1,28,4298,1,10,1,829,2759586,2601613,46006668,0
77,1,0,0,1,62,8701,20,24,1,977,691468,2220813,39976042,1
69,0,0,1,1,99,12449,24,14,1,373,3197848,2504011,34504755,0
11,0,0,1,1,54,8870,20,9,1,29,2445707,2572600,2079471,0
15,0,0,1,1,76,13841,29,19,1,149,4855101,1818568,28930276,0
80,0,0,0,1,43,10518,19,15,1,902,2022297,1601152,17901823,0
86,1,0,1,1,76,21064,23,2,0,408,3713755,1263682,30195055,0
13,0,0,1,1,35,22050,4,28,0,241,73565,1774030,35282746,0
60,0,0,1,1,87,2048,8,1,1,284,4660453,968760,7670878,0
70,0,0,1,1,40,14502,24,20,1,185,56523,1431807,35884632,0
45,1,0,1,1,43,326,1,24,0,379,1851673,2021023,46473105,0
31,0,0,1,1,25,2657,25,13,1,697,1787637,1254714,2577270,0
14,0,0,0,1,27,9188,8,14,1,465,2664993,2657346,43879612,0
43,0,1,1,0,58,13564,10,27,1,246,923832,2453311,30235733,0
16,0,0,0,1,40,5667,7,23,1,106,4432613,2172384,41378423,0
40,0,0,1,1,19,14429,29,7,1,22,625954,1107488,20857111,0
53,1,0,0,1,6,23839,25,0,0,792,730690,2149642,47737123,1
43,0,0,1,1,80,13456,6,24,1,872,3601639,1240792,568009,0
97,0,0,0,0,74,22466,5,23,1,274,2946262,2110316,17366168,1
4,1,0,1,1,42,5959,19,13,1,924,2336361,2961739,24362402,0
26,0,0,1,1,69,4483,26,26,1,313,671296,1738040,10750639,0
86,0,0,0,1,54,2175,14,29,1,586,4866982,2212013,37877594,0
77,0,0,1,1,94,18331,14,13,0,769,551153,2999276,45999240,0
78,0,0,1,1,91,16147,6,28,1,869,4026499,2991590,19469189,0
42,0,1,1,1,5,3880,27,18,0,794,3465313,380857,28518507,0
96,1,0,1,0,25,22563,30,7,0,498,4102817,2608457,47810944,0
30,1,0,1,1,61,11968,27,8,1,858,4989835,680077,5027763,0
98,0,0,1,1,23,20728,21,14,1,545,1264985,1939547,962852,0
16,0,1,1,1,33,23670,7,11,1,125,3459535,1222849,6230358,0
91,0,1,1,1,54,5219,16,17,1,695,3816330,166744,27564675,0
82,0,0,0,0,94,24967,18,30,1,329,2314936,2362470,18048616,1
53,0,0,1,1,38,2850,23,0,1,18,1769561,548203,32990777,0
61,0,0,1,1,85,18049,1,14,1,120,618045,1360637,35515379,0
86,1,0,1,1,86,7869,8,30,1,709,2700459,2471890,24643428,0
31,1,0,1,1,58,5147,28,0,0,854,590338,2224454,35930741,0
39,0,0,1,1,36,17057,1,0,1,778,1837133,179274,26137592,0
12,0,0,1,1,8,511,12,20,1,398,4387890,2557762,48766812,0
83,0,0,0,1,34,17013,24,1,1,844,2210110,1588890,12704105,0
34,1,0,0,1,99,22168,11,3,1,352,3230667,773508,11401574,0
4,0,0,1,0,22,18313,22,16,0,295,4151771,1575390,12313500,1
72,0,0,1,1,73,23313,3,1,0,164,2957787,1142790,33435571,0
28,0,0,1,1,33,16610,18,6,1,819,3631615,2647475,18905580,0
69,1,0,0,1,16,11244,7,30,1,946,342028,161390,43909784,0
24,1,0,0,1,19,22561,25,24,1,879,2854053,1332914,23683427,0
94,0,0,1,1,83,22007,30,21,1,655,2132508,419821,32746724,0
21,1,0,1,1,57,5891,12,9,0,315,580171,2051130,19618488,0
65,0,0,1,1,39,21489,28,9,1,417,2401838,1322768,43859287,0
44,0,1,1,1,56,22910,26,12,0,464,3627527,2009833,42543118,0
68,1,1,1,1,57,13790,29,4,0,836,541293,117616,30079273,0
90,1,0,1,1,18,15871,13,25,1,950,1488659,1128272,48183605,0
88,0,0,1,1,22,22346,6,26,1,307,4243013,585392,19573998,0
71,0,0,1,1,42,22051,25,6,1,643,186579,1255331,25184413,0
0,1,1,1,1,90,8531,27,24,1,90,4178358,2923473,31162528,1
83,1,0,0,1,42,23715,29,28,1,632,2771404,2138837,32920579,1
43,1,0,1,0,59,22347,0,13,1,101,2583853,1256449,29161293,0
86,0,0,1,1,15,17329,10,17,1,674,4576770,374490,15056334,0
95,1,0,0,1,71,16151,22,21,0,810,1417315,2757802,41947033,1
74,1,0,1,1,57,22954,16,18,1,777,1299737,2147289,28660638,0
38,0,0,1,1,82,9666,16,25,1,620,4099984,2801306,1797577,0
53,1,0,1,1,48,5770,14,27,0,270,4114103,1142589,10819054,0
87,0,0,1,1,29,15406,26,25,1,353,1392700,2195002,40146481,0
74,0,1,1,1,66,3355,20,19,1,496,4468636,1238551,1380262,0
28,0,1,0,1,18,17575,9,20,0,102,4244030,2348667,41445348,0
53,0,0,1,1,51,18084,15,20,1,389,4423168,1341795,48459301,0
89,0,0,1,1,99,4805,4,9,1,243,4631047,718660,24846265,0
15,1,1,0,1,93,19898,27,7,0,367,567776,1204320,4727050,1
98,0,1,1,1,59,20602,1,20,1,348,939611,714288,43637164,0
19,0,0,1,1,87,12839,6,1,0,33,27972,2729236,37631680,1
45,1,0,1,1,16,9142,2,13,1,81,4868860,541253,14531488,0
66,0,0,1,1,11,18174,14,1,0,85,613038,2357040,44785323,0
64,0,0,1,1,53,7789,26,11,1,775,1550650,257218,11834039,0
57,0,0,0,1,18,13854,10,16,1,808,2655971,144320,25687689,0
52,0,0,1,1,33,3519,0,17,1,163,3057935,1970242,48657190,0
0,0,0,1,1,51,16411,22,16,1,711,24048,2227219,20934843,0
80,1,0,0,1,18,14507,15,14,1,520,4160455,794114,35207505,0
65,0,0,1,1,91,16552,10,2,1,371,715439,2522107,29257760,0
28,1,0,1,1,55,17427,19,20,1,492,178659,1660881,1962865,0
83,0,1,0,1,18,13170,19,18,1,444,127421,2118245,29450780,0
69,0,1,0,1,91,16384,18,26,1,554,927059,2358325,42470697,1
7,0,0,1,1,12,5891,6,22,1,479,3734949,2369181,28533355,0
28,0,1,0,1,81,24077,17,25,1,120,1606921,2684313,18737494,1
50,0,0,1,1,69,13336,22,10,1,645,901720,2210396,48366478,0
32,0,0,0,1,41,16958,27,17,1,956,4406640,1393290,45811338,0
2,0,0,0,1,94,8900,9,20,1,5,68529,1166966,2842072,1
59,0,0,1,1,72,11328,7,28,1,216,3973684,619689,28638974,0
34,0,0,1,1,20,14259,1,2,0,246,202129,1266092,27885032,0
68,0,0,1,1,93,9970,23,17,0,982,4890287,2606295,37600845,0
90,0,0,0,0,87,11429,6,3,0,940,2576308,760039,40591672,1
75,1,0,0,0,24,9091,25,27,1,638,1335620,133495,29554294,1
83,0,0,1,1,94,8592,7,8,0,717,2886373,282284,29734587,0
19,0,1,0,0,71,6292,18,24,1,726,465073,561854,10226254,1
72,0,0,0,1,75,13995,5,5,1,602,490925,1421863,8635414,0
38,0,0,0,1,36,23421,0,6,1,65,4983044,1444086,38804761,0
3,1,0,0,1,73,19203,22,0,1,849,3118318,2551496,6329258,1
18,0,1,1,1,89,2182,10,2,1,83,3904370,2768984,47016547,0
90,0,0,1,1,34,20093,19,14,1,386,4485819,1474553,11242002,0
44,1,0,0,1,24,18660,3,1,1,313,2123778,1159475,35562500,0
42,0,0,0,0,62,12578,11,30,0,178,1954342,226843,47625389,1
12,0,0,1,1,33,7929,27,8,0,692,1522742,146975,25997037,0
12,0,0,1,1,28,22639,29,25,1,651,2372851,2368389,14987374,0
59,0,0,0,1,5,3121,8,7,0,30,1496865,1786533,31847972,0
56,1,0,0,1,93,17793,22,18,1,686,3216653,1702768,3280946,1
85,1,0,1,1,31,13926,7,25,1,727,3511014,806577,21469251,0
91,0,0,1,1,93,17608,5,13,1,378,3412002,2287864,1241249,0
51,1,0,0,0,25,24448,17,23,0,911,4929376,2900511,16126438,1
52,0,0,0,0,21,2491,18,9,1,60,3104787,2841895,26029355,0
85,0,1,0,1,96,2068,19,23,0,855,3689239,2142413,21216383,1
42,1,0,0,1,36,5829,17,10,1,396,2800456,30253,26036183,0
82,0,0,1,1,48,5375,26,29,1,603,244598,346641,16407263,0
71,0,0,0,1,26,6285,0,7,1,6,4692683,1383706,37990985,0
71,0,0,0,1,46,6637,28,3,0,734,3509588,142574,21395072,0
41,0,0,1,1,87,424,8,22,0,5,4773702,706657,46221008,0
89,0,0,0,1,66,23891,12,25,1,942,3025107,1567876,15790484,0
25,0,0,0,1,52,15167,11,30,1,166,2339857,2988053,1834187,0
22,0,0,0,1,12,4673,25,7,1,931,2982272,2044695,28302790,0
42,0,0,1,1,6,11111,29,9,0,439,3722985,835758,8678996,0
76,1,1,1,1,9,2412,17,14,1,64,3121043,1538879,32672230,0
27,1,0,1,1,32,1589,26,12,1,134,3668249,277665,22603723,0
8,0,0,1,1,8,9946,20,4,1,14,2982325,944197,32458657,0
19,1,0,1,1,57,24846,6,29,1,564,2516499,503564,7390419,0
55,0,1,1,1,5,23129,28,24,0,178,129089,1549166,16855556,0
82,0,0,1,1,83,13308,10,14,0,273,555682,2034909,2510700,0
38,0,0,0,1,81,21069,17,24,1,905,1298976,790634,7207775,1
50,0,0,1,1,99,7181,21,2,0,680,3842083,2643378,41745955,0
11,0,0,1,1,85,22878,9,2,1,991,420322,1107767,25073108,0
78,0,0,1,1,10,17363,26,28,1,548,3225718,1592307,33088255,0
94,0,1,1,1,92,104,7,23,1,74,3138354,140160,46513743,0
54,0,1,0,1,59,11994,13,12,0,347,3345443,526696,43319028,0
77,1,0,1,1,56,6169,13,22,0,561,3180636,633656,26930817,0
10,0,0,1,1,81,14320,12,8,0,436,4137,940451,6746028,1
25,1,0,1,1,89,5240,6,28,1,197,4956253,1268201,22549199,0
41,1,0,1,0,28,20475,14,1,1,209,3138932,922134,13644304,0
26,0,0,1,1,66,21735,5,14,1,31,4363335,1595490,590288,0
10,0,0,1,1,60,7448,11,17,1,185,1982030,779867,24178926,0
37,0,0,1,1,90,9076,10,22,1,590,1188604,287440,44422714,0
97,1,0,1,0,97,10920,23,28,1,471,1688821,855488,38472407,1
42,0,0,0,1,28,12391,17,7,1,108,2069841,1950628,2308280,0
18,0,0,1,1,80,8537,3,2,0,861,4169648,1593192,17905281,0
63,0,0,1,1,24,16557,30,0,1,615,3700527,1974828,10593035,0
5,0,0,1,1,38,5515,3,25,1,719,3688311,2586930,34434927,0
45,1,0,1,1,19,6565,12,6,1,431,2066501,1664068,14186871,0
41,0,1,1,1,55,15665,6,29,1,588,1208040,1603464,45073431,0
91,1,1,1,1,8,8520,29,26,1,609,3155890,2211850,20955404,0
64,0,0,1,1,57,17672,22,5,1,956,1013129,1640124,37160119,0
98,0,0,1,1,18,1864,18,28,1,761,1524184,1012001,17116764,0
71,1,0,1,1,69,10010,3,30,0,890,3231810,2090143,49744575,1
58,0,0,1,1,37,23087,0,29,0,744,3295844,306060,37731749,0
51,1,0,0,1,54,1453,7,0,0,606,3442104,1731633,43201750,0
46,0,0,1,0,67,3775,11,8,0,278,2871680,713325,18364495,0
6,0,0,1,1,54,16580,11,10,1,286,988845,357044,24931278,0
10,0,0,0,0,97,14370,19,26,1,416,744031,932586,33302579,1
60,1,0,1,1,78,6295,10,26,1,980,347626,2120040,35181218,0
67,1,1,1,1,40,16821,20,21,1,166,149688,2342014,17736029,0
24,0,0,1,1,82,1157,20,28,1,763,3586727,568582,21505687,0
11,0,1,1,1,90,4130,16,4,1,724,1562641,1068650,49700827,1
25,0,1,1,1,96,18220,29,2,1,130,548253,2328946,4803419,0
11,0,0,0,1,75,23384,16,28,0,889,2073107,2740809,10395695,1
42,0,0,1,1,54,3768,22,8,1,223,3628111,1902877,12143759,0
50,0,0,1,1,45,13752,11,6,1,576,694677,2400148,10088504,0
36,1,0,1,1,74,13553,30,19,0,690,4353995,63639,48403312,1
45,0,0,1,0,31,1690,27,12,1,695,1235037,2646414,22678809,0
52,1,0,1,0,34,15714,11,0,1,412,505129,2641816,11124328,0
87,0,0,1,1,36,21536,16,27,1,515,1981930,1484110,5742394,0
79,0,0,1,1,87,3817,28,19,1,443,953235,2032305,28679226,0
12,1,0,1,1,26,8323,8,2,1,148,680228,361648,11303503,0
88,0,0,0,1,89,17376,21,5,0,99,915376,2964391,33726624,1
53,1,0,1,1,73,9455,12,10,1,446,1846963,113107,37813914,0
56,1,0,1,1,25,24602,16,16,1,447,1076866,2444104,30483017,0
3,0,0,1,1,60,13606,28,26,0,531,4594169,917252,46484665,1
74,0,0,1,1,88,20491,0,14,1,902,158549,2145137,45874435,0
95,0,0,1,1,35,8468,20,3,1,459,200073,1846576,26828537,0
48,0,0,0,1,63,5657,30,0,0,813,952731,190674,22753468,1
6,0,0,1,1,74,12220,26,0,0,70,4824882,1659027,7998638,0
10,0,0,1,1,99,24836,2,5,1,978,767411,236777,23919386,0
91,0,0,0,1,47,4382,7,21,0,495,3799086,541177,43280474,0
53,0,0,1,1,92,13327,7,8,0,446,697237,2983623,12247297,0
86,0,0,0,0,58,5943,25,13,0,78,2246117,668302,46441503,1
44,0,0,1,1,22,5366,7,13,1,14,4975671,2117190,17937465,0
22,0,0,1,1,59,20000,5,26,0,193,4625333,2871005,33066602,0
27,0,0,0,1,33,6086,14,6,0,438,3494411,731459,42060226,0
56,0,0,0,1,65,18665,20,5,0,381,3140752,2564839,35785527,1
25,0,0,1,1,55,11824,4,18,0,849,262566,26194,34677615,0
24,0,0,1,1,80,950,5,2,1,188,3263598,283214,30808804,0
53,0,0,1,0,16,7663,21,4,1,758,4290457,1747717,22305285,0
28,1,1,1,1,97,11686,28,21,1,846,4008400,1992970,3081565,1
82,0,1,0,1,65,13352,25,5,1,31,555046,2998211,15468569,0
96,0,0,1,1,75,8674,24,7,0,557,4074788,2186941,1209744,0
35,1,0,1,1,20,16907,22,23,0,202,287664,818603,15249822,0
13,1,1,0,1,16,5471,5,12,1,742,3191231,916541,15179077,1
77,0,0,0,0,66,8501,26,12,1,225,2518238,1042292,21600361,1
34,0,0,1,1,89,7128,9,0,1,837,1585592,1266369,49029545,0
29,0,0,0,1,72,18895,22,18,1,592,538998,1867462,39991014,1
91,0,0,1,0,64,10888,18,20,1,20,3613955,2697071,33872270,1
16,1,0,0,1,85,12104,27,8,1,944,4056211,2598249,49694699,1
66,0,1,1,1,32,20355,1,3,0,918,1246904,2839537,19095422,0
79,1,0,0,1,68,2538,25,4,0,936,3212305,528228,21280698,1
29,0,0,1,1,99,2132,6,16,1,465,1382310,728937,32919388,0
92,1,0,1,1,76,18750,18,6,1,178,3050620,1285330,1271071,0
44,0,0,1,1,54,4181,12,17,1,946,4650234,2473683,2730009,0
78,0,0,0,1,30,12257,3,12,1,777,1082455,1608207,21761094,0
88,0,0,0,1,44,11548,10,27,0,614,4409576,1293324,37196349,0
50,0,1,1,1,59,7478,17,0,0,201,1071200,1135042,47904473,0
46,0,0,1,0,35,2804,20,13,0,335,1140889,1652948,36826704,0
52,1,0,1,1,87,15424,27,13,1,180,1162734,260936,37452175,0
63,0,0,1,1,75,12757,20,12,1,302,478855,2880003,21206501,0
37,1,0,1,1,9,22329,10,28,1,78,3368978,2518212,45270347,0
63,0,0,1,1,17,10065,12,17,0,457,1811167,403560,12479628,0
86,0,0,1,1,22,3578,9,7,0,649,3733579,1167203,4582013,0
88,1,0,1,1,86,14500,25,0,0,417,4070058,550276,45617447,0
6,0,0,0,1,54,1229,30,14,1,57,1570984,1860365,404796,0
21,0,0,1,1,88,23017,16,16,1,757,4811505,1446569,8335352,0
80,0,0,1,1,91,3186,30,16,1,767,2998622,787861,13384451,0
81,0,0,1,1,40,1810,3,26,0,671,3884288,2584995,408556,0
40,1,1,1,1,56,5203,2,29,1,970,1029156,1349449,1800533,0
73,0,0,1,1,37,9300,6,1,0,970,4469549,695399,42871824,0
9,0,0,1,1,68,9322,15,13,1,763,872573,2196444,11611564,0
56,1,0,1,1,75,23802,20,0,1,295,2410979,766442,7854868,0
6,0,0,1,1,73,13712,5,1,0,965,2425817,1903282,31357313,0
49,0,0,1,1,77,20116,17,26,1,722,398081,2342753,46941704,0
90,1,0,1,1,34,23670,0,6,1,693,3549648,1399710,5895493,0
51,0,0,1,1,72,20517,18,0,1,353,3003083,38136,27401484,0
32,1,0,1,0,93,11375,9,9,1,369,3846453,2198512,36802711,0
0,0,0,1,1,26,12416,2,17,1,338,1449082,940779,33280854,0
52,1,0,1,1,63,9809,25,2,1,628,3471728,699296,3095893,0
59,1,0,1,1,12,11300,22,17,1,442,1334788,725990,36771479,0
33,0,0,0,1,70,16543,10,18,1,332,643029,2094802,17339599,0
3,0,0,0,1,41,8883,6,12,1,473,1692950,160785,8523243,0
16,0,1,1,1,60,19619,25,22,0,832,2726825,2305569,15540479,1
3,0,0,1,1,65,15861,30,1,0,886,4513370,1116282,34385326,1
42,0,0,1,0,90,8384,29,2,0,27,2936006,718571,2739334,1
89,0,0,1,1,69,7380,5,21,0,617,4652670,1314807,26888825,0
3,0,0,1,0,46,13392,13,3,0,245,731571,1807233,5815323,0
0,1,0,1,1,53,10432,29,16,1,777,2549608,2608977,25886985,1
70,0,1,0,1,72,8374,28,7,1,689,4678247,2851630,2338641,1
93,0,0,1,1,13,10791,19,22,1,192,4611061,1335154,18961357,0
49,0,0,0,1,12,24940,7,7,0,205,923069,2231844,30379067,0
72,0,0,1,1,62,18595,25,24,1,575,262019,494888,32757690,0
60,0,0,1,1,90,23138,10,24,0,625,3857121,1690920,25164565,0
34,0,1,1,1,58,10634,1,2,1,406,1095786,1961163,588426,0
7,1,0,1,0,89,9121,6,14,0,2,1697109,1351888,25391776,1
23,1,0,0,1,52,24431,16,10,1,679,1862628,2034219,5496777,0
82,0,0,1,1,58,16202,23,8,1,953,4250791,1700775,31388736,0
35,0,0,1,1,32,13346,29,10,0,880,3914565,1025422,30544976,0
49,0,0,1,0,70,21611,4,5,0,207,2481019,1973231,47493145,0
42,0,0,1,0,85,5429,5,9,0,663,3290036,118351,8108499,0
26,0,0,1,1,35,24946,21,9,1,318,3065963,97985,2963060,0
31,0,0,1,1,17,22421,16,17,0,781,3588059,1741622,41478476,0
77,0,0,1,1,63,15121,22,12,0,889,3767619,632185,12180380,0
17,1,0,0,0,86,9075,14,16,1,109,729025,2326363,49504622,1
27,0,0,1,1,92,9288,2,3,1,303,3986726,234303,41363424,0
28,0,0,1,1,35,17111,17,24,1,148,672336,1394113,37144242,0
15,0,1,1,1,37,23197,14,17,0,525,2843493,787497,32373664,0
98,1,0,0,1,57,10744,22,0,0,695,4541668,84300,3974877,1
46,1,0,1,1,99,12721,25,28,1,155,4293006,1927648,7173364,0
58,0,0,0,1,95,21330,24,17,1,106,1867566,2546167,13157104,0
30,0,0,1,0,40,15749,3,6,0,977,1605996,81365,46300571,0
3,0,0,1,1,89,24840,22,28,1,415,3312564,2538482,33917649,1
36,0,1,1,1,73,12036,20,4,0,858,3961110,1834347,39940181,0
16,0,1,0,1,79,4366,9,15,1,534,3243093,666504,11096508,1
38,0,1,1,1,38,23690,25,30,1,32,37014,2444031,10311054,0
47,0,0,1,1,65,532,10,4,1,320,3510511,470894,29726961,0
45,0,0,1,0,64,6029,22,9,1,22,4156493,2423139,18307969,0
89,0,0,1,1,7,14767,0,30,1,702,4806702,2650750,40560055,0
47,1,0,1,0,10,5658,26,28,1,988,1269912,30605,13181164,0
38,0,0,0,1,24,19021,28,28,1,490,2038991,256430,25601159,0
3,0,0,0,1,8,8617,9,15,0,47,3017126,1473462,20596633,0
29,0,0,0,1,57,19470,24,3,1,1,357983,1147951,19669777,0
29,0,0,1,1,75,927,21,0,1,964,933344,2251828,15769671,0
21,0,0,1,1,66,8407,14,7,0,464,2720144,959646,1364049,0
74,0,0,1,1,85,23006,7,27,1,171,4129070,2959391,29766156,0
65,0,0,1,1,42,10331,8,0,1,343,1812278,1850434,23978158,0
11,0,0,0,1,40,9292,0,25,1,38,4061601,1708063,8974135,0
93,0,0,1,1,38,21246,20,27,1,425,1505481,2176534,9388368,0
35,0,0,0,0,10,24852,11,2,1,484,366089,1892005,7143327,0
17,0,1,0,1,70,13048,15,17,0,398,3281418,68521,8233052,1
89,0,1,1,0,22,9965,6,1,1,235,862894,352588,41239486,0
52,0,0,1,1,31,4580,11,24,1,363,2449743,2910611,16375038,0
70,0,0,1,1,43,16546,11,24,1,515,2853298,502773,24627176,0
0,0,0,1,1,55,16947,10,4,1,833,55624,791671,39171466,0
57,0,1,1,1,23,4592,15,10,1,300,2535855,1532460,9992565,0
89,1,0,0,1,92,7980,7,13,1,784,1020628,271910,16606998,0
86,1,0,1,0,38,7768,18,17,1,136,3300194,1089481,5388064,0
89,0,1,1,1,93,10820,7,9,0,449,1458655,1203183,15997580,0
5,1,0,0,1,28,15106,4,6,1,85,2054590,2477787,15973647,0
69,0,1,0,0,29,23609,16,7,0,318,1721258,1861715,39834485,1
43,1,0,0,1,80,11998,15,27,1,770,2812784,2969526,11950752,1
71,0,0,1,1,98,12044,3,24,0,76,477410,436989,46439557,0
23,0,0,1,1,74,23585,17,19,1,718,1009902,737732,915688,0
85,0,1,1,1,34,1408,11,16,1,86,2895455,936324,43240012,0
18,0,1,1,1,83,9973,20,6,1,824,2001595,1887977,10640889,1
100,0,0,1,1,97,23246,3,22,1,212,3626822,2194393,25323608,0
17,1,0,1,1,58,3438,17,15,1,913,2034086,536093,41869458,0
94,0,0,0,1,82,24033,6,16,1,189,1467169,1837340,48133052,0
100,0,1,1,1,29,14520,1,3,1,508,3934998,1544940,6538749,0
29,1,0,1,1,9,2622,1,3,1,263,2403731,902637,48943919,0
41,0,0,1,0,6,17915,12,27,1,341,4202128,1603352,29375570,0
32,0,0,1,1,84,3806,3,29,0,802,1290038,1449214,27886096,0
73,0,0,1,1,67,13519,4,0,0,316,204788,570295,3350391,0
100,0,0,1,0,58,7985,29,22,1,22,2025714,521507,34139927,0
11,0,0,0,1,42,7180,25,2,1,918,180411,630041,12369453,0
93,0,1,1,0,21,19514,11,11,0,405,2878210,1949936,38162418,0
26,0,0,1,1,35,19479,10,16,1,896,2008513,2901044,36456426,0
38,0,0,1,1,5,24454,28,15,1,509,1631510,1190164,47465670,0
8,1,0,1,1,10,15773,2,27,0,13,2439161,1559152,31895367,1
20,0,0,0,1,99,11467,29,13,0,237,3393129,1553425,28933340,1
75,0,1,1,1,74,11042,10,22,0,710,3187377,880278,40048149,0
28,0,0,1,1,40,10162,8,2,1,473,1145616,1435229,32009647,0
32,0,0,1,1,12,16640,25,18,1,639,737621,1876311,44455506,0
61,0,0,0,1,97,16960,21,28,1,44,2775688,975819,22631763,1
14,0,0,1,1,77,12555,26,28,1,927,4521875,1226183,1769259,1
1,0,1,1,1,90,22645,7,18,1,281,242658,1212338,36391036,1
51,0,0,1,1,14,20665,20,15,0,352,4041430,1919036,21371515,0
43,0,1,0,1,28,478,7,3,1,55,344294,790646,28817692,0
53,0,0,0,1,67,3968,9,20,1,541,4961982,2702939,30107218,0
17,0,0,1,1,44,18968,5,29,1,752,2124803,357050,18654468,0
2,0,0,0,0,6,13116,22,16,0,803,1368402,1400118,12630567,1
6,0,0,1,0,24,4257,17,18,0,844,2297059,730150,39300635,1
42,0,0,1,1,85,21789,5,11,1,80,2334178,1448644,1238040,0
81,1,0,1,0,37,13121,20,29,0,329,4595784,2511291,10388496,1
37,0,1,0,0,18,23599,11,0,1,717,3687299,1359497,48208547,0
36,0,0,1,1,58,10530,15,18,0,509,4752372,1325574,31962976,0
57,1,0,0,1,59,1631,23,18,1,588,452932,1830532,48745007,0
32,0,0,1,1,41,19389,20,19,1,346,3363193,2731804,14511873,0
58,0,0,0,1,92,18364,15,11,0,503,1398179,2414228,27863943,0
94,0,0,1,1,88,8632,22,25,1,399,1574773,2514981,38122486,0
10,0,0,1,1,10,12295,3,11,0,324,1934140,976054,25514180,0
67,0,0,1,0,37,4425,17,16,1,817,515474,529034,38984875,0
81,0,0,1,1,54,2128,28,4,1,714,3537071,2145028,5607958,0
67,0,0,1,1,96,17505,26,27,0,944,733550,815550,2701463,1
97,0,0,1,1,79,2224,12,3,0,44,1011426,2493205,39027366,0
92,1,0,0,1,88,4736,2,28,0,550,3240885,2711333,25497185,1
87,0,1,1,1,74,17190,26,4,1,112,878742,2486916,28767591,0
21,1,0,1,1,76,3317,25,5,1,268,1064750,646442,479836,0
65,1,0,1,0,87,2979,11,2,1,316,2788914,2314733,25108429,0
43,1,0,1,1,83,9623,19,14,0,214,825618,12287,14887959,0
5,1,0,1,1,90,22857,18,2,0,934,3323856,1023426,34233276,1
41,0,0,0,1,55,5944,22,12,0,704,1029056,2176783,38722104,0
24,0,0,1,0,70,4637,27,4,0,507,3725895,1941473,195874,1
56,0,0,0,1,65,20496,4,20,1,350,2140698,1940336,32310562,0
84,0,0,1,1,32,10707,18,8,1,15,1850545,2513218,45112473,0
54,1,0,0,1,48,24823,18,22,1,804,3387626,1661568,36711193,1
15,1,0,1,1,86,24423,24,14,1,581,454736,1086603,32058455,1
94,0,0,1,1,16,2508,28,21,1,753,3471831,2199020,42519483,0
13,0,0,1,0,87,15241,11,1,1,452,3523733,2555724,34582939,0
38,0,0,0,0,61,5243,27,8,0,90,970968,2543104,9795017,1
27,0,0,1,0,30,12789,24,25,1,171,4114536,141543,41122838,0
95,0,0,1,1,29,8650,4,14,1,275,2909429,2793908,34794213,0
91,0,1,1,1,96,19623,1,30,1,590,4206803,1790004,21230589,0
50,1,0,0,0,19,9206,25,2,1,347,3700237,322038,41327859,0
48,0,0,1,1,78,8011,15,6,1,120,195339,1562070,43261475,0
8,1,0,1,1,81,21912,30,7,0,166,3984295,1392659,3123455,1
57,0,0,0,1,84,17032,20,12,0,282,3636068,1361190,31229470,1
44,1,1,0,1,57,10452,3,24,0,618,3117244,2363229,47972130,1
21,0,0,0,1,99,7913,21,29,0,215,3785061,1763908,33194010,1
31,1,0,0,0,69,19023,14,20,1,362,3270205,2828853,25439505,1
68,0,0,1,0,58,15823,9,21,1,498,2689158,463416,40057301,0
86,0,0,1,1,91,11109,21,14,0,945,4953365,824733,27632191,0
68,0,0,1,1,82,24514,5,5,1,317,4870250,2115515,12612664,0
41,1,0,0,1,43,4770,6,20,1,834,2885403,2479774,9578242,0
52,0,0,0,1,98,1568,1,12,1,502,824691,2515937,26887950,0
95,0,0,0,0,55,13241,3,6,1,205,698750,487234,47794823,0
58,0,0,1,1,24,10873,14,16,1,652,3582455,513741,13094992,0
73,0,0,1,1,68,24211,12,14,0,741,2513483,643743,30479481,0
38,1,0,1,1,93,2970,8,4,1,360,3537287,586740,6832030,0
14,0,0,1,1,15,2237,4,26,0,804,1803295,516387,23954116,0
70,0,0,1,1,94,12939,16,9,0,963,2129128,1055108,3784769,0
28,1,0,0,1,56,17346,5,21,1,836,2756496,2765354,11504162,0
2,1,0,1,1,89,9737,13,11,1,927,1710412,1261259,21055989,0
82,1,0,1,1,58,502,4,18,0,809,292674,1400569,11700256,0
9,0,0,1,1,73,18010,30,17,1,668,2533177,2724804,43256523,1
91,0,1,0,0,11,7890,1,3,1,488,625629,770920,33103215,0
28,0,0,1,1,16,19384,13,12,0,715,4178859,632641,16364672,0
78,0,0,0,1,6,3408,18,2,1,943,2780420,720749,24324043,0
34,0,0,1,1,25,10646,18,5,1,440,2641009,41713,43618985,0
5,0,0,1,1,73,15955,27,5,1,747,2743502,2382695,46691417,0
11,0,0,1,0,95,19977,22,3,0,976,3850947,912337,42696625,1
37,0,0,0,1,99,13989,12,27,1,742,2524074,1509011,6105697,0
76,1,0,1,1,80,6075,20,3,1,285,4753361,1106082,18560332,0
92,0,0,0,0,40,15867,30,12,1,15,1989591,570215,14762313,0
18,0,0,1,1,25,2391,11,9,1,341,1458971,512561,48635726,0
66,1,0,1,1,57,2509,27,9,1,142,3474986,2739334,9290244,0
7,0,0,1,0,23,4289,24,10,1,656,2094808,2483441,47583049,0
7,0,0,1,0,7,6857,0,12,0,475,1671678,1723056,42034630,0
83,1,0,1,1,64,22877,2,9,1,284,2118786,2157690,31431609,0
46,1,0,1,1,85,14217,9,10,1,718,2931217,2372061,22700352,0
3,0,0,0,1,98,22385,7,17,1,36,952831,706072,19585889,1
50,0,0,1,1,77,12469,12,6,1,394,2532646,1982259,36954962,0
84,0,0,1,0,38,10627,30,8,0,687,1318895,781510,35440263,0
66,0,1,1,1,33,4716,18,12,1,182,532886,695493,23673579,0
44,0,0,1,1,78,10285,2,24,1,393,4137720,353889,18491141,0
7,0,1,1,1,61,17870,23,9,1,220,291175,2970168,9960516,0
86,0,0,0,1,77,234,25,17,1,782,4356081,239467,48958795,1
15,0,0,1,1,44,10242,2,14,1,382,254668,486463,38512864,0
76,0,1,0,1,54,7009,26,24,1,448,1178083,923508,40557286,0
66,0,0,1,1,79,17710,17,4,1,83,3770312,1461277,28133938,0
8,0,1,1,0,23,3554,2,14,0,57,2354642,1424591,37959666,0
59,0,0,1,0,26,15622,28,10,0,589,3117657,2064545,4674607,0
77,0,1,1,1,55,13372,11,27,1,891,3437359,1797297,33110504,0
76,0,0,1,0,53,14498,1,5,0,952,4202116,1191297,31524961,0
70,0,0,1,1,56,22367,29,0,0,179,4193244,2006161,9176384,0
14,0,1,0,0,26,2806,7,13,1,951,3375369,1738977,47716700,0
70,0,0,0,1,66,7438,30,14,1,869,3921266,248614,42111048,0
97,0,0,1,1,64,1681,27,28,1,807,874607,1917852,37500748,0
40,0,0,0,1,84,19207,20,6,1,820,2484968,2931433,22960830,0
21,0,0,1,1,85,6974,13,14,1,319,2482328,2981147,21447393,0
23,0,1,1,0,11,4472,18,15,0,317,1338565,928828,27942010,0
100,0,0,0,1,57,5412,10,23,1,323,3288924,420521,33870873,0
43,0,0,1,0,35,17900,15,4,1,839,1057814,688583,41715502,0
0,0,0,0,1,8,842,13,21,1,28,3132669,1678791,5132322,1
9,0,0,1,1,97,22224,7,19,0,14,4348365,74773,41304663,1
79,1,0,1,0,11,9225,29,30,1,246,2329022,2999462,41635519,0
71,0,0,1,1,98,1420,23,18,1,677,282794,1750278,4190688,0
55,0,0,0,1,7,1222,26,18,0,624,2251365,2013906,27083399,0
88,1,0,1,1,29,23027,19,17,0,692,3164212,848302,44538334,0
49,1,1,1,1,38,12289,13,25,0,534,2810143,343794,39850610,0
11,0,0,1,1,37,22587,24,5,0,223,4969469,1929608,11347203,0
88,0,0,1,1,99,13113,11,8,1,257,4102835,1028291,14760400,0
80,0,0,1,1,92,2258,16,29,0,751,4279895,713242,48483892,1
59,0,0,0,1,42,8376,22,30,1,716,3058579,117689,12253480,0
25,0,0,0,0,8,3356,11,2,1,984,2063841,692633,42415125,0
77,0,0,0,1,52,16356,20,16,0,222,1203041,2600888,16947430,0
40,0,0,0,1,78,2247,11,9,0,54,186772,2185477,17557318,0
35,0,0,0,1,93,23695,11,15,0,686,3296281,873802,19627645,1
22,0,0,0,1,65,8080,6,0,1,112,4991700,2221911,46330485,0
42,1,0,1,1,69,18030,9,3,0,475,31580,2063787,46716912,0
5,1,0,1,1,85,9059,29,30,1,976,1263546,107006,15408429,1
68,0,0,0,1,75,11030,15,29,1,85,336466,602510,22808745,1
42,0,1,1,0,82,15214,26,0,1,760,1360962,1955002,36782082,0
24,0,0,0,1,65,7991,23,25,1,68,1830383,1579507,26020859,0
17,0,1,1,1,5,1578,2,17,1,127,2817376,1088992,49404816,0
61,1,0,0,1,10,1661,29,19,0,194,4360005,2292529,46029023,1
12,1,0,1,1,78,18770,2,3,1,981,3704960,2549718,20373950,1
42,0,0,1,1,25,11214,0,10,1,647,3684378,2475615,19861794,0
77,0,1,1,1,71,7678,4,27,1,101,779880,696956,3692211,0
27,0,0,1,1,87,24102,7,23,0,71,1023604,1862312,18417103,0
17,0,1,0,1,32,1406,16,3,0,66,2308054,10854,41133901,1
58,0,0,1,1,70,3592,15,30,0,204,4642112,402215,20093931,0
59,0,0,0,1,31,2832,15,18,0,897,3179815,122158,28781844,0
62,0,1,1,1,36,15039,17,3,0,131,2600431,2465451,49099839,0
56,0,1,0,1,16,2539,17,4,1,1,837669,301598,25448618,0
91,0,0,1,1,69,9779,13,20,1,35,2684815,2580420,44396897,0
50,1,0,1,1,50,5596,30,12,1,784,2544989,223520,49649237,0
55,0,0,1,1,44,15118,11,3,0,499,1681692,1961401,3892473,0
26,0,0,0,1,97,440,9,9,0,136,2733656,2719602,36118970,1
31,0,0,1,1,13,19979,1,17,1,661,4406608,2546592,27677200,0
8,0,0,1,1,86,13364,20,2,0,261,4187993,2434543,22290943,1
95,0,0,1,1,66,6157,25,25,0,312,3667792,236194,2861491,0
83,0,0,1,0,20,20826,22,25,1,287,3326300,207867,3442603,0
91,1,1,0,1,72,12672,27,18,1,763,1612778,2003579,20141826,1
96,0,0,1,0,44,7624,2,4,1,90,3258209,2986017,5577539,0
67,0,0,1,1,39,4135,0,10,0,257,1027127,2071664,46803493,0
45,0,1,0,1,87,15457,8,1,0,727,3414382,2251556,29056123,0
97,1,0,1,1,64,22665,30,30,1,397,3490341,286661,16795284,0
66,1,0,0,1,74,1897,24,17,0,544,581180,1247440,4699229,1
25,0,0,1,1,99,24810,3,10,1,453,4049109,467858,22237326,0
7,0,0,0,1,95,3355,20,11,1,596,1476242,1235406,47038646,1
5,0,0,1,1,7,16801,15,15,0,307,3578613,1655019,34435140,0
79,0,0,0,1,57,23214,3,25,0,92,262103,394390,8321766,0
23,0,0,1,1,63,18599,30,1,1,391,3557573,2272049,10691389,0
47,0,0,1,1,40,6560,23,26,0,380,2376927,2452104,34801686,0
93,0,1,1,1,70,12327,16,21,1,58,3639101,1548558,13622740,0
44,0,0,1,1,41,17586,14,23,1,461,33317,716060,31235409,0
12,0,0,1,1,83,11068,3,25,0,288,2803126,218511,33023504,1
68,1,0,1,1,91,18785,3,15,1,494,1381719,2720532,2858784,0
24,0,0,0,1,48,1432,11,15,1,18,1538462,492938,19401336,0
19,0,0,1,1,68,12481,2,21,0,174,4751301,413999,38137052,1
81,0,0,1,1,55,16119,19,3,1,877,3296224,1599451,15207512,0
81,0,0,1,1,10,23049,22,7,1,520,2018293,816257,40363786,0
65,0,0,1,1,73,15306,4,3,0,221,4693541,257856,12251016,0
73,0,0,1,1,25,19667,18,10,1,852,4891580,1884595,41558491,0
44,0,0,0,1,61,12618,29,24,0,282,3406564,2040655,32764157,1
46,0,0,0,1,32,18436,5,7,0,530,755692,850853,21097790,0
62,0,0,1,1,89,15892,27,28,0,814,4269974,661142,18356571,1
75,0,0,1,0,28,3669,25,11,1,893,194739,2970546,37419824,0
76,1,0,1,1,96,22122,8,30,0,642,1977860,485265,27331517,1
54,0,0,1,0,79,19212,2,3,1,431,2925436,2295273,25298231,0
74,0,0,1,1,67,9530,1,6,1,490,2031004,2189598,10147567,0
18,0,0,0,1,26,4187,30,12,0,561,3862583,1987801,32089463,1
34,1,0,1,1,38,1326,24,10,1,442,4275515,2283721,3366415,0
52,0,1,0,1,41,15717,20,9,1,344,3176419,739761,82231,0
25,0,1,1,1,45,12520,9,26,1,747,3791922,2526119,22670609,0
13,1,0,1,1,85,6928,4,8,0,776,1843743,2124498,15347200,0
44,0,1,0,1,83,17272,28,5,1,278,2974215,1182595,30790683,0
43,0,0,1,1,97,9263,6,16,1,610,1586391,2702139,29535939,0
87,0,0,1,1,47,22979,14,12,1,480,29118,1737942,23980476,0
64,1,0,1,1,26,19598,1,5,0,99,3836079,2412449,32936845,0
50,0,0,1,1,95,16988,9,23,0,409,3453314,1336891,43543928,0
42,0,1,1,1,19,15574,10,24,1,711,4080458,2191745,38565282,0
85,0,0,1,1,25,20674,20,16,1,590,4142974,2301844,4221310,0
22,0,0,1,1,56,13451,23,12,1,428,705808,221884,32512263,0
55,0,0,0,1,8,14415,7,20,1,157,500165,421397,15058978,0
18,0,0,1,1,51,17061,25,14,1,997,3089261,2581045,4810217,0
81,0,0,1,1,22,21038,22,15,1,997,4912802,382656,28816485,0
75,0,0,1,1,75,16610,20,20,1,519,4181115,1466770,49967668,0
54,0,0,1,1,84,6017,11,23,1,993,392001,2932239,17397475,0
91,1,0,1,1,39,4713,3,6,0,384,893690,2842616,38512131,0
91,0,0,1,1,80,12992,27,20,1,977,434493,1636371,37037107,0
59,1,0,1,1,11,23150,28,12,1,723,2657907,324517,35298568,0
58,0,0,1,0,45,10989,12,30,0,281,4791786,1700227,164118,0
32,0,0,0,1,14,24551,17,27,1,520,3249756,2517441,1194482,0
18,0,1,0,1,66,14326,17,5,1,972,2167186,109840,31558319,1
27,0,0,1,1,69,12769,26,7,0,387,4090814,1891094,25265100,0
51,1,0,1,1,16,9563,30,21,1,287,2779608,1197720,49206440,0
48,1,1,1,1,95,4490,2,9,0,748,4501601,1488594,22112215,0
36,0,1,1,1,32,12300,2,20,1,456,3674293,1565535,37125134,0
25,0,0,1,0,62,14928,6,9,0,68,4798876,296522,3287134,0
98,0,0,0,1,60,4202,21,0,1,800,1836792,2315681,1937976,0
97,0,0,1,1,22,20375,16,11,1,135,886373,675456,11570399,0
98,0,1,0,1,69,2808,27,7,0,142,2789637,658464,3569814,1
39,0,0,1,1,61,4793,28,7,0,418,970100,2782431,12615294,0
79,0,0,1,1,54,21132,5,28,0,197,979866,982507,21829110,0
37,0,0,1,0,91,3588,15,21,1,524,4982637,2294545,14081471,0
76,1,0,0,1,85,21178,27,6,1,37,4163359,687234,44705128,0
86,1,0,1,1,49,5569,4,6,1,283,2055518,2238885,19422413,0
53,0,0,1,1,66,18146,21,14,0,85,4302304,1126817,2915693,0
21,1,0,1,1,69,709,23,11,1,377,1672804,174965,260689,0
15,0,1,0,1,59,16390,16,15,1,589,4417599,2456602,36805064,1
27,0,0,0,1,42,19711,28,26,0,601,1336654,80568,14515195,0
34,0,0,1,1,8,362,10,15,0,546,3657985,1284616,18523353,0
59,0,0,1,1,19,23559,21,1,0,810,3580041,1314889,944740,0
44,0,0,0,1,25,15638,11,13,1,832,3398012,289465,26178182,0
45,1,0,0,1,25,24456,11,15,1,748,2210307,2627841,9223422,0
71,1,0,1,1,55,14526,3,13,1,560,956652,1465208,1137844,0
54,0,0,0,1,90,10043,8,5,1,17,2239825,1081777,18219463,0
85,1,0,1,1,82,8678,13,22,1,661,2042607,2725616,2189110,0
84,0,1,1,1,39,9628,11,23,1,271,4805330,2841286,22347502,0
25,0,0,1,1,8,20484,9,28,1,538,130903,546129,9164884,0
84,0,1,1,1,36,23203,7,17,0,929,1681545,1742072,49909736,0
24,0,1,0,1,96,15550,22,9,1,99,4474398,2307323,30964817,1
64,0,1,1,1,16,11330,2,23,1,858,456445,1004749,16905842,0
5,0,0,1,1,58,22528,26,26,1,140,25886,1299088,27105663,0
22,0,0,0,1,34,10671,12,14,1,508,202114,421744,14948259,0
63,0,1,0,1,13,1079,15,17,0,22,3314997,2208826,37171865,1
86,0,0,1,1,23,871,24,8,1,970,3674971,162452,42832247,0
42,0,0,1,1,84,95,12,15,1,969,4130734,2908819,4543765,0
22,0,0,0,1,34,6900,12,15,0,228,4715568,2108276,17719929,0
95,0,0,0,1,69,16336,18,1,0,866,4650706,2932555,44306608,0
29,0,0,0,0,49,15238,21,30,0,213,2545356,1313996,31578242,1
76,1,1,1,1,27,2651,29,30,1,353,4377259,2915553,30678604,0
17,0,0,1,1,80,10063,17,14,0,74,1993923,2961421,9938269,0
86,0,0,0,1,9,11366,7,30,1,941,1270936,768110,41815219,0
78,0,0,0,1,88,6030,0,18,0,391,4895170,2107467,6604877,1
96,0,0,1,1,71,15531,16,23,1,251,269112,2244903,30436987,0
20,0,0,1,1,70,14538,23,10,1,703,4570552,302045,45714817,0
56,0,0,0,1,47,5275,8,21,0,540,2427090,1656201,48289190,0
22,1,0,1,1,88,7431,9,28,1,466,652751,430772,40415592,0
90,0,0,1,1,6,15140,8,24,1,975,2220776,587296,47744378,0
44,0,0,1,0,52,24083,11,30,1,808,3887364,2761248,655586,0
43,0,0,1,1,62,14832,23,7,0,606,4908609,1050048,33120697,0
81,0,0,1,1,44,23179,9,9,1,985,4122,514377,2866605,0
87,0,0,1,1,57,12764,28,5,1,957,1464773,2149234,12479951,0
46,0,0,1,1,63,22500,7,30,1,306,4348058,2337978,28448168,0
39,1,0,0,1,72,6598,3,18,0,882,1943103,1883814,984686,1
50,0,0,0,1,67,9087,23,2,0,365,1559727,45688,23082122,1
41,1,0,0,1,40,21919,13,17,1,606,2219577,434048,42828649,0
6,0,0,0,1,44,3987,28,7,1,464,2617764,1731360,47787162,0
49,0,0,1,0,10,19780,6,25,1,266,394889,1568604,29470812,0
47,0,1,1,1,18,4085,24,28,0,793,1635087,1304409,3399770,0
83,0,1,1,1,83,8264,9,20,1,908,724016,835651,20052581,0
90,1,0,1,1,37,12312,29,8,0,488,1328955,315010,19962483,0
5,0,0,1,1,23,1787,23,4,0,887,362255,1670469,34984175,0
90,0,1,1,1,80,4040,27,4,0,513,3213906,2499000,41989458,0
8,1,1,0,1,47,11264,9,23,0,73,4882062,2677872,31493290,1
56,1,0,1,0,58,13537,14,14,1,212,947196,425852,19672927,0
30,1,0,1,1,77,14095,14,23,1,806,3126709,545593,48988276,1
20,1,0,1,1,87,19599,1,27,1,594,1839633,2872462,20403242,0
89,0,0,1,1,96,17209,23,1,1,733,4470549,467125,1378053,0
39,1,0,0,1,96,9752,29,23,0,165,2548728,2806338,21013234,1
44,0,0,1,1,99,14603,15,12,1,443,2825480,2675222,11713041,0
76,1,0,1,1,65,6866,23,22,0,881,2186199,1366190,18217697,1
48,1,1,0,1,17,22425,9,11,1,396,1639628,2326460,21195327,0
86,0,0,1,0,46,11715,28,27,1,933,1281775,317964,32952616,0
19,1,0,1,0,22,18603,25,21,1,608,2156651,26812,6157491,1
100,0,0,1,1,97,3079,24,28,1,524,4982222,2420021,35658233,0
91,0,0,0,1,76,8628,14,2,0,568,3919441,1620742,49603958,0
16,0,1,1,1,90,24609,27,4,1,869,2212978,902348,17859637,0
27,1,0,0,0,69,13562,18,28,1,935,3576956,1682575,20870427,1
40,0,0,0,1,52,5103,23,17,1,204,1755350,2509392,11939756,0
65,0,0,1,1,99,5231,23,10,1,440,1735378,1814043,23856214,0
24,0,0,1,0,88,1314,9,29,1,993,4743531,1436471,47378312,0
57,1,0,0,1,40,11698,19,15,0,312,3487991,7069,48043436,0
40,0,0,1,0,91,10878,14,8,1,507,2838362,2815518,31352175,0
5,1,0,0,0,85,14890,20,20,1,107,3968079,2621722,46380378,1
74,1,0,1,1,49,3957,28,23,0,928,1422360,2826632,11823668,0
37,0,0,1,0,14,24327,1,20,0,545,2665745,1365009,13416446,0
5,0,1,1,1,13,20788,13,25,1,920,3952555,2298899,40925790,0
44,0,1,1,1,50,13338,14,8,0,671,1720153,357693,49948649,0
74,1,1,1,1,21,3088,21,11,1,190,829915,989303,8640849,0
13,1,1,0,1,71,7108,9,10,1,990,2640704,1793118,9046989,1
65,0,1,1,1,37,7716,29,0,0,474,952846,2218155,45978993,0
39,1,0,0,0,69,22514,8,5,0,514,1560855,908110,45587076,1
2,0,0,1,1,24,21916,18,12,1,52,656894,2574371,16438898,0
98,0,0,1,0,70,10520,5,23,1,593,208148,984826,33759501,0
96,1,0,0,1,20,10319,7,27,1,641,915305,82582,47192590,0
23,0,0,0,1,77,23746,1,22,1,820,1901511,2103750,38499673,0
18,1,0,0,1,18,18669,25,30,1,351,110332,2833135,8869119,1
17,0,1,0,1,5,23630,0,1,0,380,1796335,315414,49921783,0
63,1,0,1,1,39,14582,12,28,0,93,4407787,2519779,22999277,0
87,0,1,0,0,86,16590,5,17,1,459,185538,2747238,13700820,1
34,0,0,1,1,5,9739,2,15,1,493,1692447,98056,24604308,0
61,1,0,1,1,47,9332,28,26,0,132,848176,2385999,46875908,0
0,0,0,1,1,73,7323,1,9,0,868,142127,2368631,44260622,0
99,0,0,0,1,79,19625,26,16,1,8,2673752,742749,14226482,1
24,1,0,1,0,92,16762,9,15,1,356,2469069,1922492,15838542,0
44,0,0,1,1,59,15495,30,16,0,943,3543722,1474422,9684826,0
48,1,0,1,1,20,19622,7,14,0,661,1982363,2476336,25625798,0
97,0,0,1,1,71,9018,8,2,0,331,3845844,2438585,41924000,0
88,0,0,0,0,67,1501,6,30,0,396,1638751,2464287,34407484,1
15,1,0,1,1,76,11740,24,2,0,218,2121849,868184,13485904,1
97,0,0,1,1,26,23421,28,26,1,347,170242,145018,27965511,0
92,0,0,1,1,60,17113,27,23,1,802,3954767,2990135,17979144,0
18,0,0,1,0,56,2772,30,8,1,714,773749,683875,35438835,0
22,1,0,1,1,85,11589,12,4,0,507,1421974,1708545,7082965,0
82,0,1,1,1,31,21128,6,16,1,762,4329126,2143840,15542595,0
24,0,0,1,1,68,8997,18,29,1,969,663406,2185441,22865740,0
15,0,0,1,1,49,18596,0,17,1,359,3561074,68414,28765572,0
53,0,0,0,1,71,3217,12,26,1,333,4061856,2598794,9589997,0
72,0,1,0,1,30,2513,16,15,1,716,3389057,556496,37519922,0
0,0,0,1,1,17,5792,11,19,1,81,438051,2792613,5932482,0
41,0,0,1,1,85,22569,20,8,0,580,45731,2091397,43892368,0
18,0,1,0,1,34,13301,24,14,1,64,1867225,1242092,19899174,0
96,0,0,1,0,97,21528,25,27,0,615,3537265,734520,45703516,1
33,0,0,1,1,82,18276,13,20,1,540,1381401,88503,19965745,0
79,0,0,1,1,34,10377,15,8,1,809,2705205,2698447,15251834,0
54,1,0,0,1,48,9604,11,28,1,596,2967024,494035,39161860,0
17,0,0,1,1,52,1997,21,12,0,455,2415935,513628,15815450,0
33,0,0,1,1,13,14769,15,0,0,504,1650892,253973,43900010,0
88,0,0,1,1,52,24681,1,15,1,584,1028675,2478904,31474284,0
44,0,1,1,1,60,17208,21,8,1,483,4064442,2643635,47419728,0
5,1,0,1,0,72,19054,26,23,1,477,4546052,1649252,40050597,1
20,1,0,1,1,10,18963,19,12,1,303,1028987,954408,48648972,0
69,0,0,0,1,69,14273,24,29,1,783,2121127,1591469,22018872,1
95,0,0,1,1,93,7357,25,13,1,863,3368907,246800,12533160,0
47,0,0,1,1,71,12521,18,10,0,204,3105659,2603298,22462998,0
38,0,0,1,0,25,21737,6,0,0,661,2115324,1172093,38431844,0
30,1,0,1,1,82,10497,25,22,1,48,4081867,1221204,32244367,1
9,0,1,0,1,34,7431,11,13,0,464,192227,148938,25700777,1
29,0,1,1,0,61,15688,13,20,1,679,1221645,655818,41657200,0
17,0,0,1,1,59,4028,23,25,1,288,3721373,479078,14645570,0
59,0,1,1,1,6,17368,17,23,1,6,1815470,2723601,5038887,0
87,0,0,1,1,52,1871,25,19,1,344,3790164,745482,27725596,0
72,1,0,0,1,26,658,6,17,0,352,1543766,2977736,4490017,1
94,0,0,1,1,17,15207,4,30,0,402,1730010,2587979,18280905,0
14,0,0,1,1,93,17970,0,0,1,184,981759,519987,41143564,0
3,0,0,1,1,47,2609,6,22,1,876,4590090,391957,37764783,0
62,0,0,0,1,79,4889,15,0,1,458,3834628,743071,30205732,0
39,0,1,1,1,78,18181,25,24,1,733,2002859,1738998,1909304,0
8,0,0,1,1,53,11298,23,16,1,521,122169,2627437,30906443,0
8,0,0,1,1,41,147,28,21,1,909,337559,1635687,9100930,0
25,0,0,0,1,93,15271,15,1,0,243,95869,1704644,5299433,0
3,1,0,1,1,39,2066,29,30,1,27,1503951,57774,23765309,1
80,0,1,1,1,23,1841,16,26,0,613,4635525,1469739,6267040,0
15,1,0,1,1,32,21120,3,30,1,648,2208037,1841216,31922867,0
14,0,0,1,0,61,5904,15,21,1,181,113874,1090616,12374885,1
98,0,0,1,1,65,20660,3,21,1,578,3916528,2073163,40909052,0
51,0,0,1,1,47,9085,4,15,1,746,1942315,2174166,46622996,0
68,1,0,1,1,64,21001,4,4,1,4,3878696,423233,31872199,0
4,0,0,1,0,14,10121,19,4,0,458,2931872,687633,40978178,0
19,0,0,1,0,83,12217,10,23,0,782,2555257,1382388,30921358,1
78,0,0,1,1,71,14714,13,6,1,25,2289963,772346,12987805,0
17,0,0,1,1,28,7688,16,20,1,681,4347566,1806697,44707644,0
1,0,0,0,0,78,20864,8,3,0,462,4402421,1941054,39803458,1
92,1,0,1,1,48,18289,20,0,0,202,3932388,2136326,49028553,0
12,0,0,1,1,34,24789,29,29,1,712,788705,1083356,10157238,0
3,0,1,0,1,49,20546,16,17,1,646,104793,2084232,30783866,1
41,0,0,1,1,93,17050,18,9,0,773,4690808,388796,5521124,0
73,0,1,1,1,64,15992,0,6,1,917,3010894,2482068,48911304,0
60,0,1,1,1,57,19856,12,25,0,177,1714340,771814,8767611,0
94,1,0,1,1,29,19520,22,10,0,919,4993626,637451,8394796,0
7,0,0,1,1,80,3034,25,0,1,37,3085090,1157919,16310404,0
66,1,0,1,1,8,11817,9,28,0,83,2633387,387206,16007413,0
62,1,0,1,1,96,15456,28,28,0,821,3556547,1095947,15197883,1
8,0,0,0,1,88,3753,9,24,1,177,4381881,1018196,2227895,1
93,0,0,1,0,78,16465,6,5,1,212,3653957,355102,27936954,0
10,0,0,0,1,35,5663,5,4,1,639,799657,878567,33055208,0
98,1,0,0,1,23,17143,24,21,0,650,151442,857356,24086849,1
100,0,1,1,1,6,16064,6,12,0,210,4019908,2295962,35665863,0
41,0,0,0,1,8,962,4,16,0,916,1244712,2668638,34835277,0
12,0,1,1,1,83,6289,6,17,1,944,753405,685800,3994483,0
35,0,0,1,1,42,13367,14,6,1,779,3745601,2204836,36652486,0
12,0,0,0,0,37,4622,28,5,1,591,137567,424962,47834740,0
11,0,0,1,1,22,4132,28,6,1,96,3673455,934559,9907885,0
36,1,1,1,1,36,20573,9,11,1,139,3992798,345870,40832555,0
73,1,0,1,1,81,6036,19,5,1,244,4921853,1723500,26233528,0
72,0,0,1,0,84,5181,25,22,0,221,2058656,766409,44823779,1
51,0,1,1,1,37,83,12,15,1,488,789567,135721,31419163,0
70,1,0,1,1,38,12787,8,22,1,295,1990013,1113019,47091804,0
1,0,0,1,1,55,11728,5,21,1,385,4431256,1109381,28835945,0
55,1,1,1,1,67,11521,19,7,0,576,2019779,1231576,21621557,1
59,0,1,1,1,82,18453,20,14,1,559,3911273,685624,28995140,0
22,0,0,1,1,51,11840,23,29,1,859,4648865,2377795,22532390,0
39,0,0,1,1,70,9561,6,22,1,995,1061777,2944603,22779449,0
63,0,1,1,1,17,17671,5,8,1,136,722044,2674369,22809727,0
84,1,1,1,1,56,10920,15,12,0,76,1193418,2183681,33148666,0
22,0,0,0,1,97,21092,1,20,1,126,296470,2289935,413573,0
28,0,1,1,1,56,17521,14,11,1,348,4787773,2605882,2118226,0
77,0,0,1,1,47,612,2,27,1,816,4805019,843353,14833178,0
89,1,0,0,1,65,22852,12,13,1,467,161217,621372,17075309,0
50,0,0,1,1,85,10097,16,7,1,477,2327012,320705,761753,0
68,1,0,1,1,7,16334,18,14,1,106,3529073,1961795,48968635,0
94,0,0,1,1,98,17918,10,23,1,874,669603,2108737,42192040,0
88,0,0,1,1,72,21685,1,23,1,978,4703456,201690,44370156,0
30,1,0,1,1,99,9908,9,3,1,382,2066739,403423,22478628,0
49,0,0,0,0,63,1176,29,8,1,226,2323813,2356031,39925753,1
19,0,0,1,1,58,18326,11,25,1,627,1029904,2222043,31356038,0
54,0,1,1,1,73,9962,12,19,1,403,1208292,2789989,7226010,0
80,0,1,0,1,6,4302,5,5,1,88,3142593,1705517,1008384,0
1,0,0,1,1,72,11938,3,26,0,226,3128786,1536455,20979034,1
24,0,1,1,0,48,14867,11,5,1,992,141179,2590572,16766524,0
12,0,0,1,1,42,22727,26,1,1,322,3367325,2104670,44933496,0
91,0,0,1,1,64,972,25,27,1,576,3600250,1516399,19984451,0
69,0,1,0,1,31,9254,14,22,1,864,2314240,279557,20296513,0
66,0,0,1,1,95,9190,18,28,0,840,911950,1178546,19032191,0
57,1,0,0,0,19,6708,7,6,1,109,2919400,2567444,8481775,0
98,1,0,1,0,43,16481,4,0,1,381,3945030,1366806,47988833,0
81,0,0,0,0,42,21345,3,28,0,958,217565,800239,36017915,0
74,0,0,1,1,58,8674,27,20,0,949,4824240,1835745,37216824,0
83,1,1,0,1,67,12408,12,8,1,201,3902609,2484329,14616898,0
63,0,0,1,1,62,14202,5,25,1,919,108816,625192,3746207,0
68,0,1,0,1,66,18862,19,4,1,375,402427,1921172,37689155,1
82,1,1,1,1,82,22606,15,25,0,797,2228656,1769494,48465096,1
85,0,0,1,1,22,14464,9,22,0,71,434041,953016,44145268,0
58,0,0,1,1,33,21268,25,8,0,389,290208,2985791,22821442,0
59,1,0,1,1,75,19889,27,27,1,296,3900619,2784780,8817226,0
82,0,0,1,1,61,8052,4,12,0,160,1432263,1336817,586249,0
61,0,0,1,0,28,256,14,28,1,360,4177451,915315,49395934,0
15,0,1,1,1,42,2888,10,0,1,771,3379729,1079197,31366867,0
87,0,0,0,1,10,6141,19,24,1,522,3406778,2217170,30786053,0
67,1,0,1,1,24,4504,8,19,1,446,1830356,2847864,34664351,0
14,0,0,1,1,46,20370,17,14,1,168,4606303,2271985,41400242,0
88,0,0,1,1,78,335,0,16,1,629,544609,1971503,5456842,0
54,1,0,1,1,26,13513,22,7,1,861,4992826,464509,43848453,0
34,0,1,0,1,37,12649,8,14,0,941,3908769,1166676,42366307,0
54,0,1,1,1,91,820,8,18,1,595,4355410,1624620,49442962,0
13,0,0,1,1,50,8605,14,10,0,345,4243762,2886886,43917716,0
48,0,0,1,1,58,6790,3,7,1,980,1215092,1132603,42347703,0
82,0,0,1,0,46,22380,3,5,1,751,810023,2110356,18921926,0
99,1,0,1,1,55,21940,0,5,0,486,4285797,1446006,13670236,0
6,1,0,1,1,72,6855,27,7,1,686,270225,1107418,49535167,1
29,0,0,1,0,89,14668,0,24,1,842,4885865,987802,8282860,0
82,0,0,1,1,60,21083,0,23,0,179,3298713,510409,2120918,0
48,0,0,1,1,81,18668,21,27,0,139,4141277,1459813,26393284,0
88,0,0,1,0,46,18621,26,22,0,206,1732848,2024319,15117831,0
15,0,0,1,1,17,19411,5,18,0,691,1723796,1760804,41619626,0
50,1,0,0,0,58,8099,30,28,0,991,1030308,2903738,11277308,1
71,0,0,0,1,16,7143,10,19,1,901,1153768,1346303,33013555,0
81,0,0,0,1,92,1448,15,8,0,619,2342232,1372728,43872757,0
91,0,0,0,1,39,11085,26,26,1,924,4154759,33757,26604027,0
79,0,1,1,1,87,3394,4,19,1,467,34054,1758182,48852790,0
82,0,0,1,1,13,673,9,23,1,33,3786525,2644945,45141576,0
41,0,0,1,0,17,10186,27,5,1,130,2315243,1070486,4925363,0
16,0,1,1,1,26,24739,15,30,1,630,1406983,144689,28212502,0
62,0,0,0,1,44,742,10,4,1,605,3466568,465119,46692260,0
44,0,0,1,1,40,815,25,15,0,82,2485229,1844470,33960478,0
76,0,0,1,1,96,20611,17,6,0,110,192358,2567527,11187773,0
6,0,0,1,1,45,24767,21,0,1,10,2446362,2394042,26961612,0
26,1,0,1,1,11,8082,27,9,0,696,1441270,1634538,30247352,0
9,0,0,1,1,98,13747,13,18,1,742,3880678,1245324,49060933,0
33,0,0,1,1,99,20073,12,4,0,399,2593847,2327539,23201368,0
35,0,0,0,1,59,4078,0,19,1,726,3422204,1678756,23196567,0
24,0,1,1,1,79,11355,2,18,0,539,960061,240408,45946533,0
5,0,0,1,1,98,18097,14,29,1,923,2736200,2382106,1886206,0
23,0,0,1,1,83,24923,28,18,1,470,3045194,1186935,23472227,0
17,0,0,1,1,17,22640,30,8,0,661,867712,962493,44579450,0
86,0,0,1,1,24,11537,11,20,1,415,4900609,235223,40927343,0
5,0,1,1,1,62,12528,4,2,1,701,3412090,2178023,2571420,0
28,0,0,1,1,27,5311,15,26,0,128,2943355,344712,44489974,0
24,1,0,1,1,57,23164,13,20,1,482,1609797,554979,26523427,0
54,0,0,1,1,41,7028,9,27,1,454,370251,317877,44285079,0
80,0,0,1,1,24,3308,4,8,1,269,2353504,1701684,5451349,0
45,0,0,0,1,23,17121,26,18,1,424,2771323,921977,33919346,0
23,0,0,1,0,22,11773,6,15,1,527,1831312,1625999,42999792,0
74,0,1,1,1,72,11222,20,29,1,731,4425236,300495,37375400,0
25,1,0,0,1,65,4968,15,20,1,892,3411901,764613,28886685,1
97,1,0,1,1,76,19331,28,1,0,443,159116,973282,16065911,0
27,0,0,1,1,50,4033,25,7,1,223,1611591,2196426,47198410,0
2,0,0,1,0,98,18407,14,13,1,880,4579093,2899682,11800516,0
74,0,0,0,1,52,12198,5,5,1,426,741565,1302443,35542943,0
37,0,0,0,1,24,1843,28,11,1,663,4353519,1197713,6399621,0
60,0,1,1,1,76,16143,6,23,1,832,4378355,1173478,47233653,0
77,1,0,1,1,73,12300,17,0,1,366,1620800,2027452,26756600,0
50,1,1,1,0,38,11603,18,17,0,99,388025,362266,22138371,1
89,0,0,0,1,11,5677,18,22,1,310,4476711,2444946,12189557,0
47,0,0,1,1,54,13505,16,6,1,520,2420103,415891,38339666,0
20,0,0,0,1,57,10429,13,27,0,97,1088011,1298951,7722293,0
53,0,0,1,1,90,22401,8,26,1,668,4680085,1721322,16684761,0
55,0,0,1,1,77,13761,15,24,1,583,2403709,1999618,9839292,0
93,0,0,1,1,15,15764,9,11,1,996,4499459,2700832,45372400,0
58,0,0,0,1,80,14730,24,11,1,491,4641175,2139250,38784927,0
71,0,1,1,1,12,10246,8,5,1,397,4188767,900080,21433467,0
50,0,0,1,1,36,15481,11,27,0,170,3962596,2615545,27843496,0
19,0,0,1,1,67,10895,8,22,0,159,3911095,1246229,152643,1
95,0,0,1,1,59,2020,15,19,1,13,4099784,2139415,19079708,0
85,0,0,0,1,63,18643,29,1,1,803,2935987,1019931,20751965,0
58,0,0,1,1,67,8865,15,24,1,120,783031,1383354,49133598,0
70,0,1,1,1,21,8529,23,10,1,306,4810635,938022,30720068,0
8,0,0,1,0,30,14753,20,15,0,327,3423457,2403191,20137542,0
0,0,0,1,1,55,12886,26,0,0,406,2462280,550582,7893763,0
28,0,0,0,0,37,8466,24,5,1,936,1398807,358803,41570324,0
62,0,0,1,1,30,17860,22,9,0,948,1184026,665954,14132790,0
71,1,1,0,1,26,8455,1,8,0,482,2095563,1134989,12638290,0
55,0,0,1,1,71,9295,6,25,1,137,1660184,1533763,46318960,0
67,0,0,1,1,99,5664,19,9,1,928,2572123,290956,49434402,0
34,0,0,1,1,82,1246,6,17,1,483,4171465,4298,16601668,0
2,0,0,0,1,86,10010,6,17,1,515,3263095,2675841,19247441,0
6,1,0,1,1,67,17003,27,27,0,704,3143259,1015008,39128968,1
26,0,0,1,1,21,18427,18,8,0,21,3782596,1753800,23673823,0
0,0,0,0,1,45,19588,2,12,0,894,3460190,180207,17923215,0
90,0,1,0,1,80,23074,25,25,1,249,3834047,999823,32254996,1
79,0,0,1,1,43,1228,9,9,0,589,3299838,2619800,29624437,0
70,1,1,1,1,37,13075,5,8,0,353,1408830,2327796,28727104,0
43,0,0,1,1,36,4304,29,3,0,932,1939005,1148204,7732403,0
86,0,0,1,1,25,18583,1,14,1,266,2079869,2882226,36982648,0
40,1,0,1,1,57,21722,27,23,1,740,2032436,1660412,21562893,0
74,1,0,0,1,68,16748,23,7,1,402,1743910,801391,8456757,1
41,0,0,1,1,82,19258,23,26,1,735,1225928,936119,2164289,0
32,0,0,1,1,70,24548,19,1,0,749,1008005,2870932,24567360,0
49,0,0,0,1,53,2233,17,3,1,488,4275566,536976,8834375,0
62,0,1,1,1,75,19512,8,5,1,257,4730288,1726422,18915248,0
99,1,0,1,1,83,14917,14,30,1,927,4690055,2583560,46744849,0
36,0,0,0,0,35,2850,13,19,1,922,4819581,1518937,20868015,0
58,0,0,0,0,96,20112,8,6,1,976,4577223,233086,26926390,0
80,1,0,1,1,45,10070,1,12,1,550,1142724,67969,23257410,0
98,0,1,1,1,76,12930,9,25,1,695,3846156,879100,10240405,0
47,0,0,1,1,75,8368,3,27,1,588,550027,191051,37544734,0
4,1,1,1,1,40,3636,0,4,1,939,597438,527963,6173679,0
47,1,1,1,0,78,6711,21,3,1,43,3218796,1153460,35368510,1
95,1,0,1,1,43,15586,10,21,0,51,3600499,701565,8523836,0
2,0,0,0,1,98,5428,15,5,1,93,858993,481322,12128793,1
46,1,0,0,0,45,17520,10,4,0,956,4508289,82066,1804894,1
61,0,0,0,1,45,16479,12,21,0,826,1844672,1780618,29277046,0
98,0,0,1,1,9,3787,13,30,0,572,3997295,203342,9440283,0
13,1,0,1,1,89,14188,26,30,0,716,3400027,1446618,29190388,1
62,0,0,0,1,10,15595,0,4,0,5,2103547,1405492,17539603,0
60,1,0,0,1,66,3582,27,6,0,42,377777,2914750,42593689,1
30,0,0,0,0,20,2724,22,29,1,258,1072576,2566909,28958307,0
94,0,0,0,0,84,5979,24,4,1,444,1563863,2401176,20188090,1
16,1,0,0,1,92,18444,8,3,1,908,3814934,1210701,42538670,1
23,0,1,1,1,23,19265,26,26,1,398,1250750,2349810,680110,0
22,0,0,1,1,87,2936,17,8,1,559,77979,2917914,33144959,0
81,0,0,1,1,41,15689,28,4,1,566,2805710,1314800,4800600,0
49,1,0,1,1,68,17441,10,21,0,990,3297519,140378,46871306,1
77,0,0,1,1,63,5603,23,1,1,35,1206664,2468983,2730204,0
78,0,1,0,0,73,24221,26,16,0,559,4616289,1888444,39799476,1
78,0,0,1,0,77,10045,2,18,1,380,2176394,1498322,38909577,0
69,1,1,0,1,89,9443,20,6,1,529,1374336,909496,33029194,1
26,0,0,1,1,11,12793,3,16,0,387,4266150,1332843,15239928,0
14,0,1,1,1,46,19124,21,16,0,73,463684,2088308,27412903,1
49,0,0,0,1,29,22270,10,15,0,956,4643621,2187975,4746756,0
35,0,1,1,1,60,3183,27,7,1,967,4884099,42075,45400936,0
7,0,1,1,1,51,39,27,18,1,320,4025641,660943,14624266,1
78,0,0,1,1,89,3864,6,17,0,852,387895,1662687,8404717,0
2,0,1,0,1,81,23004,8,23,1,957,1942885,2777581,41232615,1
61,1,0,0,0,54,6356,25,12,1,332,1638102,412994,16421720,1
46,1,0,0,0,89,17117,4,27,0,7,1201365,1660721,16300,1
76,0,0,0,1,78,12450,1,25,1,477,171747,1015854,18630745,0
97,0,1,0,1,92,18484,11,13,0,886,1753504,2255022,38840165,1
87,1,0,1,1,95,14759,3,17,1,318,1014510,2995584,34954428,0
95,0,0,1,1,37,17969,12,12,0,925,1428550,454643,37028507,0
60,0,0,1,1,30,2500,1,30,1,634,4404115,2702521,37846039,0
31,0,1,1,1,21,18592,14,9,1,893,2037797,564731,46174923,0
93,0,0,0,1,25,23605,0,13,1,18,407353,571291,5260841,0
12,1,0,1,1,6,5722,17,22,0,770,3980219,504011,38041123,1
0,0,0,1,1,83,21770,26,22,1,688,1948527,855488,42640992,1
33,0,0,1,1,48,19955,22,9,0,11,3124468,770963,11255982,0
61,0,0,1,1,70,20439,1,5,1,794,2771661,1849741,8220380,0
78,0,0,1,1,75,17520,3,16,1,638,3426939,1840773,35698497,0
77,0,0,1,1,40,20358,20,16,1,987,1989972,240144,6300591,0
92,0,1,0,1,50,14021,18,26,0,147,604777,2458755,44899585,1
97,1,0,1,1,54,11481,19,29,1,955,3300884,2574517,17334530,0
81,1,0,0,0,71,4213,9,10,0,742,2273346,2224381,40486831,1
70,1,0,1,1,7,22866,12,18,0,596,2433556,2126515,42597167,0
92,1,0,1,1,37,3415,18,27,1,856,982964,2756163,12408879,0
30,0,0,1,1,49,7746,7,12,1,487,4595174,2998276,25306512,0
63,0,0,1,1,29,4738,9,11,1,909,918246,758843,46012280,0
24,0,1,1,1,41,18227,7,11,0,518,263967,283150,19250468,0
37,0,0,1,1,40,15295,18,26,1,552,1997391,1791209,40487972,0
13,1,0,1,1,39,4702,8,28,1,165,2587597,1074071,24572313,0
7,1,0,0,1,23,4531,8,3,1,121,4380924,2992543,11021208,0
90,0,0,1,0,49,11851,22,24,1,65,1075336,954813,34203183,0
53,0,0,1,1,87,11855,12,15,0,308,1077055,890545,394488,0
1,1,1,1,1,22,14578,0,27,1,770,1820003,2996254,27431862,0
80,1,0,1,1,31,764,11,22,1,230,3636450,1182351,37609620,0
100,0,0,1,1,98,13588,9,0,1,41,2168250,2977362,40700923,0
77,1,1,0,1,35,6669,26,19,0,830,3128071,79069,2496598,1
88,0,0,1,1,43,14936,18,21,0,30,3316532,2860454,33586887,0
55,0,0,0,1,71,3811,7,13,1,88,2843350,538813,48647773,0
93,0,0,1,1,26,14069,21,12,1,745,4183024,1739260,11002488,0
92,0,0,1,1,56,2541,24,21,1,806,3179963,525633,20110885,0
83,0,0,0,0,14,15034,10,6,0,731,1930321,2710787,46216944,0
84,0,0,1,0,12,1275,10,24,1,286,3317691,2822807,30637298,0
60,1,0,0,1,38,14751,25,5,0,126,3600787,1947960,34237420,0
21,0,1,1,1,57,7854,15,0,1,649,4292719,685944,9568378,0
34,0,1,1,0,22,24861,28,18,1,613,3366561,2174499,17997870,0
100,0,0,1,0,16,24425,29,0,1,272,267440,2293608,16477975,0
15,0,1,0,0,68,18435,10,21,1,931,3634914,1253698,45106864,1
49,0,0,1,1,61,8379,24,30,1,860,2154091,1392675,21681566,0
42,0,1,1,1,6,8872,0,22,1,844,4866543,1862291,37207986,0
16,0,0,0,1,21,821,5,30,1,844,4496650,1419493,34294017,0
79,0,0,1,1,56,11249,12,14,0,51,1987196,1174821,5264951,0
57,0,0,1,1,80,8532,26,11,1,9,1725905,2097068,46830428,0
1,0,0,0,0,75,3565,10,14,1,925,1863681,1860390,18834360,1
3,1,0,1,1,83,6706,2,30,1,371,2572313,1865850,20407578,1
84,0,0,1,0,6,11789,20,27,1,691,1894759,1324623,43861762,0
38,0,0,0,1,31,10107,0,2,1,213,4366061,869429,4887691,0
97,0,0,1,1,30,7447,26,9,1,657,1725036,1522989,3372929,0
93,0,0,1,1,29,183,13,24,0,673,3572511,1958195,8517235,0
5,0,1,1,1,16,23014,10,0,1,802,4432550,1400787,42832486,0
80,1,0,0,1,21,8293,13,0,1,90,4339294,109264,42164236,0
88,1,0,1,1,69,2567,22,22,0,502,3022243,2655614,23040962,1
68,0,0,1,0,99,7049,21,27,0,914,2221596,2291214,38262694,1
68,0,1,1,1,44,19042,27,20,0,354,3763356,1078169,1226685,0
19,0,0,1,1,9,16992,9,15,0,614,3538103,2427537,34017011,0
63,1,1,1,1,96,5674,20,4,0,601,3935752,232687,1534848,1
15,0,0,1,1,32,2194,1,4,1,948,1553257,2990618,36344467,0
50,0,0,1,1,76,2735,23,10,1,947,4916931,2484433,44695353,0
36,1,0,1,1,56,20578,4,10,1,226,2902677,217885,44547963,0
72,1,0,1,1,18,5723,14,11,1,636,4937758,1038283,20163377,0
68,1,0,1,1,10,22160,17,20,1,50,533404,1224270,36091581,0
41,1,0,1,1,22,24929,15,17,1,560,1606169,1046208,12082582,0
56,1,0,1,1,41,19072,19,13,1,301,4222176,2081169,48387619,0
65,0,0,1,1,78,17735,25,0,0,79,3598492,1645604,47793648,0
8,0,0,1,1,68,24620,23,20,1,706,4904901,1639862,16028339,1
99,1,0,1,1,39,12683,30,25,1,855,175498,2453424,36480199,0
85,0,0,1,1,21,20824,23,24,0,557,1633516,1403473,40030191,0
63,1,0,0,1,95,20568,2,7,1,838,3424235,1055395,18310932,0
85,0,0,1,0,92,7310,25,24,1,871,2347327,663724,7361096,0
21,0,1,1,1,14,6525,23,2,0,915,4776520,2286201,4760350,0
33,0,0,0,1,55,5297,25,30,0,802,270154,2934872,21431759,1
54,0,0,1,1,85,14297,8,17,0,933,1925836,1444860,20066693,0
28,0,1,0,1,56,5943,28,20,1,955,4436187,643564,39198588,0
37,0,0,0,1,68,22046,17,22,0,634,37959,2530840,11961604,1
96,0,0,1,1,37,4598,21,28,1,174,3846583,1711249,27820348,0
17,0,0,0,1,21,23186,26,19,0,447,1309748,1972497,46726646,1
70,0,0,1,1,86,21840,18,30,1,599,3669036,1042594,19854353,0
64,0,0,1,1,53,20644,4,1,1,591,3382420,929308,4410055,0
96,0,0,1,0,11,12058,3,8,0,642,239663,391373,45353143,0
0,0,0,1,1,94,18507,28,21,0,806,2812430,505900,7231475,1
87,1,0,1,1,69,1777,7,30,1,857,304064,1637807,6000784,0
3,1,0,1,1,66,9590,30,30,1,840,989076,1590700,17472287,1
3,1,1,0,1,79,16593,6,18,1,572,192610,1721019,7460885,1
81,1,0,1,1,14,8713,22,11,0,587,3701215,2297206,9163351,0
26,0,0,1,1,35,6651,10,10,0,541,2453002,251870,32624759,0
42,1,0,1,1,29,2742,11,0,0,60,4088612,1741978,23657662,0
58,1,0,1,1,61,10944,11,15,0,69,1597804,1027491,18937493,1
31,1,0,1,1,69,17457,15,30,0,677,4929332,2416180,10981620,1
32,0,0,0,1,47,22809,15,0,0,596,662164,2586462,9744575,0
27,1,0,1,1,7,6313,30,29,0,780,3783045,2627294,3981815,0
54,0,0,1,1,59,6188,14,23,1,336,4038733,1385810,23965402,0
99,1,0,1,1,52,11081,0,26,1,341,2299878,369435,45047706,0
59,0,0,1,1,69,22473,14,19,0,677,4640013,1262517,30970009,0
69,0,0,1,1,75,11672,21,8,1,698,2398395,439508,8491889,0
61,0,0,1,1,64,10370,17,4,1,567,4234555,2498491,28590474,0
79,0,0,1,1,18,13755,23,4,0,370,548184,1635891,48940401,0
33,0,0,1,1,91,10665,5,7,0,533,4976692,1031372,37931919,0
86,1,0,0,1,85,20775,29,22,1,476,1077313,1106677,23402842,1
87,0,0,0,1,18,13276,8,28,1,226,4790039,2663880,25830002,0
55,0,0,1,1,13,23969,25,23,1,885,3300920,2157603,42612355,0
12,0,0,0,0,89,3019,16,13,1,392,1615083,228485,6483735,1
55,0,0,0,1,49,24990,23,3,0,366,4694639,1469566,4514201,0
17,0,1,1,0,6,15877,11,11,0,351,754224,2922091,20604783,1
53,0,0,1,1,36,20977,1,25,1,149,829095,2111539,6688195,0
76,0,0,1,1,12,14275,15,1,1,835,3428971,2931940,18115846,0
100,0,0,1,0,40,19186,22,5,1,187,686441,323389,21462034,0
42,0,0,1,1,94,9227,14,13,1,125,3678887,1487426,16284860,0
38,0,0,1,1,41,17926,26,12,1,943,2403939,2559012,14963134,0
60,0,0,1,1,19,537,11,22,1,341,913766,1944295,36078385,0
41,1,1,1,1,38,11536,14,21,1,221,3882218,2539117,48275794,0
80,0,0,1,1,25,23232,12,2,0,800,522331,2632618,30547974,0
78,0,0,1,1,91,18840,11,18,0,698,2428924,1316947,15486024,0
17,0,1,1,0,13,7200,18,4,0,625,3585891,2710440,28413945,1
22,0,0,1,1,44,24832,15,22,0,154,3674194,2587140,45777572,0
53,0,0,1,1,30,15626,6,17,0,525,4882601,1597325,17982648,0
29,0,0,0,1,26,637,16,11,1,783,1193381,2375380,46079834,0
97,0,1,1,1,17,2126,9,10,0,514,2134478,1623936,344538,0
57,0,0,1,1,29,16022,8,3,1,241,4363958,1631010,39961319,0
67,0,0,1,1,75,22435,5,28,1,161,2455857,316284,1687108,0
66,0,0,1,1,95,6717,22,11,0,448,4576112,677878,20233970,0
70,1,0,1,1,19,12694,8,23,0,31,904119,2109492,7166007,0
17,0,0,1,1,80,8809,25,18,1,577,68723,2360832,20487004,1
6,0,0,1,1,49,15936,0,30,0,719,146449,2831672,38141672,0
39,1,0,1,0,25,22822,15,6,0,182,3520956,1923037,21046484,0
69,1,0,1,1,93,18587,13,29,1,615,2326533,1566525,17622020,0
85,0,1,1,1,44,21796,30,9,1,629,219988,1488486,20580185,0
64,0,0,0,1,51,15931,7,18,1,143,324226,931789,31910787,0
67,0,1,1,0,90,307,26,23,0,340,2757921,1282147,8009585,1
48,0,0,1,1,65,22220,14,22,0,180,4452916,1783761,39496192,0
51,0,1,0,1,18,11774,15,0,1,327,2212291,459521,15973874,0
28,0,1,0,1,76,19687,13,15,0,100,2778970,1524916,40970405,1
20,0,0,1,1,92,15507,15,3,0,171,395039,270292,34684710,0
89,0,0,1,1,71,9746,6,22,1,780,4145410,259305,35554471,0
77,0,0,1,1,80,14860,28,27,0,205,3726525,1811632,16935641,0
8,0,0,1,1,51,21551,17,11,1,517,4925401,1138730,33735378,0
46,0,1,1,0,90,5199,16,12,1,134,3511668,2309516,3361050,1
75,0,0,0,1,20,12967,25,20,1,517,3256464,922291,14281291,0
41,0,0,1,1,75,18443,29,2,1,830,2928198,1280804,6095665,0
50,0,0,0,1,22,20078,0,15,0,429,21439,2818860,26956831,0
55,1,0,1,1,49,23379,10,1,1,551,870543,1226460,46976937,0
50,0,1,0,1,27,19678,19,8,1,875,4370901,195349,31889922,0
69,0,0,1,1,30,16476,4,25,0,239,3994103,135344,6103738,0
19,1,1,1,0,70,20844,22,5,1,838,2015512,1227852,6847138,1
87,0,1,0,1,6,14288,12,9,1,758,4299428,818424,39271083,0
26,1,1,1,1,26,8342,7,16,0,390,3302858,1597098,23773301,0
37,0,0,1,1,42,15355,17,4,0,843,4426558,181659,18418371,0
71,0,0,1,1,46,11925,12,11,1,475,4460968,1184299,27035279,0
64,0,0,1,1,32,1841,8,22,1,528,2862096,94970,31823204,0
53,0,0,1,1,67,23137,29,7,1,877,4913131,1642372,25311742,0
23,0,0,1,1,21,6107,10,20,1,707,2103570,46884,1603680,0
46,1,0,0,0,86,5525,22,11,1,982,2973695,1543617,17528641,1
70,0,0,1,1,63,21324,5,30,1,160,1640403,2789883,39777337,0
82,0,0,1,1,6,23330,10,11,1,281,3779032,2794426,1609568,0
85,1,0,1,1,83,940,14,28,1,850,1553351,2359928,21522519,0
62,0,0,0,1,83,21401,30,9,0,83,231741,2051504,42929421,1
56,0,0,1,1,54,2298,13,27,1,880,148504,2278869,10641933,0
54,0,0,1,1,19,2681,7,12,0,478,1095519,2583493,27776062,0
59,1,0,1,1,22,5430,17,25,1,547,1304647,1514764,16831529,0
98,0,1,1,1,81,15510,0,0,0,115,1086801,1618490,235769,0
61,0,0,1,0,42,17414,20,27,0,686,2165070,2306889,49740642,0
29,1,0,1,1,12,12043,8,1,0,960,1912471,2436280,31197361,0
92,0,0,1,1,84,14199,22,19,1,822,1962062,2039638,13006989,0
21,0,0,1,1,24,2963,28,14,1,27,1624948,888923,41506462,0
74,0,0,0,1,64,4892,6,29,0,466,3719243,1162194,35006992,1
83,0,0,1,1,30,10463,14,9,1,13,3964001,301457,30780283,0
28,0,0,1,1,39,6945,14,0,0,876,2537072,420940,42975595,0
40,1,0,1,0,85,15843,8,19,0,889,824640,2834432,44054711,1
41,0,0,1,1,30,21702,20,30,0,415,1993009,1688555,31191403,0
97,0,0,1,1,22,6286,4,28,0,629,1814832,209746,39559500,0
64,0,0,1,1,48,20590,6,21,1,451,4287450,530319,18787474,0
30,0,1,1,1,11,8107,26,29,1,31,3199835,2506732,11760058,0
29,0,0,1,1,39,21871,27,21,0,216,3609428,428162,1853501,0
17,1,1,1,0,16,22501,11,17,1,190,3430197,2964078,25492745,1
16,0,0,1,1,48,15433,5,0,0,759,4534477,121236,23408095,0
37,0,0,1,0,45,9749,9,11,0,293,366513,2598993,37315395,0
13,0,0,1,1,58,12932,14,7,0,662,3076109,1543753,30826846,0
86,0,0,0,1,5,5494,21,24,0,353,434435,2795202,41457775,0
88,1,0,1,1,29,3190,23,8,1,685,2672049,684569,24436520,0
78,1,0,1,1,84,16580,3,22,0,143,4472456,1217446,4292094,0
55,0,0,0,1,19,19870,14,27,1,870,731579,793212,48758495,0
21,1,0,0,0,79,5481,17,19,1,62,2034855,1904304,38137078,1
66,0,0,1,0,7,19426,2,1,0,618,3863009,415411,22792612,0
55,0,0,1,1,49,14551,25,15,1,206,3900253,609423,16963598,0
18,0,0,0,1,49,56,14,22,0,304,1393898,1433081,18642941,1
56,0,0,0,1,55,19262,19,21,1,124,1269739,811481,33610461,0
43,1,0,0,0,46,14444,4,28,1,527,2681254,2181238,38374722,0
97,0,1,1,1,43,20306,1,13,1,504,2010548,1809912,7998241,0
34,0,0,1,1,24,14850,14,29,0,797,2792555,1961213,48611841,0
0,1,1,1,1,91,3047,7,22,1,538,2785276,2654604,29688817,1
51,0,0,0,1,83,3315,27,0,0,790,3872573,2811233,32389338,1
84,1,0,0,1,22,15272,27,13,1,644,1334674,2775643,36619870,0
92,0,0,0,1,43,18007,4,19,1,289,3739194,416013,34601364,0
69,0,0,1,1,33,13274,22,16,1,697,1897835,1489686,36825652,0
36,1,0,1,1,24,6370,8,22,1,69,4864828,343860,31367235,0
64,0,0,1,1,46,22711,6,5,0,28,1662641,2850848,30052342,0
50,1,0,0,1,83,9902,3,25,1,127,3411441,2285280,10075781,1
0,0,0,1,1,16,8155,18,7,1,497,4460235,2563801,4923432,0
90,1,1,0,1,60,9638,7,17,1,547,662467,2903580,32644746,0
20,0,1,1,1,16,122,30,7,0,426,2606523,2301469,34177008,0
52,0,0,1,1,93,4251,13,7,0,416,3922046,190587,47718942,0
15,1,0,0,1,57,19085,28,1,1,861,2780519,708212,46702864,1
60,0,0,1,1,12,15453,8,15,0,174,2805739,529181,22073781,0
53,0,0,1,1,62,19978,4,12,1,280,1074849,330659,12897724,0
39,1,0,0,1,28,12038,5,26,0,94,2805528,1755505,11554075,1
25,0,0,1,1,65,10785,9,26,1,329,1011457,104679,12251731,0
79,1,0,0,1,5,18739,27,13,0,895,1202259,1380215,37184833,0
91,0,0,1,1,93,14533,27,6,1,688,993042,775172,13982789,0
64,0,0,0,1,82,10360,12,2,1,950,2327485,846921,11609002,0
99,0,0,1,1,74,65,9,20,0,914,1069077,2023060,49862658,1
73,0,0,1,1,49,590,21,28,0,779,2326139,2521845,28172395,0
63,0,1,1,0,13,3555,12,7,1,150,4381840,291199,2554981,0
42,0,0,1,1,5,12827,2,0,0,869,2405319,625816,3484882,0
16,0,0,1,1,77,12013,11,16,0,215,2755264,681564,46631567,1
58,0,0,0,1,28,12746,3,25,1,477,91421,1945199,25186485,0
22,0,0,0,1,64,7571,10,28,1,121,593427,2089544,2808911,0
6,1,0,0,1,86,10138,8,7,1,973,2741988,2261204,47673871,1
43,0,0,1,1,52,24131,5,5,1,352,3825845,832183,14719092,0
52,0,0,1,1,43,13484,11,18,1,826,2541853,384296,42357217,0
70,1,0,1,1,22,1677,13,10,0,108,1399863,85453,19215243,0
78,0,0,0,1,96,8420,20,7,0,202,4770057,1626397,25671503,1
33,1,0,1,1,56,9093,8,7,1,683,3695084,1751971,20644846,0
45,0,0,1,1,6,4436,7,24,1,368,2933721,1309294,18010830,0
67,0,0,1,1,40,5268,8,9,1,390,72896,141014,46174955,0
77,0,0,1,1,52,11788,12,9,0,725,450680,1695244,48907476,0
77,1,0,0,1,92,6657,29,21,0,163,1151439,2329475,41996096,1
15,0,0,1,1,39,13677,10,27,0,899,4035837,991972,46222551,0
70,1,0,0,1,74,24332,8,22,1,597,2569531,931833,49807555,1
95,0,0,1,1,85,853,19,12,0,724,2101781,1775353,8016136,0
18,0,1,0,1,98,12309,7,26,1,370,114576,2861593,17847393,1
1,0,0,1,1,76,3521,9,21,1,683,4725176,2495024,28281222,0
9,0,0,1,1,46,6718,8,2,1,290,542869,697618,18879621,0
49,0,0,1,1,78,20231,26,24,1,259,3812715,855987,38117915,0
80,1,0,1,0,84,1129,20,16,0,173,3295265,328833,34900425,1
100,0,0,1,1,42,9337,3,20,1,813,4846862,1729981,3849474,0
11,0,0,1,1,30,6044,9,21,1,104,512775,906038,25052690,0
69,0,0,1,0,35,13368,16,14,0,383,4625627,1528044,37328997,0
21,1,1,1,1,56,3775,18,5,1,677,2627682,2683417,29546471,0
31,1,1,1,0,64,24308,9,16,1,821,1318741,652726,39274356,1
83,1,0,1,1,12,6407,17,23,1,389,3553110,1682654,38046220,0
0,1,0,0,1,65,13840,15,29,0,818,1006555,275309,22644468,1
53,1,0,0,1,39,10081,27,0,1,971,4654818,1035101,10477587,0
57,1,0,1,1,38,22825,22,2,1,960,4722109,2686955,42262871,0
69,0,0,1,0,14,24352,3,7,0,112,2836559,1829757,32842031,0
82,0,0,1,1,44,13627,8,28,1,529,4095081,2023299,5886495,0
17,0,0,1,1,56,18332,8,7,0,388,166480,2520800,13293460,0
5,0,0,0,0,16,19449,1,10,1,8,4835253,2795017,8544668,0
44,0,0,1,0,31,14719,18,15,1,41,1960468,1834237,23196314,0
96,0,0,1,1,23,24780,7,26,0,879,2500493,2113802,40073682,0
22,0,0,1,1,61,19490,25,0,0,511,2892394,1154920,19067283,0
22,1,0,0,1,94,1039,29,30,1,22,450379,522911,39399682,1
25,0,0,1,1,58,1514,18,10,1,608,909791,715844,3467517,0
76,1,1,0,0,19,874,3,28,1,795,4834830,2943703,23274405,1
6,0,0,0,0,99,18584,10,16,1,58,4850110,174623,14913609,1
78,1,0,1,1,41,15048,2,12,0,646,3474684,2060939,23614155,0
43,1,0,1,1,65,10420,27,23,1,159,4049708,1830993,22723574,0
26,1,0,1,1,22,16883,28,1,1,571,3072420,2943952,36385402,0
25,0,0,1,1,97,7137,29,4,1,772,484530,440111,19577184,0
96,0,1,1,1,48,21708,17,23,1,431,1742081,703388,39111535,0
78,0,0,1,1,95,21749,16,20,1,103,2593742,640604,46100777,0
35,1,0,1,1,88,18436,18,11,1,734,2683156,2112347,32717470,0
54,1,0,1,1,25,9743,8,14,0,171,4194636,441832,39135407,0
63,1,0,0,1,33,22274,29,6,0,373,4669245,752185,17699660,0
90,0,1,0,1,19,4892,15,30,0,353,2577707,101603,12707211,0
56,0,0,1,1,90,24707,7,29,0,863,4605972,1522277,37133075,0
68,0,1,1,1,91,5945,8,5,1,828,4133248,1777292,17313005,0
60,0,0,1,1,72,3298,25,4,1,924,4957878,1435813,33619682,0
1,0,1,0,1,92,15040,4,14,1,473,4213306,2924932,37528313,1
54,0,0,0,1,68,13764,4,26,0,250,3567652,778792,42487200,1
96,1,0,1,1,18,23507,13,2,0,575,2779372,213819,5396064,0
79,0,0,1,1,41,24623,23,21,1,913,3924557,872502,11027934,0
86,0,0,1,1,58,10126,13,8,1,761,3915068,2563721,34868972,0
37,1,0,1,1,63,18355,28,29,1,95,1724591,2584704,23667098,1
79,0,0,1,1,63,15477,4,22,0,50,3452715,2965967,25886186,0
77,0,0,1,1,89,21499,3,25,0,612,2106844,1101611,4209181,0
28,0,0,0,1,59,16044,24,16,1,366,1188578,345673,891678,0
25,0,0,1,1,47,3846,16,20,1,747,4817709,1442965,4503580,0
34,0,0,0,1,56,21228,5,22,0,17,4060389,1630887,7641137,0
78,0,0,1,1,43,17420,6,13,1,906,1802810,1075370,1271125,0
66,0,0,1,1,81,22322,13,6,1,115,1511198,296764,17491646,0
86,0,0,0,1,23,20519,14,14,1,304,1796716,585757,22457103,0
28,0,1,0,1,60,637,5,28,0,406,2639445,2357733,43305452,0
33,1,0,0,0,94,12293,27,26,1,320,2684705,875242,12485671,1
96,0,1,0,1,40,5296,30,6,1,735,4311162,15057,18749627,0
40,1,0,0,1,56,10467,9,12,1,414,4524025,1354539,49799744,0
40,0,0,1,1,48,19554,7,13,1,788,2190817,1067869,23925040,0
22,0,0,0,1,50,20161,26,29,1,526,3546029,1612050,24012817,0
70,1,0,0,1,44,5851,7,21,0,271,1913813,2572928,26314801,1
2,0,0,1,1,84,6435,4,28,1,765,182505,1753632,26955501,0
57,0,0,1,0,57,17368,28,10,1,299,1692705,2530506,27002337,0
31,0,0,0,1,61,24974,27,17,0,313,4221138,1234872,11155662,1
30,0,1,0,0,23,16065,30,12,0,403,555454,2254648,1652365,1
81,1,1,1,1,82,21418,28,11,1,437,4955411,908990,32561490,0
42,1,0,0,1,48,10386,15,1,1,296,4405208,2332804,31878111,0
6,0,0,0,1,98,5462,19,9,1,95,3855618,1935618,44581529,1
0,0,0,1,1,99,4724,10,21,0,229,3132866,1040915,24721566,0
60,0,0,0,1,24,24997,6,10,0,919,4520460,2280264,34545883,0
13,1,0,1,1,48,24992,24,15,0,364,65343,96809,30484059,0
51,1,0,1,1,47,12897,28,16,0,718,3314271,361853,15553412,0
95,1,0,1,1,11,8198,1,13,1,22,3765830,2880320,37937590,0
5,0,0,0,1,46,18418,27,21,1,222,3852623,822039,26112834,1
9,1,0,1,1,66,9350,6,20,1,240,3622855,2802903,11785886,1
70,0,1,0,1,6,19063,5,12,0,200,4943990,2977923,1457315,0
89,0,0,1,1,90,3588,18,16,1,543,4508415,1242984,10509929,0
97,1,0,0,1,81,22343,30,4,0,272,361052,821271,81002,1
29,0,0,0,1,50,3129,17,3,1,54,1896397,1714657,4894404,0
99,1,0,0,1,42,3271,0,24,0,871,3210265,615200,44683165,1
20,0,0,0,1,99,7800,17,10,0,408,2378245,2830198,7317916,0
59,1,0,0,1,5,16393,11,16,0,533,3047929,2799581,29941597,1
80,0,0,1,0,51,13818,20,25,0,328,962184,2180524,28619747,0
96,0,1,1,1,17,22606,16,2,1,978,2811729,644745,34373819,0
73,0,0,1,0,64,10945,7,1,0,550,2869866,472356,38020079,0
62,0,0,0,1,85,23891,19,26,0,326,373033,485880,40005430,1
41,0,0,1,0,68,23032,2,0,0,142,4612850,2526518,15524945,0
50,0,1,1,1,72,13181,9,30,1,631,2091359,1455985,37116897,0
63,0,0,0,1,59,9901,15,17,1,670,27452,2281771,27367371,0
75,0,0,0,1,35,17936,17,15,0,462,800927,609826,37661872,0
55,0,1,0,0,18,13540,0,10,1,263,3799080,1801419,10878415,0
79,0,1,1,1,89,24131,7,6,1,260,310510,1232599,18713712,0
40,1,0,1,1,90,7679,24,4,1,377,3808342,501365,28795966,0
31,1,0,1,1,9,19741,18,17,0,595,377282,2370107,29713900,0
14,0,0,1,1,58,8619,2,3,0,793,572042,2987035,25184777,0
61,0,0,1,1,57,5549,15,26,1,921,2116471,2927852,35749551,0
26,1,0,1,1,41,22435,15,21,1,403,2757914,2920765,9369167,0
27,0,0,1,1,61,10976,15,30,1,798,552243,640995,11496028,0
80,0,0,1,1,7,1194,24,7,1,171,4136219,1379450,4534034,0
63,0,0,1,1,81,18442,22,21,0,350,4059323,1256714,22268363,0
58,0,1,1,1,15,5196,11,5,1,527,743624,597664,49763174,0
57,0,0,0,1,46,24108,27,21,0,944,1381550,122185,16904873,1
1,0,0,0,1,59,24748,8,20,1,797,125598,1183934,32973908,0
35,0,1,0,1,42,324,17,20,1,483,3787502,69305,41169888,0
70,0,0,1,1,28,20074,22,21,1,673,2571902,1458168,15448044,0
12,0,0,0,1,13,7455,29,21,1,807,3975784,207777,14421623,0
14,0,0,0,0,17,14401,28,0,1,808,2100959,1149019,36259471,0
88,0,0,1,1,90,10638,23,6,0,23,1963080,882141,27053105,0
86,0,0,1,1,22,16986,10,5,1,510,3810,1748476,41708150,0
59,1,0,1,1,14,7092,19,21,1,471,3102978,1908831,46738158,0
21,0,0,0,1,16,18131,28,0,0,318,1599415,1258880,6762756,0
62,0,0,1,1,98,19716,25,6,1,939,1090358,2199801,24460635,0
89,0,0,0,1,51,740,10,13,0,704,3284506,1247408,985141,0
96,0,0,1,1,87,12824,19,5,1,101,3908735,295871,25457508,0
74,0,0,0,1,87,3702,11,9,0,631,234900,2595696,48703909,0
73,0,0,0,1,14,4229,17,17,1,298,1654809,2851001,35718189,0
24,1,1,0,1,5,3152,1,15,0,820,1762485,2888465,2947012,0
100,0,0,1,1,61,9922,3,11,1,350,2049537,2878804,23721315,0
47,1,0,1,1,75,19890,3,28,1,848,3790683,2612158,2777348,0
42,0,0,0,1,15,2969,20,10,1,127,3581363,124097,49338001,0
37,1,0,0,1,57,8529,25,27,1,801,1889888,1192989,12610518,1
40,1,0,1,1,8,6720,13,23,1,347,2114316,425215,3968565,0
44,1,0,0,1,65,5093,25,7,1,394,1592016,1994252,26487880,1
87,0,0,1,1,89,8656,12,14,1,148,3555790,1440710,7854640,0
39,0,0,1,1,90,23211,25,29,0,63,1462294,2232418,21852864,0
96,1,0,1,0,14,9357,8,22,1,644,1145769,561302,42700523,0
16,1,0,0,1,91,18368,14,11,1,468,332525,388843,47724075,0
87,1,0,1,1,9,8303,26,22,1,143,1602397,1586141,6871565,0
100,0,0,0,1,65,20427,24,27,1,742,2987761,1839893,9366478,1
56,1,1,1,0,80,24297,22,30,0,271,3452872,2031875,25398725,1
1,0,0,0,1,34,21744,21,29,1,831,1823849,2590734,27592597,0
95,0,1,0,1,61,6003,9,26,1,943,3269177,2153674,42535117,1
61,0,0,1,1,37,6724,4,6,0,401,390424,1115576,46842734,0
87,0,0,1,1,41,17202,3,15,0,468,860279,2519353,31157555,0
8,1,0,1,1,86,12235,17,29,1,254,1808462,185095,11148889,1
67,0,0,0,1,72,1251,3,3,1,305,1184314,479015,48122757,0
80,0,0,1,1,95,7096,15,0,1,529,2824534,2911598,9737122,0
16,0,0,1,1,27,20126,10,24,1,501,1014226,1988455,34877105,0
49,0,0,1,1,74,10617,6,0,1,780,2644702,1787565,38286103,0
93,0,0,1,1,11,9963,0,27,1,523,720733,1564783,28736661,0
39,0,0,1,1,23,1402,2,27,1,222,2546700,668808,8736184,0
57,0,1,0,0,19,18580,15,20,0,666,214435,2576820,5316584,1
74,1,0,1,1,90,19808,3,14,1,121,1180233,1849585,20261506,0
84,1,0,1,1,36,5152,22,25,1,880,3517798,196549,26440709,0
20,0,0,0,1,83,9290,2,28,1,345,3195148,2925707,2523678,0
17,0,1,1,1,63,24132,19,13,0,429,1813181,708246,26167205,1
54,0,0,1,1,74,20066,0,24,0,977,2602920,2583667,32046808,0
28,0,0,0,0,74,1743,27,14,1,438,3543828,2837254,23853708,1
23,0,0,1,0,10,8315,0,1,1,873,2483607,744743,26233842,0
73,0,0,1,1,80,18298,9,15,1,577,1395239,1593669,5316129,0
16,0,0,1,1,70,2597,11,4,1,63,2365475,1878276,21441640,0
17,1,0,1,1,93,9122,2,26,0,538,4262170,426810,38294326,1
41,0,0,1,1,8,23800,22,10,0,707,3682148,1850459,27092840,0
83,0,0,0,0,74,14602,12,10,0,245,2988298,2051757,33889024,1
100,1,0,1,1,61,16297,26,0,1,59,2836558,711836,196188,0
44,0,0,0,1,65,17702,5,1,0,634,2619758,898350,16303197,0
81,0,0,1,0,60,23965,30,0,0,299,4402709,2305191,46100077,0
16,0,0,0,1,18,9271,20,30,0,120,3485932,2937663,47630651,1
72,1,1,0,1,87,24258,23,2,1,139,1422100,238964,18037291,1
13,0,0,0,1,11,4757,26,19,0,431,849274,1210328,33992749,1
48,1,0,1,0,58,4561,23,0,0,924,770590,2135344,32199490,0
28,0,0,1,1,86,6832,19,25,1,796,1254550,965432,44556848,0
94,0,0,1,0,62,19678,9,16,0,222,4377214,1430128,36895489,0
3,0,0,0,0,65,4517,5,1,0,419,3174541,940291,10353789,1
81,0,0,0,1,76,17304,27,13,0,391,2407413,2143688,42208451,0
19,1,0,1,1,32,1989,0,19,0,97,2886893,2595084,1556011,0
46,0,0,0,1,89,16944,25,28,1,539,3309185,904478,31329926,1
8,0,0,0,1,59,22127,14,1,1,93,3895664,153956,9554164,0
76,0,0,1,1,78,3552,13,17,1,923,3042200,241850,44825432,0
78,1,0,1,0,57,14169,11,7,1,874,2215134,1633512,17297053,0
26,0,0,0,1,96,14817,9,26,1,95,1859641,1894220,36717268,1
14,1,0,1,0,87,10142,8,7,1,175,699213,1332678,41899506,1
91,0,0,0,1,48,3191,29,6,1,645,418890,192355,20345413,0
100,0,0,0,1,32,21265,20,10,1,226,3691067,1022695,8988608,0
18,0,1,1,1,50,6963,14,19,0,549,449286,2242624,42369814,0
89,0,0,1,1,53,14810,13,6,1,21,1521595,1745683,48848255,0
51,0,0,1,1,71,1368,30,29,1,346,4033656,1255577,44858109,0
25,0,0,0,1,31,2903,23,21,1,630,638106,554726,32778827,0
88,0,0,1,1,85,17309,30,6,0,235,2246262,1314681,1181712,0
25,1,1,1,1,83,14953,9,16,1,69,2695397,1775153,24078658,0
25,0,0,0,1,43,3654,25,14,1,97,4527090,2528688,8756988,0
45,0,0,1,1,90,16020,0,20,0,810,2129745,2676709,20266738,0
91,0,0,1,0,88,553,29,20,0,319,1295919,2758682,41146933,1
48,0,0,1,1,31,13197,19,6,0,514,4709979,2351404,11962705,0
81,0,0,1,1,39,15270,28,19,0,343,4652032,1020275,39630976,0
95,0,0,1,1,51,17038,1,28,1,128,3655437,508699,5407577,0
52,0,0,1,0,56,13556,1,16,1,179,252752,2042133,17746802,0
2,0,0,0,0,73,15189,1,18,1,861,811517,1010469,34570186,1
65,0,0,1,1,70,12080,1,13,1,402,4619647,532676,48727025,0
96,0,0,1,1,45,3842,7,19,1,419,1058491,1313865,22317517,0
41,0,1,1,1,54,24608,21,4,1,394,4851318,1146418,5344694,0
18,0,0,1,1,49,153,24,30,1,935,3067668,742894,4223482,0
16,0,1,1,1,24,10741,17,29,0,609,4547924,1470709,40887727,1
32,0,0,1,1,75,21073,12,11,1,800,4312941,1456790,5590372,0
75,0,0,0,1,40,3306,16,23,0,234,2123545,2712892,19856550,0
48,0,0,1,1,76,1081,29,23,1,37,4197720,1169755,13675145,0
55,0,0,1,1,95,10795,7,11,0,471,1043113,2230949,28551155,0
62,0,0,1,1,74,6558,9,1,0,961,3015781,2484407,41215774,0
2,0,0,1,1,28,23303,13,25,1,529,1982883,2213404,27297680,0
48,0,0,1,0,40,13896,28,3,0,366,3208303,1158091,29871532,0
54,0,0,1,1,9,1562,18,29,0,548,1500016,2446893,11807597,0
25,0,0,1,0,88,4346,18,1,1,155,2736342,53847,26461346,0
98,0,1,1,1,24,11563,23,4,1,48,365216,1655386,19319946,0
71,0,0,1,1,57,1980,4,19,0,167,744881,1048363,10820455,0
51,0,0,1,1,44,10610,23,1,1,961,250370,741579,29774421,0
99,0,0,1,1,54,6220,17,12,1,422,2450063,2630849,33954585,0
6,0,0,1,1,78,4883,9,2,0,830,767153,2146122,37560765,0
45,0,0,0,1,71,1038,15,14,1,910,1805778,2963561,18598334,0
45,0,0,0,1,39,12274,24,18,1,452,4195203,1457733,45009606,0
99,0,0,0,0,68,20471,17,15,0,992,1284992,636315,15083809,1
15,0,0,1,1,41,13588,8,13,0,469,926065,30293,43988182,0
23,0,0,1,1,49,5888,9,22,1,943,777862,49810,38838553,0
60,1,0,1,1,42,22585,21,3,0,811,2105196,1594291,9433290,0
53,0,0,0,1,91,2391,11,16,1,626,4252469,1912950,5588726,0
61,0,0,1,1,89,16529,27,20,0,386,386870,1099878,20993073,0
0,1,0,1,1,31,4624,4,21,1,890,277891,1151216,1445945,0
48,1,0,1,0,69,24044,14,21,1,89,168401,449205,6720874,1
24,1,0,1,1,77,19753,22,30,1,422,894291,382179,45033017,0
9,0,0,1,1,7,24927,30,29,1,699,1920116,1983372,40697728,0
79,1,1,1,1,63,19743,29,11,1,688,3429934,215514,36162770,0
15,0,0,1,1,34,11767,6,25,0,334,3948715,1982549,22313110,0
57,0,1,0,1,99,3811,19,26,1,141,4508540,219242,31760926,1
71,0,1,0,1,98,23164,6,1,1,172,1772152,2834041,44446454,1
28,0,0,1,1,20,8486,2,20,1,531,479772,1675394,3357362,0
91,0,0,1,1,33,7400,2,19,1,908,3923080,2179808,45726276,0
5,0,0,1,1,74,1734,30,13,0,60,4425682,2782307,38972573,1
15,0,0,1,1,82,8578,6,26,1,671,4519817,2487990,31118200,0
19,0,1,1,1,78,62,0,20,1,546,3777501,137334,18183145,1
79,1,0,1,1,92,16721,23,22,0,681,368579,426130,32655525,1
70,0,1,0,1,28,10590,26,2,1,919,2644912,561707,28017379,0
77,0,0,1,1,11,648,17,29,1,457,4664901,127057,11437517,0
42,1,0,1,1,53,7295,0,15,1,784,159508,831387,28448115,0
25,0,0,1,1,67,11455,5,7,1,728,1671175,1049299,16901234,0
89,0,0,1,1,50,22093,19,26,0,584,2308133,2651744,8868861,0
77,1,0,0,1,52,24051,6,11,1,229,1167174,801396,40546463,0
70,1,0,1,1,29,20995,11,27,1,287,2968569,858757,47311822,0
32,1,1,1,1,47,21357,2,8,0,951,2522226,867409,21451797,0
25,0,0,1,0,59,21457,26,0,1,352,1884278,1009208,21733285,0
44,0,1,1,1,38,4045,1,0,1,885,4528306,2353195,16800662,0
83,0,1,1,1,69,9110,27,8,1,170,4791154,2130391,38199022,0
62,0,0,1,1,32,23191,14,29,1,279,3062496,1721961,23422624,0
66,0,0,1,1,45,24594,26,14,1,678,4998558,423975,46160479,0
51,0,0,1,1,33,21925,19,9,1,868,3527617,1538171,7921089,0
67,1,0,0,0,36,13231,3,16,1,352,486243,1988686,37651146,0
25,0,0,1,1,73,18965,26,1,1,512,4000928,2383095,44613305,0
74,0,0,1,1,38,22117,19,2,1,919,243841,235602,3066295,0
1,0,1,0,1,63,286,18,22,0,246,4621174,2250166,25935261,1
13,0,0,1,1,65,22976,22,9,0,343,4954449,2949940,14857475,1
29,1,0,0,1,56,9263,30,18,1,250,4742964,2055447,31163615,1
48,0,1,1,1,67,23357,20,8,1,97,3038268,1522363,9606212,0
11,0,0,0,0,30,18211,10,17,1,383,596777,2197448,48377962,1
89,0,0,1,1,81,12258,19,2,1,510,2425266,2190526,38778755,0
43,0,0,0,1,16,5919,4,8,1,489,4755044,505594,5897821,0
32,0,0,1,1,26,16828,22,21,1,922,4183361,1940121,36712201,0
12,1,0,1,0,77,17661,19,26,1,808,2285968,501082,23926481,1
77,0,1,1,1,60,9041,11,27,1,259,2255452,22190,47181543,0
87,0,0,0,1,10,7726,15,10,0,1,3677620,2067036,283991,0
97,0,0,1,1,40,6897,28,8,1,973,841654,256367,33002710,0
25,1,0,0,1,78,14596,29,30,1,219,1470879,1021584,9322446,1
20,0,0,1,1,63,9567,9,29,1,434,4910041,1545686,26785886,0
27,0,1,1,1,63,6998,20,4,0,539,13338,874012,18390502,1
47,0,0,1,1,72,6062,30,19,1,300,3270246,2052132,29614314,0
99,1,0,1,0,56,4119,21,17,1,342,768665,1734951,43577597,0
39,1,1,0,1,72,14619,5,11,0,567,513939,2342862,25994394,1
65,1,0,1,1,81,23544,27,16,1,715,2075091,1047585,6647128,0
72,1,0,0,1,84,14698,11,26,0,655,3996722,2966448,38055345,1
86,0,0,1,1,55,1168,6,20,0,94,2375987,1147394,11518896,0
78,0,0,1,1,94,15315,9,16,0,210,2347582,354178,49823609,0
76,1,0,0,1,72,12263,15,15,1,44,4839237,853251,4356268,0
22,1,0,1,1,30,21892,28,21,1,472,2785294,1183243,48574813,0
80,0,0,1,0,77,16960,2,26,0,352,3439486,1815399,9988233,0
47,0,0,1,0,45,21291,15,21,0,214,607168,477642,49999086,0
1,1,1,1,1,79,16520,11,13,0,197,2035543,2125648,20601667,1
83,0,0,0,1,9,11574,7,22,1,325,4342035,2987882,28969420,0
19,1,0,0,1,57,21508,4,8,0,662,3066495,2307099,34502901,1
58,0,1,0,1,42,6065,16,21,0,958,3125875,535964,47020342,1
45,0,0,0,1,97,18261,19,12,0,881,4952739,296977,6701902,1
2,0,0,1,1,96,3693,26,2,1,947,2357896,735449,25205263,0
54,0,0,1,1,57,3240,19,23,1,167,2401332,215572,11126634,0
11,0,1,0,1,92,1568,13,4,1,406,1717161,1335189,38404058,0
39,0,1,1,1,60,17132,23,23,0,391,2260241,1318612,25934130,0
65,0,0,1,1,23,10872,28,7,0,562,180000,373727,39033633,0
99,1,1,0,1,69,88,25,2,0,253,4729463,252595,36834646,1
77,0,0,1,1,73,9982,8,22,1,950,3749947,572233,45747129,0
15,0,1,1,1,91,3173,18,15,1,725,4608199,277006,31310858,0
82,0,0,0,1,57,2197,30,3,1,995,229029,2016185,13830863,0
33,0,0,1,0,23,16660,11,8,0,842,1788070,2999681,8459798,0
43,0,0,0,1,70,23612,10,6,1,626,593895,1138726,10806161,0
5,0,0,1,0,52,8430,25,25,1,652,193976,1161753,45070525,0
76,0,0,1,1,70,1402,0,17,1,958,2922393,1013517,18960037,0
63,0,0,1,0,77,14795,10,16,1,357,867375,626143,30280274,0
99,0,0,0,1,22,18998,28,21,0,727,954719,1033643,7302744,0
21,0,0,1,1,84,5228,28,30,0,934,2688126,861922,38161987,1
17,0,0,1,1,43,11345,26,5,1,717,579593,1219104,1837069,0
11,1,0,1,1,77,12072,7,9,0,579,2806557,170761,45400606,1
51,1,0,1,1,55,16990,24,4,1,966,3757512,488583,18014165,0
93,1,1,1,1,27,11190,19,14,0,606,2915573,1936012,40785384,0
50,1,0,1,0,37,8930,20,1,1,553,1592764,2053178,32175101,0
70,0,0,1,1,64,7986,3,14,1,707,273899,1490562,31106495,0
95,0,1,1,1,63,18315,3,8,0,386,4734401,2046821,32962379,0
47,0,0,1,1,30,13137,10,5,1,825,3709452,1564327,142585,0
18,1,0,1,1,21,2634,28,3,1,315,2951848,2526469,10486035,0
5,1,0,1,1,57,8856,18,22,1,926,2931877,1046211,35887524,0
83,1,0,1,1,82,18368,25,13,0,189,1446442,2267502,9579986,1
26,0,0,1,1,81,23903,3,8,1,860,3759646,1944745,3915574,0
52,1,0,0,0,90,19485,24,23,1,245,934283,1241773,18279465,1
100,0,0,1,1,47,8534,22,0,1,689,924341,1200986,40118489,0
47,0,0,1,1,52,13667,5,18,1,689,674711,1900583,23601283,0
6,1,0,1,1,86,24880,27,9,1,889,1653213,1488928,41968724,1
58,0,0,0,1,24,14548,8,17,0,555,1288484,653156,1248012,0
68,1,0,0,1,98,3752,10,18,1,744,2891370,1990273,22333981,1
10,0,0,1,1,39,10337,28,28,1,994,1880929,2382565,45029401,0
14,1,1,0,1,37,10594,11,20,1,863,2272239,124255,35484568,1
63,0,0,1,1,85,19004,17,5,0,145,4371521,2765033,28040594,0
2,1,1,1,1,80,5825,19,2,0,570,2148667,776443,18993013,1
68,1,1,1,0,6,24426,8,17,1,713,3875881,2596145,8383423,0
22,1,0,1,1,38,3878,23,20,0,532,3299080,800647,25341493,1
52,0,0,1,1,80,259,14,28,0,333,2475160,2097893,43907638,0
36,1,0,1,1,94,14664,16,19,1,566,421240,649826,39573688,0
8,0,1,1,1,36,24286,8,20,0,987,3401210,972797,7532858,0
14,0,0,0,1,25,14634,12,9,1,996,2441422,2791680,49589981,0
2,0,0,1,1,9,16694,25,19,0,124,4879356,2964794,8457237,0
92,1,0,1,1,32,21519,1,3,0,58,1005971,2973077,48657145,0
69,0,0,1,0,91,12846,16,30,1,772,4300926,2025375,13899613,0
16,1,0,1,1,52,11966,17,7,1,603,685540,148903,1193759,0
25,0,1,1,1,73,14603,25,15,1,72,2164373,931681,44294568,0
20,0,0,1,1,74,12915,26,21,1,448,1723038,2626810,21816379,0
71,1,1,1,1,87,4327,5,30,1,649,3676146,1526991,1442816,1
20,0,0,1,1,44,22850,1,1,1,725,2796088,1505017,11778858,0
10,1,0,0,1,10,4453,29,18,1,803,384118,941794,11984613,1
37,0,0,1,1,18,8892,0,14,1,381,1334245,2993557,44307013,0
71,0,0,1,1,71,22628,4,7,0,156,1960079,603957,37497671,0
87,0,0,1,0,15,24496,13,16,1,667,4393545,317116,32613082,0
34,0,0,0,1,43,3928,26,12,1,711,447702,1364338,2459508,0
13,0,0,1,1,45,17588,17,21,1,178,749812,1739357,17498810,0
13,0,0,1,1,28,16687,26,2,0,685,3854212,1932777,47073738,0
9,0,0,1,1,47,18633,3,24,1,482,568972,1002576,14192610,0
11,0,0,1,1,86,15918,26,9,1,270,3153238,2206028,33511138,0
37,0,0,1,1,99,19247,13,12,1,541,4060074,1596463,34022020,0
33,1,0,1,1,78,12112,14,10,1,110,3652828,25003,18241119,0
40,0,0,1,1,30,24616,26,0,0,316,4335639,2622718,14648429,0
9,1,0,1,1,33,21271,26,13,0,157,4255967,1350974,17249133,0
16,0,0,1,1,6,22017,23,1,1,57,4270967,134870,7255239,0
16,0,0,0,1,34,24584,25,21,1,246,1381455,470103,48665111,1
66,0,0,1,1,78,5227,26,11,1,889,2816836,2565857,25037060,0
61,0,0,0,1,80,4157,21,3,0,829,3569565,2784292,33796652,1
94,0,0,1,1,88,14820,7,11,1,213,3878623,285710,48917149,0
0,0,0,1,1,61,23904,20,25,0,700,1881821,2152835,12554753,1
11,1,0,1,1,63,19251,1,0,1,113,2489418,1831782,1255923,0
3,1,0,1,0,23,20839,16,9,1,322,402085,2463041,14024950,0
41,0,0,1,1,58,11792,27,3,1,51,615259,901470,9687963,0
12,1,0,0,1,74,13055,23,1,1,522,3502016,1299744,139485,1
97,0,0,1,1,27,21531,16,28,0,856,2573891,2871020,38653386,0
84,0,0,0,0,87,6383,25,24,1,603,4688478,498204,31284660,1
85,0,0,1,1,99,8915,24,22,1,51,3531489,54229,29010362,0
3,1,0,1,1,37,7733,19,21,1,243,3721036,1244819,15339903,1
81,1,0,0,1,70,17003,5,28,1,352,2221202,1223274,32451176,1
68,1,0,1,1,83,17898,5,29,0,493,3021562,2313603,9321495,1
18,0,0,1,1,15,10824,18,27,1,983,1411192,2601664,37198799,0
1,0,0,1,1,94,11433,0,24,1,688,232509,1472157,18745816,0
11,0,0,1,1,22,21925,5,12,1,57,1504185,2083893,36808887,0
80,0,1,0,1,69,6541,25,7,1,436,2978177,530152,9646937,0
73,0,0,1,1,36,22539,4,1,1,236,3320630,2733253,2547966,0
97,0,1,1,1,8,19333,3,2,1,740,3618724,1250698,44288573,0
5,0,0,0,1,90,160,24,29,0,313,1836420,189170,996578,1
7,0,0,0,1,40,10180,12,14,0,853,4253349,2832809,806763,0
50,0,0,1,1,97,13668,19,6,1,854,1287982,1716555,36258977,0
10,0,0,1,1,61,7595,16,9,0,727,2877241,2129027,19354455,1
62,0,0,1,1,37,22166,25,19,1,886,2941529,266776,43827704,0
56,0,0,1,1,18,1201,12,10,0,12,940210,25630,14690295,0
11,0,0,1,0,52,12925,21,21,0,461,3638111,578534,4206487,1
72,0,0,1,1,41,11196,15,24,0,802,120943,2403580,20211658,0
1,0,0,1,1,9,7187,12,22,1,473,4612581,2326684,25251635,0
7,0,0,1,1,54,5005,22,13,1,450,2351839,976970,7239279,0
10,0,0,1,1,65,3419,0,18,0,425,1184283,2037654,37183268,1
52,1,0,1,1,90,18284,24,13,0,509,3456610,2597725,12967954,1
99,0,0,1,1,73,120,9,21,1,694,1575716,1192210,27416935,0
9,0,0,1,1,42,22717,17,22,1,789,95310,1096673,11654528,0
84,0,0,1,1,50,17370,22,0,1,888,3301263,205308,17749262,0
83,1,0,1,1,19,9636,26,28,1,351,2389888,2267124,8767643,0
7,0,0,1,0,41,7953,23,6,1,402,3503925,2999297,27008715,0
35,0,0,1,1,31,20670,23,29,1,976,589385,2727021,12460779,0
92,0,0,1,1,5,10423,16,4,0,462,4938737,21286,46689560,0
75,0,0,0,1,33,2143,25,29,0,865,2802436,720922,16767331,0
13,0,0,0,1,76,14893,16,6,0,302,2253473,2914995,19005662,1
53,1,0,1,1,11,1716,9,29,1,775,337306,214243,39674579,0
84,1,1,1,0,33,18023,19,28,1,934,1284719,1169245,41862287,0
85,0,0,0,1,35,14252,1,12,1,788,153953,2962685,1571135,0
20,0,0,0,1,42,21436,9,30,0,900,4613976,2224182,26455061,0
49,0,0,0,1,12,23624,27,6,1,11,83468,1706380,42643151,0
93,0,0,1,1,99,16246,19,30,0,774,2334803,2072736,1635686,1
38,0,0,0,1,41,7757,5,21,0,359,4496532,1358812,11504759,0
19,0,0,1,1,63,20118,2,28,1,242,2056016,801564,13535390,0
87,0,0,1,1,83,12728,9,18,0,647,3604618,2129296,45851363,0
86,0,0,1,1,58,5775,27,24,1,45,4558289,1443967,28009642,0
6,0,0,1,1,62,12955,18,12,1,30,1156621,1083895,43981808,0
8,1,0,1,1,30,13695,26,15,1,362,1606057,2791561,101252,0
0,0,0,1,1,52,4274,16,20,1,983,1088611,1407425,4318665,0
25,1,0,0,1,15,4422,11,24,0,540,797493,678128,40814808,0
37,0,0,1,1,27,18845,20,14,1,358,3836867,1651696,36004183,0
37,0,0,0,0,38,16606,11,18,0,739,1576389,219267,41619933,0
60,0,0,1,1,37,12265,30,29,0,568,2719955,552638,41222,0
43,0,0,1,1,85,13889,22,6,1,129,4636663,1003258,38573456,0
85,0,0,1,1,6,17027,27,4,0,344,460057,1074330,38600979,0
43,1,0,1,1,65,6027,26,13,1,316,600459,260872,8609226,0
73,1,0,0,1,8,7923,5,29,1,432,3006998,2343619,42613473,0
61,0,0,1,1,16,11211,11,22,0,28,2554210,1550323,34995949,0
5,0,1,1,0,33,9586,19,15,0,183,257188,2132590,40945464,1
16,0,0,0,1,46,2180,5,23,1,610,1733945,2132988,20468585,0
50,0,0,1,1,87,17439,2,10,1,337,4273326,2303760,42977978,0
37,0,0,1,1,61,19683,2,23,0,88,1005810,271110,32850077,0
23,0,0,1,1,54,18994,22,20,1,799,342677,2917093,31078572,0
50,0,0,1,1,70,17270,8,10,1,916,605915,2364437,37191682,0
9,0,0,1,1,11,403,0,29,1,443,2537638,1936007,17591564,0
71,0,0,1,1,61,14256,3,11,0,541,1441138,2679677,30102488,0
20,0,0,1,1,50,23094,11,20,1,796,3335759,861700,11268660,0
69,0,1,1,1,26,14606,29,12,1,846,3543560,2180071,6514955,0
84,1,0,0,0,15,18965,25,7,1,426,1879649,322817,11125633,1
56,0,0,0,1,37,1778,4,29,1,704,63475,1839916,15478537,0
38,1,0,1,1,58,242,17,5,1,892,3538283,1447077,24620965,0
87,1,0,1,0,24,12585,15,21,0,666,1708186,2892059,35371912,0
32,1,1,1,0,9,3579,9,1,1,489,3495483,260928,11206195,0
58,1,0,1,1,72,15281,11,22,0,896,2826788,2260313,22850542,1
17,0,1,1,1,18,5915,10,9,1,236,3480594,628321,8005065,0
55,1,0,0,1,7,17225,18,22,0,11,4434665,1507693,16240588,1
91,0,0,0,0,86,8288,4,21,1,656,217135,674315,5042326,1
56,0,0,1,1,62,7050,23,29,0,420,3390912,2936491,27527530,1
95,1,0,1,1,31,23230,2,29,0,285,2805223,1171348,33106811,0
75,1,0,1,1,8,10419,27,26,0,347,586724,446245,47468473,0
47,1,0,0,1,71,21742,29,1,1,797,2488826,887744,41865713,1
41,1,0,0,1,68,7771,18,10,1,924,3836841,2767734,14279464,0
26,1,1,1,1,95,16231,5,28,1,608,2569075,1273336,7329416,0
73,0,0,1,1,96,9436,23,4,1,411,3729438,118827,48240187,0
51,1,0,1,1,90,5669,16,5,0,267,2707600,2582939,3789587,0
41,0,0,1,1,46,24607,22,15,1,685,3189449,1185875,11836241,0
31,1,1,1,1,33,3887,12,27,0,200,2749005,2846496,938126,1
25,1,0,1,1,84,12329,6,19,1,952,1364134,837371,28650781,0
24,1,0,1,1,39,19776,18,9,0,689,4401659,1964341,30283411,0
74,0,0,1,1,23,354,18,13,0,821,3544821,2955150,21128754,0
22,0,0,1,1,98,22393,24,5,1,363,923439,900784,47660124,0
97,0,0,1,1,83,1170,30,4,1,324,1652828,2349096,24949769,0
56,1,0,1,1,73,493,25,26,0,436,1947558,782479,18148234,1
51,0,1,1,1,35,20411,11,9,0,121,309740,1460432,29073900,0
86,0,0,0,1,47,15881,10,11,0,204,1062715,610531,40916353,0
92,0,0,1,1,99,1838,30,24,1,672,4269082,2194611,42128305,0
30,1,0,1,1,77,6730,29,26,0,187,2606764,1601655,48031657,1
63,1,0,1,1,81,16709,16,21,1,716,4482527,1931110,35411450,0
70,1,0,1,1,25,21256,16,16,1,755,576214,2169802,41568327,0
32,0,1,1,1,99,13222,17,25,0,704,1951959,1491724,11845843,1
84,0,1,1,1,69,10078,14,15,1,824,404496,2356738,11488907,0
1,0,1,0,1,81,13384,5,9,1,956,250277,2845377,5627911,1
17,0,1,1,1,38,2339,29,16,1,921,4696958,19505,46539613,1
46,1,0,0,1,65,9815,7,1,1,728,1564734,933138,3026066,0
32,0,0,1,1,40,4480,10,1,1,84,4609912,2747495,31165670,0
100,0,0,1,1,84,13584,25,28,1,306,2704098,753918,10339223,0
97,0,0,1,1,78,14284,12,13,1,234,4977040,596676,37829307,0
83,0,0,0,1,45,2110,16,26,0,7,1380602,1096499,8885469,1
34,1,0,0,0,38,818,27,3,0,864,2651652,1719850,575892,1
50,0,0,0,1,29,4621,16,29,1,627,3555425,254768,29163237,0
17,1,0,1,1,61,18732,17,28,1,518,2361451,1592926,35329819,1
87,0,1,1,0,69,8196,27,25,0,211,241841,1414202,18007548,1
71,0,0,1,1,80,5034,15,11,1,564,3757685,751274,37793645,0
29,0,0,1,1,26,20974,22,1,0,658,698769,2421641,26388259,0
43,0,0,1,1,64,1906,15,13,1,780,1281183,2702412,7674002,0
52,1,0,1,1,58,7611,3,23,0,747,2593738,2682554,273456,0
9,0,0,1,1,26,19094,16,23,0,623,2256875,2884939,21076733,0
86,0,1,1,1,65,7292,7,26,0,677,595693,60855,42924449,0
51,0,1,1,1,70,1148,19,17,1,266,1629526,622074,2509146,0
48,0,1,0,1,49,15120,6,24,1,855,1955518,693907,34847593,0
10,1,0,1,1,76,16517,26,24,1,978,2396384,2752049,7432708,1
65,0,0,1,0,73,15664,7,8,0,21,3914406,1706887,766240,0
57,0,0,1,1,68,18020,0,24,1,950,2474317,838801,44080283,0
89,1,0,1,1,14,1594,1,27,1,886,3015878,1470823,47115125,0
35,0,0,1,0,71,19852,12,29,0,653,2685557,168354,48240600,0
32,0,0,0,1,15,20762,1,22,0,962,828952,2891189,19172704,0
46,0,0,1,1,98,21154,26,24,1,254,4286103,2962488,46615926,0
12,0,0,1,1,32,1415,4,23,1,578,3343140,125952,34961633,0
39,0,0,1,1,9,11495,4,25,1,658,415358,1466682,14407689,0
88,0,0,1,1,16,1254,5,7,0,803,1738420,309913,18965895,0
67,1,1,1,1,48,5902,17,30,1,880,999072,2140212,35268330,0
41,0,0,1,0,97,16592,15,6,1,98,4018301,2709070,35619498,0
18,1,1,1,1,94,12284,30,12,1,233,1194594,336929,18735480,1
81,0,0,0,1,97,18524,23,1,1,458,1586809,1680695,29345677,0
100,0,0,1,1,33,15274,16,1,1,101,4284898,2330112,11957534,0
93,0,0,1,1,82,5632,8,15,1,928,3889250,2217376,33061435,0
18,0,0,1,1,40,17724,20,15,0,793,1065522,2779834,14602228,0
57,1,0,1,1,39,19738,25,23,0,152,3600911,1278334,36292564,0
22,0,0,1,1,12,22151,7,17,1,981,2788051,729205,4116088,0
53,0,1,0,1,20,9184,7,1,1,493,1600597,635583,17821248,0
79,0,0,0,1,47,3142,1,28,1,807,1733774,2816310,3066958,0
64,0,0,1,1,73,20836,8,6,0,828,4991846,1279435,42234868,0
11,1,0,1,1,20,22568,5,6,1,738,1032984,300734,13871154,0
23,1,0,0,1,60,19992,18,16,1,538,476096,1053608,24784324,0
33,0,0,0,1,45,13681,0,26,1,767,918849,2849064,33673195,0
52,1,0,1,0,81,17738,24,22,0,810,4105683,1398144,4355857,1
7,1,0,1,1,12,14621,18,11,0,807,1321782,2360577,21779699,0
17,0,0,0,1,58,4850,0,12,1,581,958724,1404543,44267459,0
56,0,0,1,1,94,21322,20,4,1,838,4173347,1090959,27216513,0
4,0,0,1,1,9,22313,23,14,0,864,2404065,1592963,9401090,0
25,0,0,1,1,13,19705,12,20,0,297,2936877,534920,24252362,0
29,0,0,0,0,70,5279,28,27,1,672,3223003,2381972,29117586,1
53,0,0,1,1,75,438,29,1,1,520,916779,394561,40445975,0
12,0,0,1,1,34,18692,6,5,1,18,977451,116385,36262711,0
82,0,0,1,1,85,6164,20,3,1,698,441746,511823,19515181,0
28,1,0,0,1,99,2474,29,22,1,886,1306193,2572803,15098139,1
2,0,0,1,1,69,16970,12,12,1,641,4615436,2818335,41077696,0
89,0,0,0,1,96,11464,17,1,0,664,95385,2856456,27576707,0
57,1,0,0,1,34,8751,1,23,1,175,450051,1842027,18880374,0
75,0,0,1,1,51,13064,2,4,1,849,4854314,200847,34197536,0
1,0,0,1,0,99,20946,5,7,1,575,1282723,105925,12943953,0
74,1,0,1,1,92,9494,27,15,1,914,1669880,2878070,40078068,0
27,1,0,0,1,35,21433,12,6,1,404,186021,224226,25219878,0
81,0,0,1,1,64,15870,19,2,1,26,4330048,651105,43935158,0
76,0,0,1,1,79,10493,30,24,1,114,3765782,456827,36853646,0
100,1,0,1,1,84,4385,27,8,0,222,3470168,1852878,15413290,0
85,0,0,1,1,13,19613,30,12,1,101,1534648,1830265,27379490,0
75,0,0,1,0,98,24116,28,1,1,347,4959186,2456742,18701243,0
1,0,0,1,1,80,9334,8,18,1,423,1605942,1937700,29343791,0
100,0,0,1,1,58,10698,2,10,1,23,2425013,1008301,10271280,0
6,0,0,0,1,65,11205,21,29,1,346,4781464,1103245,25977786,1
25,1,0,1,1,68,20588,30,25,0,5,1197694,1633753,16103436,1
89,1,0,1,1,84,9780,14,9,0,14,3035639,190994,2471415,0
87,1,0,0,1,10,861,3,10,1,99,611354,1091744,44566054,0
75,0,0,1,1,49,4732,16,16,0,256,2100535,654947,21315869,0
15,0,0,1,1,69,8775,16,16,1,629,2805801,1619626,36736991,0
22,1,0,0,1,81,21115,12,2,1,736,1212805,688044,30195400,0
39,0,0,0,0,41,6917,26,11,1,429,1382985,1718276,10984049,0
59,0,0,1,0,94,20387,30,2,0,452,599651,2553627,38079432,1
72,1,0,0,1,77,12326,28,4,0,534,3445154,431929,49574967,1
31,0,0,1,1,21,12466,10,5,0,113,3235940,559792,23207483,0
14,0,0,1,1,29,17944,28,19,0,545,1953282,1649429,44719715,0
100,1,0,0,1,54,9070,7,9,0,781,342155,963393,40419963,0
12,1,1,1,1,75,7708,2,10,1,328,329373,1633548,2065273,1
4,0,1,1,1,35,21377,17,22,1,614,3481355,505929,49609715,0
74,1,0,1,1,36,6610,0,18,1,430,2770468,447374,47688579,0
73,0,1,1,1,52,15858,7,19,0,201,2159784,265621,37757252,0
51,0,0,1,0,87,6596,29,10,0,954,1488233,108510,31179052,1
76,1,0,1,1,21,9562,8,20,0,108,1699766,2414205,23038986,0
40,1,0,1,1,65,15977,16,7,1,412,3010862,791109,29706052,0
52,0,0,1,1,61,22936,7,8,1,129,3687018,19232,47593880,0
49,0,0,1,1,61,22723,10,2,0,143,2956910,621076,10518334,0
14,0,1,1,1,74,3646,0,0,1,903,3032980,49597,49543810,0
6,0,0,1,0,93,10547,25,1,1,401,554072,1937617,13372256,0
39,0,0,0,1,37,20389,1,1,1,460,187554,399209,46107841,0
27,0,0,1,0,23,9680,14,2,1,311,4968662,1962313,21526614,0
31,0,1,1,1,19,18407,27,17,1,959,2574467,246006,9895967,0
98,0,1,1,1,39,11350,16,26,0,119,1728170,555813,31735945,0
14,0,0,1,1,53,6795,28,16,0,221,4682339,461313,3268129,1
99,1,1,1,0,40,17051,14,11,0,824,1976855,822525,23941302,0
84,0,0,1,0,58,254,28,26,0,14,1067736,1172700,42303197,0
69,0,1,1,1,40,5123,28,5,0,589,1964799,938226,31758689,0
64,1,0,1,1,57,20158,29,6,1,117,2779983,71365,33990039,0
3,0,0,1,1,64,24721,17,27,1,56,1883813,1744334,32746880,0
10,0,0,1,1,78,13458,11,16,1,928,436013,2933808,41892168,0
25,0,0,1,1,48,8406,13,8,1,746,1869643,470593,1653352,0
60,0,0,0,1,37,9085,11,22,1,125,4465203,381978,26644771,0
36,0,0,0,0,48,3742,1,11,1,885,774432,660275,9696840,0
22,1,0,1,1,59,22373,27,13,1,25,715059,1436506,11382404,0
92,0,1,0,1,78,21045,20,10,1,603,1926185,2993162,30399120,1
84,0,0,1,1,48,8016,28,3,1,408,994233,2102925,40789885,0
90,0,0,1,1,55,22786,25,18,1,909,1758995,2187950,11649255,0
39,0,0,1,0,90,14983,28,5,1,93,3276800,2818809,7544988,0
76,1,1,1,1,55,9184,15,18,1,158,4077586,1686925,19804506,0
22,0,0,1,0,91,10646,18,15,1,219,1911341,2148895,34830659,0
15,0,1,1,0,11,14390,30,15,0,519,628645,1579121,243829,1
93,0,1,0,0,89,24557,28,3,1,141,837970,2391064,2773360,1
60,0,0,0,1,5,5291,0,24,0,647,1076352,2688682,38868239,0
67,1,0,0,1,17,17614,25,4,0,611,3661132,1539923,32210221,1
79,0,0,0,1,77,2616,1,9,0,710,397661,2777600,26698761,0
30,1,1,0,1,52,9227,11,4,1,534,2430675,2391766,48661757,0
52,0,0,1,1,88,3293,3,8,0,827,2973807,1298132,5426038,0
24,1,0,1,1,51,24288,6,17,1,398,165891,796378,26277925,0
43,1,0,1,1,51,1326,27,22,1,533,224046,1855990,47076493,0
11,0,0,1,1,14,3161,16,22,0,530,4201319,2815569,17589593,0
89,0,0,1,1,30,128,4,5,1,48,509638,1244511,38614645,0
100,0,0,0,1,54,4703,1,13,0,93,4225157,2413305,28980062,0
96,0,0,0,1,51,14913,12,19,1,26,1046756,522127,46449721,0
91,0,0,1,1,48,6728,27,22,1,39,2747028,1781807,8915108,0
8,0,1,1,1,5,12305,7,28,0,165,1609634,2780252,46326484,0
11,1,1,0,1,67,1918,17,15,1,702,1097680,2686429,16408866,1
68,0,1,1,1,21,20479,3,2,1,448,4418122,2598404,9695645,0
53,1,0,1,1,21,6388,5,24,1,882,760991,496753,5991710,0
53,1,0,0,1,43,436,8,0,0,493,1763947,1050485,25111010,0
27,1,0,0,1,47,10851,9,5,1,446,4071702,1425973,26611170,0
55,0,1,1,0,80,5745,3,0,0,484,2776208,1524245,10850372,1
98,0,1,0,1,45,15257,3,5,0,668,2464910,453676,48808518,0
68,0,0,1,1,19,15198,6,20,0,907,2766947,2278734,39182862,0
97,0,0,1,0,5,5891,13,26,1,401,2797357,2918606,14823206,0
97,0,0,1,1,62,649,11,4,0,780,3925506,2303786,20516257,0
76,1,0,1,1,58,9405,14,26,1,540,4243539,1623108,2448999,0
57,0,1,1,1,79,12902,16,25,1,216,2855194,2214788,44472534,0
77,0,0,0,1,9,3775,20,11,1,31,791242,511818,31409151,0
74,1,1,1,1,66,14557,20,5,1,997,312295,178030,2116603,1
41,0,0,1,1,86,2773,12,7,1,952,3059318,1620829,33525692,0
37,0,0,1,1,86,6702,0,24,1,497,974470,635300,18819862,0
67,1,0,1,1,91,24012,21,18,1,256,1694803,2939438,19182036,0
52,0,0,0,1,75,155,12,4,0,184,3689358,2137514,46971000,0
32,0,0,1,1,50,19524,15,29,1,413,4197695,2420997,42683879,0
70,0,0,1,1,94,14986,12,14,0,901,3963533,2012395,41249635,0
55,1,0,1,1,69,23964,8,13,0,631,307177,2269603,23080932,0
71,0,0,0,1,32,22166,22,15,0,803,2673622,487616,3352227,0
100,0,0,1,1,88,15860,17,5,1,893,3950817,583133,12539353,0
50,0,0,1,1,45,9258,15,28,1,141,4703639,2216006,14878856,0
73,0,0,0,1,27,7143,19,16,0,371,1308446,1611051,14773478,1
42,0,0,1,1,36,15903,11,16,1,429,3439534,1521111,15537213,0
14,0,0,1,1,62,1467,7,15,1,585,784958,2746001,45210417,0
37,0,0,0,0,43,21884,0,0,1,415,3948004,625910,35563870,0
14,0,0,1,1,86,11990,12,17,1,471,304196,318754,46179988,0
4,0,0,0,1,37,18001,21,3,0,891,4796565,2608446,36417048,0
92,0,1,1,1,62,17467,18,21,1,656,1472775,1132427,6435946,0
82,0,0,1,1,93,10571,12,2,1,950,3251988,2100446,31389065,0
53,0,0,1,1,36,1532,2,24,1,980,4971544,1041549,4389067,0
50,0,0,0,0,54,545,27,2,1,245,4042995,74339,37615147,0
9,1,0,0,1,55,22606,29,12,0,559,803422,807567,3031064,1
11,1,0,1,0,96,19473,0,19,0,136,3111133,239121,9039880,1
3,0,0,1,1,81,15261,13,3,1,688,4849838,1577228,22119859,0
94,0,0,1,1,23,770,23,10,1,721,2287375,1315570,9533464,0
17,0,0,1,0,7,13420,20,30,1,192,1149039,1763828,20421934,0
79,0,0,1,1,95,16203,0,20,0,306,3102173,332183,33129978,0
35,0,1,0,1,21,15055,28,4,1,147,3273484,104359,11100220,0
24,0,0,0,1,47,15172,4,1,1,43,1718192,1716197,28968134,0
86,0,0,0,0,33,24793,29,5,1,997,3623926,745962,6620381,0
75,0,1,1,1,48,8109,4,24,1,365,3672832,281881,38127134,0
97,0,0,0,1,56,13195,10,4,1,603,1739943,635567,10717700,0
35,1,0,0,1,32,3273,24,0,1,335,3182963,59873,21899521,0
100,0,1,1,1,88,2007,27,24,1,600,3360298,1237096,13425848,1
66,0,0,1,1,38,20399,25,22,0,709,3802290,1175293,19464526,0
8,1,0,1,1,84,35,18,30,1,181,3001584,2711853,24603014,1
60,1,1,1,1,58,8708,11,22,0,175,2523132,104951,29446921,0
52,1,1,0,1,6,17254,24,10,0,806,2906503,67242,14124413,1
17,0,0,1,1,96,20867,7,5,1,57,2993741,1360763,19137672,0
42,0,0,0,0,21,7693,9,16,1,265,3120723,572249,42512111,0
34,1,0,1,1,88,11229,17,10,1,857,2423031,1008228,20275587,0
62,0,0,0,1,22,8161,8,6,1,655,493891,2552487,39793615,0
97,1,0,0,1,32,20554,10,15,1,748,1287614,1561677,145672,0
77,0,0,1,1,32,3991,29,19,0,539,2793070,523211,31391691,0
3,0,1,0,1,56,2860,29,4,0,443,562426,980327,26105927,1
92,1,0,1,1,20,16990,30,6,1,173,1679126,1040538,27520086,0
40,0,1,1,1,37,18413,4,2,1,6,3843036,2021790,16480925,0
44,0,0,1,0,89,12093,23,1,1,551,4937436,2067293,22551499,0
49,0,0,1,1,9,6432,12,26,0,16,1070429,2912540,18973676,0
78,0,0,0,0,49,12663,12,0,1,768,3746777,121632,39901879,0
27,0,0,1,0,41,22301,23,7,0,819,3682816,1747343,3333667,0
41,0,0,1,1,86,22371,3,23,1,797,1554628,244768,28812918,0
79,0,1,0,1,56,12068,16,6,0,225,4778619,250532,853570,0
75,1,0,1,1,68,178,26,9,1,82,3912332,1705266,1726100,1
68,0,0,1,1,66,14765,13,13,1,868,2917585,2503344,38382817,0
97,1,0,1,0,9,1933,8,8,0,257,2774541,401077,15219137,0
0,0,0,1,1,15,13173,21,25,1,141,3267301,135290,46279638,0
38,0,0,1,1,90,15877,1,10,1,902,4377675,2785305,15024331,0
95,0,1,1,1,91,6516,3,0,0,532,1588813,466130,48180325,0
89,0,0,1,1,94,7664,10,18,1,102,4137340,2577565,12248746,0
16,1,0,1,1,95,22621,9,20,1,866,3991591,1920317,14744483,1
90,1,1,1,1,7,19703,4,13,1,82,589371,2257685,2421909,0
87,0,0,0,1,55,7635,15,17,1,638,4280144,884012,25315215,0
34,0,0,1,0,64,24267,5,22,1,967,3837462,646514,22529943,0
45,1,0,0,1,70,4086,4,11,1,549,1207192,498774,42714078,0
41,1,0,0,1,61,6994,12,21,0,502,3239756,224607,3056421,1
38,1,0,0,1,21,14683,8,27,0,464,1876549,1188629,32653106,0
89,0,0,1,1,7,5127,9,26,1,462,4225513,1130548,23726137,0
48,1,0,0,1,7,17267,26,9,0,974,939953,1329176,40681948,0
61,0,0,0,0,44,15207,1,17,1,388,3781872,698884,4814315,0
37,0,0,1,1,84,20236,14,23,1,654,1363965,2933210,46275107,0
22,0,0,1,1,80,5833,26,2,0,65,2040861,1716982,22565740,0
21,0,1,1,1,67,191,11,3,1,312,4129435,2080020,3474004,0
3,1,1,1,1,55,24592,11,29,1,929,3245073,2629783,39762578,0
48,1,0,1,1,5,4770,2,20,1,200,1282201,926240,8242474,0
58,1,0,1,1,55,417,25,21,0,347,4569882,238536,29132884,0
72,0,0,1,1,8,13620,14,27,0,737,1612728,291277,49365260,0
67,0,0,0,0,85,22799,26,8,1,762,3724105,1194686,28434567,1
70,0,1,1,1,87,9816,18,11,1,378,739283,966080,33457355,0
86,0,0,1,1,8,13873,12,8,1,350,923150,1050616,46245411,0
1,1,0,1,1,51,10724,2,8,1,404,4488806,2045250,44012827,0
48,0,0,1,1,43,7366,12,15,1,390,4299296,2462276,32730112,0
87,0,0,1,1,88,24452,30,23,1,897,4100113,1943382,42987718,0
94,0,0,0,1,53,16131,21,4,0,521,3126009,2131466,4096623,0
30,1,0,1,1,61,17219,23,4,1,55,4982337,2124086,42546433,0
39,0,0,1,0,43,22134,4,13,1,32,2593335,2362349,49563050,0
47,0,0,1,1,72,15879,10,19,0,865,4151204,460292,37134402,0
50,1,0,0,1,21,16489,21,13,1,762,2474773,1868942,45491415,0
42,0,0,0,1,19,11541,16,14,1,530,4777101,1518135,45012982,0
97,1,0,1,1,32,10997,25,15,1,805,4839954,244200,3632916,0
54,0,0,1,1,20,10642,18,6,1,191,4192409,2984337,36089225,0
87,0,0,0,1,10,8600,19,10,0,787,2062256,1744738,27103484,0
48,1,1,0,1,96,1271,26,3,1,353,3616493,1243619,4877128,1
89,0,0,1,0,36,6033,22,30,1,133,2845105,1787364,27702128,0
79,0,0,1,1,85,7710,26,4,0,312,1004478,422727,2738723,0
56,0,0,1,1,29,7990,11,13,1,140,4889460,799137,27036149,0
76,0,0,1,1,43,8930,28,8,1,449,2257520,2550998,12000947,0
14,0,1,1,1,21,21484,4,22,0,198,1955896,308216,42191121,0
26,0,0,1,1,50,1666,16,8,1,209,2986055,2671218,48325761,0
67,1,0,1,0,83,21863,18,23,0,392,4503710,2376853,43782468,1
79,1,1,1,1,57,5480,10,10,0,645,1700467,1948312,47301838,0
63,0,0,0,0,55,12047,1,27,1,483,2301722,679134,29892379,0
93,0,0,0,1,22,8968,5,18,1,796,3514598,28159,14809521,0
29,0,0,1,1,24,21524,20,18,1,463,2018563,891124,8099192,0
35,0,0,0,1,91,12211,2,11,1,828,2301159,383911,8132529,0
66,0,0,1,1,9,5251,14,14,1,92,3648367,1775068,6397467,0
85,0,0,1,1,66,10436,17,1,0,344,775042,1891213,1720853,0
85,0,1,1,0,16,391,16,11,1,90,439076,1828433,3300532,0
48,0,1,0,0,85,304,14,2,1,72,1364259,1487005,13848543,1
75,0,0,0,1,34,14268,1,29,0,355,1755557,1967497,22601210,0
54,1,0,0,1,87,64,4,25,0,80,4322659,540211,33084607,1
84,1,0,1,1,20,22357,4,14,0,583,2126105,791313,1428862,0
55,0,0,0,0,6,5556,8,13,1,529,2277141,809378,26588215,0
67,1,0,0,1,80,16473,5,18,1,563,1267862,955023,11038126,1
94,0,1,1,1,7,9714,18,2,0,439,1596888,2702987,16714301,0
43,1,0,0,1,12,12004,9,14,1,99,2587504,2019438,27092583,0
30,0,0,1,1,41,15641,26,10,0,320,1467841,481275,17581418,0
57,1,0,0,1,57,15630,18,21,0,927,3035367,550592,35405195,1
86,0,0,1,1,59,5380,18,8,1,699,4301491,2230754,8638132,0
52,0,0,1,0,92,2353,15,27,1,583,227386,1296961,45213811,0
83,0,0,0,1,53,12245,11,28,1,563,788023,1200241,6009504,0
78,0,0,1,1,93,3916,23,6,1,835,4905639,923067,49076987,0
22,0,0,1,1,63,4844,8,6,1,18,2708108,1403044,30455021,0
27,0,0,1,1,64,17292,2,6,0,629,4102876,1180982,18920275,0
15,1,0,0,0,93,11526,16,16,0,667,1206406,2414531,2646858,1
36,0,1,1,1,82,4008,29,3,1,209,3561188,404563,30291937,0
20,0,0,0,1,50,1522,26,24,1,160,4898237,488908,49372727,0
78,0,0,0,1,67,1830,23,3,1,75,1999167,1285943,16255402,0
16,1,0,1,1,83,23687,9,6,1,716,3147409,2886114,44223240,0
36,1,0,1,1,36,2825,17,1,0,686,2237492,2677275,22193653,0
76,1,1,1,1,70,2031,6,21,1,676,150182,1122356,3512567,0
18,0,0,1,1,89,3260,6,4,1,76,3401497,1917352,45133723,0
29,0,1,1,1,8,21593,8,9,1,652,3723582,1732637,136107,0
44,0,0,1,0,33,20586,15,17,1,315,3821175,669065,38916979,0
17,0,0,1,1,53,13011,23,27,1,212,763748,468097,12572672,0
77,0,0,1,1,97,16423,10,26,1,682,1800382,1469142,10922268,0
61,0,0,0,1,27,1003,8,13,0,323,3764650,2963213,7273697,0
35,0,0,1,0,7,13765,0,30,1,287,39329,654881,9555194,0
99,0,1,0,0,58,22188,11,2,1,261,3997398,560813,41064504,0
83,0,0,1,1,25,1296,2,2,0,596,3592166,2198779,41800751,0
51,1,0,1,1,84,21579,19,18,0,744,1203165,1309806,31245861,1
18,0,0,1,1,48,23273,18,29,1,363,2947808,2631124,26655101,0
43,1,0,1,0,24,12005,7,20,1,687,4401793,2384982,42640520,0
6,0,0,0,1,61,21342,6,25,0,248,731587,94276,34657394,1
43,0,0,1,0,73,22298,4,24,1,682,309064,1663865,13503839,0
67,0,0,1,1,94,7447,4,12,1,769,4955194,1567161,39837761,0
33,1,0,1,1,75,15418,19,6,1,184,3323887,41730,8392466,0
65,0,0,1,1,56,9259,4,5,1,139,1058627,2465035,19761421,0
68,1,0,1,0,84,10489,11,19,1,749,48639,2273609,48610301,1
54,0,0,1,1,21,1950,20,12,1,169,2887868,1970364,30885029,0
9,0,1,1,1,70,6841,19,4,1,804,3842580,1815487,3242698,0
95,0,1,1,0,16,18755,4,5,1,635,2751139,2392619,44249454,0
41,0,0,1,1,62,5584,22,11,0,287,3952113,1345383,33004575,0
40,1,0,0,1,81,166,24,7,1,319,3516255,289118,22652471,1
76,0,0,1,1,9,19346,6,24,1,88,2727202,1769451,4014279,0
68,0,0,1,1,84,17624,0,17,0,959,1985188,1466875,20678087,0
9,1,1,1,1,96,23973,24,23,1,508,3612702,2034060,18605645,1
9,1,0,1,1,76,1199,18,14,1,399,2737244,154651,38445438,0
90,0,1,1,1,60,14104,1,7,1,825,4815644,1280212,965460,0
59,1,0,1,1,96,7704,11,12,1,386,4817010,2111487,20343722,0
50,0,0,1,1,50,20994,9,6,1,285,2748340,865925,5242430,0
20,1,0,1,0,76,553,24,15,1,827,2012833,1009352,43100383,1
7,0,0,0,1,97,17969,27,19,1,297,4865764,2677714,33693267,1
64,0,0,0,1,22,14948,27,27,1,854,576582,1641319,20749158,0
91,0,0,1,0,48,22283,15,24,1,41,4007412,572917,4306685,0
77,0,0,1,1,47,22258,10,22,1,251,2268995,2784645,14578521,0
84,0,0,1,0,84,13343,17,4,1,139,2070602,2775011,33415546,0
29,0,0,0,1,94,14769,29,19,1,248,217945,2232063,44213750,1
84,0,0,0,1,90,24877,30,21,1,607,452327,615761,24090487,0
48,1,0,1,1,83,17827,25,14,0,382,2665894,456201,10562250,1
8,0,1,1,0,81,17006,28,21,1,980,3116026,12757,18057034,1
16,0,1,0,1,26,19034,11,24,0,875,3292814,1826048,45471582,1
68,0,0,0,1,64,23682,8,22,0,935,4992494,1902855,7466919,1
57,1,0,1,1,89,7688,20,14,1,719,4166021,2323086,23528133,0
56,0,0,1,0,67,10896,21,0,0,99,3461684,1238121,24402802,1
61,0,0,1,1,28,14730,6,3,0,465,4529736,245569,12552092,0
94,0,0,1,1,69,8932,6,19,1,132,3199177,35991,6986397,0
51,0,0,1,1,33,6387,12,20,0,756,3603211,2826961,27634389,0
60,0,0,1,1,5,24803,19,20,0,31,2635851,142577,35758915,0
39,0,0,0,1,5,9687,12,25,1,733,525311,2535892,1197935,0
37,0,0,0,1,77,7516,19,3,1,798,1508391,195389,3196900,0
42,0,0,0,1,25,12050,27,14,1,445,103026,2519741,36689444,0
62,0,0,1,1,82,18164,4,2,0,453,4351912,943632,41761709,0
18,0,0,1,1,32,13892,24,5,1,605,864013,698453,36346341,0
99,0,0,1,0,22,22090,13,26,1,532,4907888,2848237,8601738,0
49,1,0,1,1,56,24831,15,13,0,457,329361,809962,14206014,0
32,1,0,1,1,70,14494,12,1,1,245,4629243,2619761,30906833,0
12,0,0,1,1,92,13191,25,27,0,869,4528106,2805216,44496624,1
77,0,0,1,1,66,413,11,24,1,270,2114186,2849661,17379856,0
96,0,0,1,1,23,12800,0,21,0,504,2878778,865549,31457127,0
61,0,0,1,1,6,22506,7,30,0,119,2832246,586404,3082276,0
92,0,0,1,1,74,12681,7,26,1,44,4966009,1426658,46869451,0
42,0,0,1,1,59,2090,22,20,1,530,2302660,2016841,13652363,0
48,1,1,0,0,83,9650,21,15,0,945,3364130,1834317,34972607,1
35,1,0,1,1,61,10906,26,2,0,209,1394466,2534550,40871769,1
9,0,0,1,1,15,12161,14,19,1,593,848120,1394594,15992731,0
94,0,1,1,1,20,24854,2,5,0,442,2147058,1725016,39405798,0
5,1,1,0,1,89,6452,28,2,1,765,3965801,479079,41897859,1
56,1,0,1,1,66,8314,30,25,0,838,402289,2351805,19918555,1
0,1,0,0,1,31,20306,26,22,1,277,4113494,2055310,8402655,1
70,0,0,1,1,26,22017,7,14,0,761,2003009,2733713,34711750,0
57,0,0,1,1,7,5111,22,4,1,694,1589526,2686833,1466386,0
90,0,0,0,1,7,9546,23,25,1,810,3526869,762063,20505733,0
20,0,1,1,1,25,15264,17,0,1,266,3949226,1575601,16093521,0
91,0,0,1,1,47,11313,23,24,1,364,4742797,2146788,268813,0
79,0,0,1,1,74,15019,28,24,1,348,2943002,1927286,23398654,0
55,1,0,1,1,93,24109,6,16,1,613,1602403,1035686,48820056,0
86,1,1,1,1,41,215,28,19,1,813,2853712,43095,27050020,0
19,0,0,1,0,98,1919,21,11,1,183,1753270,2556705,23444660,0
53,1,0,1,1,60,9182,24,19,1,533,3869660,57415,18208272,0
24,0,0,0,1,43,9460,11,9,1,961,1138161,2583729,32270729,0
27,1,0,1,1,24,19038,14,23,0,297,1876320,2727991,25956432,0
4,0,0,1,1,69,15461,7,1,1,580,1182854,1162399,14241878,0
20,0,0,1,1,39,9961,28,22,1,741,2093428,2600475,29456052,0
17,0,0,1,1,47,11687,15,7,1,749,3287819,1015325,7570231,0
46,0,0,1,1,94,16433,4,18,1,511,116414,1842319,18584654,0
69,0,0,1,1,25,6549,4,28,0,948,4504499,839392,13693659,0
56,0,0,0,1,14,3686,8,15,0,112,920596,2897849,20874922,0
92,1,1,1,1,49,3978,12,25,1,646,615424,452925,45188605,0
18,0,0,1,1,97,11747,29,18,1,25,775511,1973779,10414275,1
96,0,0,1,1,7,24345,14,8,1,65,948607,2865097,38039852,0
64,0,0,1,1,47,3069,7,7,0,740,1218,798074,26753597,0
2,0,0,0,1,56,2363,11,16,0,254,718792,2883862,38576977,0
41,0,0,1,1,45,9971,19,14,1,234,4701572,745444,29478114,0
20,1,0,1,1,45,23392,28,1,1,931,4491332,2084029,19296976,0
98,0,0,0,1,81,17401,8,3,0,259,3740948,2051442,32168235,0
39,0,0,0,1,13,4037,26,30,1,108,1927845,1860374,26186749,0
66,0,0,1,1,50,7310,14,26,0,808,2413842,1996719,12717518,0
24,0,1,0,1,20,3998,14,5,0,64,3525198,1171896,810657,0
54,0,0,1,1,51,10826,30,14,1,216,1100288,2349768,17515559,0
83,1,0,1,1,32,1627,12,12,0,599,2374409,2366836,6480578,0
51,0,0,1,1,32,24734,14,2,0,90,1217653,2927660,49518892,0
43,0,0,1,1,79,18512,21,19,0,453,3005271,1044196,8633890,0
97,1,0,1,1,98,2378,4,15,0,546,2442113,613172,35888898,1
84,0,1,1,1,15,12064,9,13,1,245,1231353,1230007,13085102,0
55,0,0,1,1,33,5732,22,3,1,436,120699,1279128,14903918,0
54,1,0,1,0,60,2501,29,9,0,718,3138734,841212,10055525,1
86,0,0,1,1,80,10123,24,22,0,792,4861912,2845162,21618723,1
69,0,1,0,1,76,13483,11,22,0,510,3286868,2300706,3076305,1
76,1,0,1,1,61,24386,16,22,1,894,2669065,1620158,44531539,0
86,1,0,1,1,57,5489,8,3,1,678,3671085,2849168,37927357,0
72,0,0,1,0,78,16851,28,11,1,865,3542691,1986792,19957794,0
80,0,0,1,1,63,18269,25,4,1,181,3717948,1747751,16667030,0
65,1,0,1,1,39,8889,4,3,0,440,4634976,2269139,23465401,0
18,0,0,0,1,56,6126,8,29,1,17,1178271,2867494,45315231,1
82,0,0,1,1,40,4898,4,8,1,481,520095,703380,36685251,0
6,0,0,0,1,81,1229,22,19,0,236,2721859,1619581,17506864,1
62,0,0,1,1,62,23721,13,0,1,236,784161,2284379,3384886,0
41,1,0,0,1,95,4197,6,15,1,655,2833712,2161598,12416890,0
41,1,0,1,0,6,24241,8,7,0,355,1905457,1104644,10618252,0
58,1,0,0,1,32,14998,30,12,0,14,4069047,1942278,11336381,0
19,1,0,1,1,89,14606,11,21,1,701,12631,2056009,8189448,1
72,0,0,1,0,74,22682,4,17,1,961,3979066,2548720,22637715,0
16,0,0,1,1,67,10488,6,0,1,942,352093,2259468,24408094,0
26,1,0,1,1,56,17488,4,25,1,526,2766087,2210280,23939386,0
46,0,0,1,1,64,7876,19,29,1,358,989939,121166,19321901,0
1,0,0,1,1,94,11820,28,29,1,749,2107793,1441649,36555318,0
62,0,0,0,1,40,12953,16,6,1,677,4568726,1612719,739194,0
61,1,0,1,1,86,12605,10,13,0,588,1754714,2858103,24323130,0
99,0,0,1,1,66,19108,4,7,1,373,4601746,1423976,4470557,0
18,0,0,1,1,47,7576,27,15,0,227,3013725,1292348,47789525,0
16,0,0,1,0,43,20167,3,13,1,544,1521373,1869434,11587941,0
68,0,0,1,1,9,7155,26,9,1,514,2337524,430221,6412833,0
38,0,0,1,1,94,9328,0,8,1,865,532957,829968,7502606,0
81,1,0,1,1,79,4385,25,26,1,402,350468,1700488,49601630,0
70,0,1,1,1,54,10848,0,19,0,111,144745,1706146,37657380,0
80,0,1,1,1,20,6286,13,6,0,250,608733,520091,26021363,0
38,0,0,0,1,87,6239,20,4,0,144,4637344,2589826,3916010,1
35,0,1,1,1,56,12902,27,13,1,857,3755175,2614974,25449070,0
39,1,0,1,0,73,1214,27,17,1,346,423695,1061836,21204816,1
44,1,1,1,0,75,13992,8,18,0,261,4386674,1192209,2912424,1
3,1,1,1,0,7,1539,0,7,1,144,1852570,118364,42573288,1
24,0,1,1,1,93,14379,7,9,1,108,2868394,1382874,34619734,0
68,0,0,0,1,14,4583,12,10,0,336,2733113,768543,32591407,0
29,0,0,0,0,55,1756,8,4,1,523,1675333,2524837,8404858,0
75,0,0,1,1,73,16859,14,14,1,520,2306777,834131,4592872,0
67,1,0,1,1,36,18826,26,2,1,451,3763580,2336183,29822689,0
87,0,0,0,1,9,24242,10,23,1,821,1840946,433116,43403058,0
28,1,1,1,0,47,19587,25,22,0,316,3197660,1078066,43650409,1
72,0,0,1,1,87,7385,3,6,1,208,976948,57222,3777499,0
67,0,0,1,1,16,11778,28,6,1,519,2342435,1623099,49686785,0
50,0,0,1,1,35,11977,7,20,1,732,2622977,1773056,31017565,0
23,0,0,0,1,85,18353,12,19,1,642,1163755,2124942,10673175,0
13,0,1,0,1,26,21575,16,21,0,883,462668,349850,2308645,1
68,0,1,1,1,63,21861,3,5,0,867,617537,2975933,32736431,0
17,0,0,0,1,56,10623,9,30,0,31,2932045,2090166,22641469,1
41,0,0,1,1,51,3604,1,21,1,779,877948,2372599,8935472,0
56,0,0,0,1,90,16633,25,26,1,233,1606416,2147931,44157444,0
82,0,0,1,1,53,17213,29,23,1,971,1808308,256187,11334672,0
11,0,0,1,1,60,11497,14,5,1,65,3001337,1516475,33018219,0
81,0,0,1,1,94,10787,19,9,1,61,3393719,725884,5162834,0
16,0,0,1,1,35,21344,29,19,1,697,2996956,1985734,32403072,0
29,0,0,1,1,63,24633,17,25,1,94,2502450,872544,29453505,0
87,0,0,1,1,74,17206,29,25,0,606,2856769,1661954,27912077,0
74,0,0,0,0,80,20976,13,11,1,801,954192,2599434,39600379,0
98,0,0,0,1,47,19401,2,3,1,140,231124,2076340,11229977,0
22,0,0,1,1,95,1623,0,4,1,458,2395873,2169876,2502800,0
80,0,1,0,0,85,5650,25,22,1,183,4446615,2839074,20870846,1
0,1,0,0,1,78,15703,2,15,1,750,2450041,766283,14704662,1
78,0,0,1,1,9,13568,22,26,1,299,2084788,2542538,11872973,0
31,0,0,1,1,8,5643,26,12,0,964,4888907,2254129,5180801,0
8,1,1,0,1,19,7686,12,0,1,618,1364453,219967,20387731,0
14,0,0,1,1,6,13185,7,0,1,120,4417144,982393,40195656,0
27,0,0,1,1,53,9684,21,15,0,497,1751948,2338764,14577940,0
23,0,0,1,1,60,13693,16,20,1,481,1821637,2095723,22365654,0
59,0,0,1,1,12,22295,22,4,0,614,2296433,22116,35616838,0
34,1,0,0,1,20,16428,28,26,1,351,4411447,2084891,46146898,0
85,0,0,1,1,68,9801,15,27,1,223,4248789,994798,7309512,0
26,0,1,0,1,88,5747,30,16,1,261,2926638,1749725,39912190,1
82,0,0,0,1,28,7586,15,22,1,319,7818,1029406,883314,0
75,0,0,1,1,59,2922,11,6,1,981,2981686,647168,3382107,0
19,0,1,0,1,58,1554,18,3,1,530,2551457,2099634,22133046,1
64,0,0,1,1,85,22742,29,1,1,850,2981778,207320,27936888,0
84,1,0,1,1,73,13876,15,1,0,132,3248511,2244172,40932026,0
48,1,0,0,0,82,5907,14,3,1,946,914466,1825580,7452118,1
0,0,1,1,1,82,4650,28,1,1,788,2049712,757199,26910436,0
9,1,0,0,1,64,5622,8,0,1,53,4678664,2831092,41105689,1
46,0,0,1,0,35,17298,15,16,1,660,2607614,323654,993930,0
58,0,0,0,1,24,1599,26,7,0,240,2385951,2164365,33044577,0
95,1,1,1,0,81,8353,1,17,1,566,3621140,426265,48240428,1
61,0,1,1,1,58,23623,24,8,0,28,1199527,1901782,6853647,0
85,0,0,1,0,13,7561,9,1,0,239,4092093,1707190,9148942,0
17,0,0,1,1,38,6980,11,26,1,77,3098771,2279776,26984749,0
45,0,0,1,1,80,21825,17,26,1,163,872592,2662361,12216700,0
31,1,0,1,0,84,24645,17,3,1,914,4774091,1760465,28372304,1
26,0,0,1,1,69,24554,27,22,1,417,368993,59810,33474814,0
91,0,0,1,0,20,10528,3,6,1,805,1284140,560363,3888414,0
17,0,0,1,1,74,20132,1,25,0,228,558089,660648,13026920,1
38,1,0,1,1,88,20085,6,10,1,137,3249791,498880,15322923,0
48,0,0,0,1,10,12614,18,7,1,538,4889985,1071177,19988736,0
92,0,0,0,0,39,19765,10,2,1,1,27183,2493785,5750280,0
81,0,0,1,1,7,7746,29,16,0,153,609263,2657564,8539678,0
43,0,0,1,1,25,14388,12,27,1,88,544593,2643648,9848200,0
71,0,0,1,1,11,15687,28,3,1,670,3477769,2045474,34797149,0
53,0,0,1,0,82,11171,19,15,1,554,2848411,1284742,42007372,0
94,0,0,1,1,34,2017,30,2,0,76,130230,1859352,30570293,0
33,0,1,1,1,26,8148,16,26,1,236,3417401,2570234,25248882,0
70,0,0,1,1,18,5990,30,19,1,251,4961383,2557167,11678173,0
35,0,1,1,1,59,17529,9,21,0,399,874368,1939316,10896988,0
17,0,0,1,1,93,22473,15,15,0,724,4694000,295326,38150200,0
37,0,1,1,1,71,11169,19,0,1,731,2081399,1919538,3736027,0
58,0,0,0,1,9,12242,15,12,0,93,3483052,1801142,2220190,0
8,0,0,0,1,73,6016,19,16,1,322,1884928,2367802,36485607,1
72,1,0,0,1,63,10756,19,28,1,527,1355667,1469824,31832654,1
71,0,0,1,1,13,22355,15,27,0,611,4800190,672603,49455888,0
50,0,1,1,1,52,3816,26,11,1,778,4297491,936779,49873082,0
34,1,0,1,1,41,5836,24,15,0,697,4325050,480731,20273309,0
81,0,0,1,1,72,14818,18,27,1,154,3385360,564694,46452625,0
4,0,0,1,1,24,18110,30,1,1,418,1594104,1632104,34071319,0
13,1,0,0,1,89,23732,12,25,0,520,4431098,1474265,34672410,1
91,0,0,0,1,54,22897,22,9,1,698,4285938,731226,35178275,0
29,0,0,0,0,28,21924,19,27,1,65,4336233,689545,21484859,0
3,0,0,0,1,75,13578,10,2,1,256,1424679,629486,45106250,1
38,0,0,1,1,53,7226,11,11,1,143,3947512,573689,38276896,0
83,1,0,0,1,12,23097,16,20,1,196,1303372,2159653,14372868,1
63,0,0,0,1,79,17881,14,24,0,451,2977437,2771952,48201371,1
24,0,0,1,0,77,748,25,5,1,554,3751186,1288061,41853529,0
27,1,1,1,1,10,13016,2,4,1,130,1832934,76377,34751012,0
75,1,0,1,1,44,4331,8,23,1,403,468537,543437,13539282,0
65,0,0,1,1,85,2450,9,30,0,915,889484,1704147,37199847,0
77,0,0,1,1,58,9030,11,0,1,302,2022153,178696,28801477,0
21,0,0,0,1,81,7810,21,22,1,361,1807551,1575774,7393268,1
30,1,0,1,0,21,24673,23,15,0,339,2233826,2372507,36415914,0
22,0,0,1,1,55,13422,8,7,1,249,1406121,2926265,49901951,0
47,0,0,1,1,6,18540,23,12,1,84,1350115,2018464,7059950,0
19,0,0,1,1,34,11807,4,24,0,689,3644291,2601813,27273228,0
37,0,0,1,0,36,13937,30,13,1,248,4554416,2398665,41331795,0
54,0,0,0,0,54,2485,21,10,1,186,4647740,601960,45113182,0
67,0,0,1,0,75,15655,25,24,0,421,1531291,2653918,40390889,1
78,0,0,0,1,20,325,1,11,1,834,2064566,28573,8625166,0
87,0,0,1,1,87,16870,27,12,0,793,32419,1314725,25177153,0
88,0,0,1,1,83,22664,12,7,1,871,1461528,1332428,807985,0
0,0,0,0,1,59,560,10,9,1,470,518978,1781066,21572549,0
6,0,1,0,1,61,2482,8,30,1,930,1767828,2843740,5472323,1
56,1,0,1,1,82,8082,21,2,1,854,3744577,1606202,5178882,0
94,0,1,0,1,49,23434,7,5,1,204,4313116,1819224,29293203,0
11,0,0,1,1,56,9166,22,20,0,750,3829147,108583,45036455,0
4,0,0,1,1,75,2196,14,18,1,935,752807,1810665,32207937,0
49,0,0,1,1,51,4237,27,17,1,140,2450701,302479,14845437,0
41,0,0,1,1,37,6314,28,17,0,688,4307758,1114281,21105852,0
11,0,0,1,1,28,12714,15,25,0,622,820203,222143,27967052,0
17,0,0,1,1,39,8758,9,25,1,895,764184,1995440,29704041,0
65,0,0,1,1,68,19869,1,25,1,479,4088960,1271722,43884029,0
73,0,0,1,1,89,6318,29,19,1,117,3412540,2016137,19279106,0
78,0,0,1,1,92,23389,14,24,1,828,3332135,103107,24733028,0
93,1,0,0,1,84,22763,17,30,0,992,1223707,2684834,26313212,1
16,0,1,1,1,64,17724,12,17,1,356,1256602,1453139,19068125,0
67,0,0,1,0,85,12112,30,15,0,654,4692185,550086,36920066,1
70,0,0,0,1,33,24217,4,20,1,154,3491673,2792843,2258752,0
61,0,1,1,1,22,6889,18,12,1,220,3602652,853273,9322679,0
40,1,0,1,0,62,9645,0,23,0,1,3654958,1793014,41988802,1
94,1,0,1,1,52,20667,25,25,1,138,4473856,413179,11113558,0
33,0,1,1,1,15,3585,26,10,1,215,1804245,982936,31050610,0
69,0,0,1,0,7,10937,28,17,1,419,2385580,1644394,22230733,0
44,0,0,0,1,46,11814,2,15,0,975,3392371,1762450,11027870,0
57,1,0,1,1,22,3379,22,13,1,565,3606266,768085,43525391,0
50,0,0,1,0,20,20075,9,6,1,381,1117147,226446,34329397,0
33,0,0,1,1,45,19652,14,27,1,941,670621,529125,15503936,0
43,0,0,1,1,69,17344,24,5,0,648,1963341,441225,17374096,0
14,0,0,0,1,47,19329,15,16,0,514,3971109,1065813,24497729,1
77,0,0,0,1,47,10700,26,28,1,404,1916250,284939,28724094,0
69,0,0,1,1,95,12917,28,22,1,169,3729134,2971343,15199900,0
49,0,0,0,0,35,21597,3,14,1,875,3175654,2930405,31119141,0
100,0,0,0,1,32,21381,23,9,1,29,616254,1259150,18074184,0
31,1,1,1,1,55,13969,21,24,1,831,2821700,46769,17733732,0
66,1,0,0,1,31,10363,19,16,0,898,1065616,1379797,32692792,1
2,1,1,0,1,13,19081,2,1,0,40,3941687,1683257,30087777,1
85,0,0,1,1,42,15458,4,22,1,937,426123,2041642,40709752,0
85,1,0,1,1,40,19092,2,16,1,940,4775026,261188,10598360,0
73,0,0,0,0,64,11809,7,12,1,128,39294,1037749,27641334,0
50,0,0,1,0,95,931,26,17,0,435,2482494,2719346,33947374,1
66,0,0,0,1,61,21036,27,18,0,975,173299,691810,22232307,1
75,0,1,1,1,51,4081,5,1,0,565,657834,602818,16642836,0
92,0,0,1,1,94,20110,14,28,1,324,1073467,2043007,47047982,0
47,1,1,1,1,95,10136,26,1,0,781,2822728,229851,2299237,1
16,0,0,1,1,72,8819,5,17,1,250,2063842,1122071,37670472,0
6,0,1,1,1,55,19223,22,6,0,668,2012073,2230057,42837036,0
12,0,0,0,1,62,10670,27,9,0,296,2201756,309391,44498117,1
65,0,1,1,1,52,1819,29,3,1,619,1577170,2445959,9105336,0
3,0,0,1,0,63,981,6,3,0,229,2181900,2763795,32873706,1
9,0,1,1,1,80,1996,7,23,1,149,1452287,1703513,420324,0
87,1,0,1,1,51,8375,15,20,0,463,2031290,2622730,40010546,0
16,0,0,0,1,19,16973,20,0,0,830,84145,2771994,46683334,0
51,0,0,0,1,98,5698,12,30,0,289,2798934,2725415,33870833,1
5,0,0,1,1,82,23089,4,1,0,693,3969583,1237277,43620656,0
82,1,0,1,1,76,16867,21,30,1,241,2179321,1328460,9201721,1
68,1,1,1,1,96,13534,19,9,0,204,951647,2838359,18704486,1
95,0,0,1,1,99,5529,1,14,1,798,3969359,1126172,40201879,0
73,0,0,0,0,6,14969,13,29,1,196,1252484,1000756,10118005,0
8,0,0,1,1,83,20295,17,11,1,551,2678068,1614678,46568585,0
90,1,0,1,1,65,2336,17,2,1,651,1378024,1826228,6604546,0
76,1,0,1,1,44,225,17,29,1,620,4098086,2654198,7003890,0
82,0,1,0,1,47,22533,14,3,1,987,2362832,2745587,37200362,0
20,0,0,0,1,52,4615,4,8,1,880,1736759,1867576,3691780,0
23,1,0,0,1,76,4700,1,13,1,466,4998143,2664643,5835273,0
3,0,0,0,1,73,15588,22,9,1,462,4444741,32766,31099534,1
23,0,0,0,1,61,6257,10,9,0,655,2835942,819376,37894061,0
58,0,0,0,1,72,23528,19,30,0,561,4428317,86472,23213436,1
98,0,0,0,1,16,3132,9,4,0,418,268269,384350,12973163,0
2,1,0,0,1,78,8970,4,10,1,215,4313505,1358068,33510233,1
67,0,0,1,0,72,15373,1,28,0,483,4862912,1096328,23332281,0
100,0,1,1,1,55,1122,11,26,1,197,4425951,1774583,40176669,0
39,0,0,1,1,78,23187,16,13,0,961,737401,114211,14068816,0
47,0,1,1,1,33,4867,24,5,0,218,2920236,474772,6790317,0
53,0,0,0,1,96,14708,21,10,1,138,3796686,775648,4139292,0
34,0,0,0,1,33,2087,28,29,0,591,68117,539640,17363048,0
94,0,0,1,1,87,24471,4,10,1,480,2014026,2739600,6848795,0
55,0,0,1,1,17,18153,20,2,1,810,467349,2450414,14026663,0
88,0,0,0,1,61,21671,17,12,0,344,3324529,399694,18325589,1
39,0,0,1,1,50,8718,15,17,0,292,1968894,1853045,29438296,0
76,0,0,1,1,24,6646,7,17,0,557,4533260,2534759,39151925,0
67,1,0,0,1,86,22808,3,5,1,336,4129855,923915,10494566,0
45,0,0,1,1,63,11674,3,30,1,522,506576,1831710,14767683,0
77,1,0,1,1,40,12345,23,12,1,354,213965,579240,2724949,0
12,0,1,1,1,5,5482,3,5,1,872,2902477,1777942,28537614,0
26,1,0,1,0,94,1749,16,11,1,378,50898,1683013,33812348,0
5,1,0,1,1,7,18722,19,6,1,398,1039695,393543,26618674,0
16,0,1,1,1,48,13821,28,13,0,197,1831686,1495772,34037547,1
35,1,1,1,1,59,8476,30,8,0,530,3977498,30801,28589460,0
98,1,0,1,1,64,10430,9,2,0,889,3164689,2164138,40159715,0
80,0,0,0,0,7,4576,0,14,1,438,3179857,2820418,4068575,0
1,0,1,1,0,89,688,21,6,0,264,2630169,1675184,14087715,1
76,0,0,1,1,67,904,17,6,1,351,3062278,422084,36480962,0
51,1,0,1,0,86,23774,26,23,0,620,3223227,2983744,27280486,1
65,0,0,1,1,35,14275,14,20,1,572,1988607,2884378,24680840,0
51,0,0,1,1,65,8301,28,18,1,338,3663607,106302,13055963,0
91,0,1,1,1,53,6172,24,26,1,141,2729853,1262334,8618686,0
42,0,0,0,1,48,20301,28,26,0,229,3985035,649554,23678576,0
89,0,1,0,0,56,14435,9,28,1,139,2235818,639856,12241285,1
21,0,0,1,1,35,6643,15,1,1,259,2259786,1989623,47379371,0
54,0,0,1,1,76,5788,3,19,0,912,4908770,1511719,15446227,0
66,0,0,1,0,93,5444,30,27,0,584,3856698,1281582,23883391,1
98,0,1,1,1,53,5446,26,23,0,721,4948041,2363764,5988342,0
59,0,0,0,1,50,8233,28,13,0,825,3731299,1568538,30229335,0
57,0,0,1,1,58,23411,23,4,1,230,1581268,1237470,671749,0
11,0,0,0,1,88,17974,26,0,1,525,4752724,1752149,42464548,1
87,0,0,0,1,15,2476,17,11,0,561,3756853,592369,40386753,0
68,0,0,1,1,69,19903,20,11,0,803,1062751,1057344,7365184,0
83,0,0,1,1,89,17395,27,18,0,813,307194,82366,33673435,0
38,0,1,1,1,21,11403,10,20,0,360,2836561,3003,10988493,0
12,0,0,1,1,32,4842,7,29,1,648,1421042,2433869,17933362,0
40,1,0,0,0,86,11219,0,21,1,851,2156170,511078,45156191,1
56,0,0,1,1,97,10038,21,1,0,682,2996829,270896,19578199,0
52,1,0,1,1,78,8874,1,28,1,632,1831915,1693527,48005097,0
11,1,0,0,1,13,24352,20,23,1,79,266056,2402899,7724724,1
12,0,1,1,1,38,16107,16,12,0,758,4915569,1829802,18988280,0
73,0,0,1,1,24,21506,27,11,0,319,3946132,2661996,4740184,0
96,0,1,1,1,99,7795,19,22,0,455,92655,2783237,30391224,1
56,0,0,1,1,7,23527,18,22,0,498,4224334,1095711,35308940,0
39,0,0,1,0,5,15344,9,30,1,385,1078323,1167743,12011319,0
79,1,0,1,1,64,4686,29,26,1,59,1955833,2415269,38607717,1
44,0,0,1,1,54,24542,20,6,1,77,4915242,1628117,42216078,0
34,1,0,1,1,12,20697,30,20,1,829,3848280,1385215,20072318,0
2,0,0,1,1,22,21712,7,1,0,945,1537643,1453402,10603396,0
4,1,0,0,1,34,7826,24,7,1,254,3891107,34448,29816557,1
89,0,0,1,1,26,11517,20,18,0,787,3417648,833737,43643359,0
10,0,1,1,1,85,15730,8,18,1,951,1669336,525159,41751871,1
70,0,0,0,1,13,24611,9,17,0,57,133699,902368,490663,0
55,0,0,0,0,26,23785,19,1,1,63,1576898,1853667,15886037,0
9,0,0,0,0,14,5620,27,29,1,450,2679134,2224443,37575917,1
33,1,0,1,0,71,7460,4,1,0,406,1533023,303525,23994041,1
66,0,0,1,1,85,6322,28,12,0,8,226809,2463585,13456041,0
71,1,1,1,1,13,13660,26,5,0,555,385511,2989217,4042973,0
30,0,0,0,1,51,15313,8,7,1,153,393257,645409,39444462,0
74,1,0,1,1,44,18414,10,18,1,794,4497518,1944734,32233759,0
70,0,0,1,1,40,8412,24,5,1,460,487803,1211012,20657956,0
65,0,0,1,1,23,3188,17,18,1,771,1892192,2124411,4221642,0
69,1,0,1,1,6,326,20,8,1,789,852405,825540,13245079,0
40,0,1,1,1,49,4427,29,14,1,453,600647,2812468,5411561,0
62,0,1,0,1,95,15574,23,16,1,652,3448374,1219166,15271076,1
31,0,0,0,1,87,12521,0,22,1,27,2761349,2488887,47606032,0
19,0,0,1,1,37,8098,15,7,1,248,3439255,1459020,40875543,0
56,0,0,0,1,68,2676,19,8,1,897,1240022,1425847,5266065,0
97,0,0,1,0,30,17479,23,29,1,171,2449407,2959162,37424165,0
49,0,0,1,1,38,13334,9,4,0,963,3313080,728207,16888867,0
79,0,0,1,1,67,24039,27,5,0,182,3035214,848674,12872157,0
24,0,0,1,0,32,23644,17,20,1,566,4875678,756828,5411506,0
11,0,0,1,1,84,3873,0,25,1,436,3381984,297025,32491211,0
70,0,0,1,0,90,23935,27,20,1,959,4973465,1476088,41107666,0
38,1,0,0,1,96,11254,30,26,1,629,2298556,2717577,31311447,1
16,1,0,0,1,82,21354,5,10,1,330,1383723,1605961,12769001,1
44,0,0,1,1,10,4036,21,6,1,781,4630188,1931892,17898535,0
10,1,0,1,1,15,8790,0,29,0,275,4417892,1687926,40870686,1
69,0,1,1,1,50,6248,2,30,0,863,3867916,2767008,26764916,0
22,0,0,1,1,24,8879,25,27,0,973,616929,2261749,12912565,0
90,0,1,1,1,40,24081,12,19,1,628,614712,2747543,12167172,0
69,0,0,1,1,20,18243,11,14,0,94,1401648,2927631,25974011,0
37,0,0,1,1,74,12967,23,12,1,206,3870168,112748,15855747,0
1,0,0,1,1,76,15337,13,14,1,58,807038,1236662,28556039,0
85,0,0,1,1,49,17703,24,13,1,32,1264827,260242,14198069,0
83,0,0,0,1,52,17984,27,5,1,874,3505510,76738,20421255,0
88,0,0,0,1,8,11447,23,3,0,561,1629936,1634740,44059374,0
78,0,0,1,1,52,15642,16,28,1,614,4454750,2538877,47119825,0
92,0,0,1,0,88,7531,15,17,0,869,1192633,1299405,11098641,0
71,0,0,0,1,92,14144,26,17,0,654,3978428,1510880,49324777,1
36,0,0,1,1,71,3983,12,27,1,46,1504550,1444918,18306741,0
48,0,1,1,1,32,6603,3,28,0,869,3281921,470474,40940340,0
51,0,1,1,1,34,17230,14,3,1,604,3636494,476364,32153175,0
32,1,0,1,1,33,9267,27,26,1,189,520310,52460,21398361,0
21,1,0,1,1,25,21768,8,20,1,532,4956325,1393433,21280010,0
4,0,0,1,1,46,23516,16,0,1,665,652001,1287709,14958450,0
17,0,1,1,0,95,20554,27,2,1,459,3084294,497226,9087783,1
37,0,0,0,1,54,3055,29,4,0,701,2479290,1064062,46939155,0
36,1,0,1,1,93,23010,10,23,1,27,4163663,336979,43503415,0
93,0,0,1,1,7,4441,19,19,1,249,4602539,553446,10845341,0
94,0,1,1,1,69,12263,25,5,0,925,1327372,24613,49163891,0
63,0,0,1,1,27,13331,6,27,1,837,3696662,1022244,31952539,0
9,0,0,1,1,9,1969,30,3,1,983,4075182,2188951,24898435,0
78,0,0,1,0,99,18109,29,4,0,755,4177951,1156150,1455747,1
41,0,1,1,1,29,13089,6,11,0,751,4493527,275620,36828970,0
47,0,1,1,1,39,23492,22,6,1,49,3698424,1401825,19544469,0
43,0,0,0,1,69,24606,25,30,0,529,3234161,1888455,25308458,1
81,0,0,0,1,83,2416,3,12,0,131,109330,1317746,42896413,0
86,0,0,1,1,43,7256,7,30,1,965,3289252,1752761,45031803,0
96,0,0,1,1,92,142,18,7,1,952,751454,2447024,13096227,0
15,1,1,0,1,22,8877,13,12,1,182,3220447,2655925,23802002,1
53,0,0,1,0,29,7164,24,11,0,136,3678905,2213474,38354648,0
34,0,0,0,1,5,13299,21,9,0,567,2035800,729616,39352415,0
97,0,0,1,0,66,799,22,9,1,737,1752432,2804386,37283577,0
27,0,0,1,1,13,5521,24,30,1,974,959458,2884882,20425432,0
1,0,1,1,1,45,1000,3,7,0,426,1834167,514486,14748096,0
93,0,0,0,1,99,14909,20,26,1,671,2478128,2698468,38534129,0
12,0,0,1,0,26,19850,16,28,1,776,2750706,2588062,3203624,0
40,0,0,0,1,70,8997,25,27,1,321,4845186,1914065,28071466,1
79,0,0,0,1,49,13608,23,13,0,5,592581,2426437,6343146,0
58,0,0,1,1,56,7998,17,22,1,371,3401461,1484469,19974437,0
68,0,1,1,1,24,20641,20,3,1,487,3973494,582418,25254225,0
91,0,0,1,0,91,23815,30,19,1,133,3008659,1875688,27338815,0
52,0,1,1,1,16,14736,14,1,1,34,330355,764895,17153926,0
44,0,0,0,1,78,6283,4,8,1,751,2605345,2646833,22380176,0
19,0,1,1,0,68,17992,14,5,1,1,1740533,2422272,23118533,1
23,0,0,1,1,36,20316,30,28,1,830,2382096,2223449,9426679,0
60,0,0,1,0,66,6706,25,26,0,10,2723576,2192610,25786649,1
90,1,0,0,1,9,18426,3,18,0,998,678615,702574,33889287,1
93,1,1,1,1,48,7968,30,30,0,806,145225,922814,33268251,1
57,0,0,0,1,33,9915,3,2,1,846,1951941,1657744,18754228,0
26,0,0,0,1,37,24915,11,28,0,520,3268158,2908892,3005501,0
25,0,1,0,1,91,3552,17,12,0,665,1916125,609569,7010450,1
6,0,0,1,1,17,1706,28,26,0,93,1278927,2385415,26080859,0
41,1,0,1,1,54,10292,30,10,1,434,2803463,1327143,19199946,0
46,0,0,1,1,6,9692,18,27,0,317,4657040,2627928,44071423,0
52,1,0,1,1,79,3136,25,13,1,549,3156000,112207,46155038,0
58,0,0,0,0,32,3435,17,16,0,213,962185,1490420,16870900,1
37,0,0,1,0,93,8878,0,17,1,31,4166246,1155941,23025852,0
68,1,0,1,0,22,22088,3,4,0,110,4995360,1352672,846136,0
86,0,0,1,1,77,24396,24,24,1,938,2539488,1279223,43530706,0
91,1,0,1,1,70,1282,14,2,1,152,670595,1558725,22378644,0
97,0,0,1,1,50,17744,29,6,1,361,4676634,2006999,43641038,0
52,0,0,1,1,21,24762,5,5,0,341,1975946,2717079,34498460,0
14,0,0,1,1,37,12426,23,26,1,501,1860631,857820,565789,0
95,0,1,1,1,37,7944,30,2,1,451,2805998,2423420,2824204,0
25,0,1,1,1,88,4013,1,26,1,480,1873332,666864,14911713,0
47,0,1,1,1,34,3274,29,19,1,190,4686051,1977944,34318924,0
94,0,0,1,1,26,20585,1,12,1,646,4558890,1181059,26547708,0
18,0,1,0,1,57,698,1,10,0,967,4717024,790171,42288381,0
8,0,1,0,1,93,21468,10,26,1,51,3128642,26585,33102113,1
63,0,0,1,1,50,17976,7,20,0,399,4012669,1338142,10482095,0
92,1,0,1,1,48,16008,16,1,1,418,4486275,27128,28331247,0
53,0,0,1,1,79,9525,20,7,0,448,4322028,1862916,40729971,0
50,0,0,0,1,38,4917,11,11,1,942,2754601,264403,4997691,0
38,1,1,0,1,32,20202,3,11,1,750,3449879,303289,45374582,0
3,1,0,1,1,39,374,26,22,1,76,3514783,2796096,1208372,0
2,0,0,0,0,72,16909,0,14,1,253,3019399,1339197,28913522,1
63,1,0,1,0,13,16969,27,24,1,722,1874749,1645790,10820663,0
28,0,0,1,1,26,4927,9,7,1,665,419793,2821880,3879111,0
10,0,0,0,1,65,12156,6,11,0,934,2825645,632822,23969459,1
96,0,1,1,1,93,6918,15,22,0,702,2671166,1672531,34058994,0
57,0,0,1,1,89,8152,16,30,0,578,2284437,108810,391159,0
74,1,1,0,1,29,21170,5,24,1,341,2622901,136306,10674069,1
26,0,0,1,1,85,22527,27,9,1,535,4963676,1896343,13227997,0
96,1,0,0,1,83,23632,0,20,1,929,4292982,714974,48804556,1
20,0,0,1,1,45,7919,10,2,1,958,1684370,303521,37909930,0
38,0,1,1,0,11,20443,12,5,1,27,654246,26197,32031225,0
94,0,0,1,1,63,14340,12,24,1,317,4996133,2302996,27436813,0
45,1,0,1,1,76,1383,8,30,1,120,2104957,1191426,20825915,0
65,0,0,0,1,71,24209,2,30,0,157,1318355,2604181,14772621,1
90,1,1,0,1,37,18526,27,21,0,559,1137205,874602,11957394,1
35,1,0,1,1,85,22902,1,29,0,294,1008066,232492,38986806,0
74,0,0,1,0,69,6480,22,27,1,849,3512740,478641,43936721,0
81,0,0,0,1,64,18933,0,14,1,72,2759309,2545985,44272358,0
64,1,0,0,1,85,19150,6,13,0,573,3132826,1276706,39474080,1
62,1,1,0,0,62,21673,24,2,1,533,2115381,2034276,11141656,1
98,0,1,1,1,48,23769,19,17,1,791,139324,136692,28179703,0
34,0,0,1,1,52,13873,9,20,0,314,2374072,1839012,23374744,0
30,0,1,0,1,41,22727,1,23,1,692,2818008,91982,7982386,0
27,0,0,0,1,29,9892,3,23,1,146,3295699,2384288,11624984,0
0,0,0,1,1,29,18943,24,16,1,44,25796,558096,67867,0
24,0,1,1,1,61,10160,15,27,1,72,1320767,1196663,33436242,0
42,0,0,1,1,17,5252,30,13,1,180,1021980,1569343,33063183,0
83,0,0,0,1,81,8933,7,13,1,958,520364,1766549,3562980,0
66,0,0,0,0,16,14122,11,15,1,344,4981054,708873,26623176,0
62,0,0,0,1,96,17227,4,18,1,521,2990599,2397936,33662955,0
50,0,0,1,1,67,10354,23,26,1,477,2728360,1828064,44271089,0
1,0,0,1,1,66,21080,22,10,1,971,385095,2881097,7071732,0
81,0,1,0,1,88,22512,19,4,0,45,3624695,1173771,26845101,1
63,0,0,1,1,32,13520,2,0,0,932,59422,548117,27956526,0
73,0,0,1,1,59,14870,0,28,1,840,2520255,139311,6744323,0
68,0,1,1,0,99,13161,13,21,1,196,4558493,543364,21618512,1
8,1,0,0,1,92,16678,29,19,0,814,80186,2306914,43072976,1
1,0,0,1,1,79,7501,18,24,0,600,3760399,155811,13412838,1
33,0,0,1,1,46,3548,23,17,1,305,4063336,2341073,25029556,0
59,0,0,1,1,65,4243,24,25,1,130,164594,1353839,37975521,0
60,0,0,1,0,84,16469,15,13,1,588,3261658,157368,26372121,0
30,1,0,1,1,42,15043,8,4,0,204,3250234,2653605,25716606,0
9,0,1,1,0,85,14047,4,4,1,922,3887212,115817,2969617,1
75,0,1,0,1,9,9097,3,21,1,851,4590588,746915,45707590,0
35,0,0,1,0,88,13676,5,4,1,986,3999262,229971,48877907,0
84,0,0,1,1,52,12995,11,9,0,344,2701179,1327973,5613751,0
48,0,0,0,1,39,23409,13,9,1,959,2030537,639843,44283504,0
69,0,1,1,1,52,1754,22,8,1,938,3966462,2178526,13071608,0
48,0,0,1,0,18,7247,13,13,1,572,1697009,2763578,15151511,0
2,1,0,1,1,58,23094,5,0,0,315,788453,538182,46316438,0
73,0,0,0,1,30,23739,4,28,1,25,4474700,2372690,10377356,0
4,0,0,0,1,47,21177,28,23,0,400,4726932,1141269,19896829,1
89,0,0,1,1,46,3351,1,5,0,449,4301284,106403,17354989,0
60,0,0,1,1,92,23402,2,26,1,254,1192850,187997,5763708,0
84,0,0,0,1,99,18101,8,24,0,893,664915,1607540,17052071,0
89,0,0,1,1,22,4261,6,25,1,416,522556,1351720,1795875,0
25,0,0,0,1,59,13510,25,6,1,432,4955791,1106029,42694420,0
71,1,1,1,1,54,13231,11,11,1,765,2785299,2693090,42802420,0
4,0,1,1,1,90,13520,17,14,0,825,142422,1761241,34643215,1
14,0,0,1,1,25,13396,27,15,1,920,1513398,1389350,7597457,0
15,0,0,1,1,38,15914,12,2,1,232,1869073,1245242,26966537,0
0,0,0,1,1,93,3788,0,15,1,499,4352765,513758,25893849,0
15,0,0,1,1,44,5023,0,7,1,120,4185758,420425,18066268,0
36,1,0,1,1,34,6246,0,13,0,674,1494677,2935620,10465060,0
2,1,0,1,1,74,655,29,25,0,690,2454154,1391098,39906066,1
51,0,0,1,1,29,2249,21,2,0,980,2197793,1577554,48097676,0
46,0,0,1,1,73,9663,20,11,1,727,696965,2193059,14643524,0
94,0,0,0,1,33,18672,6,13,1,604,232525,43947,38739551,0
12,0,0,0,1,90,7104,27,28,0,52,274791,2947232,23179461,1
79,0,0,1,0,71,14659,20,18,0,594,718669,2363868,11377703,1
54,0,0,1,1,61,8728,8,3,0,96,972475,730931,36002525,0
20,0,0,1,1,51,10913,0,30,1,574,781022,1473854,16490177,0
65,0,0,1,0,98,4468,14,11,0,373,1350510,382196,10442476,0
53,1,0,1,0,92,18811,24,2,1,184,377910,9657,12691633,1
26,1,0,1,1,21,18531,11,30,0,509,2400972,2475320,15416532,0
37,0,0,0,1,53,9927,3,21,1,302,1082578,805736,40381937,0
89,0,0,1,0,54,9930,9,26,0,39,4790142,1765376,29491321,0
57,1,0,1,1,88,6775,22,22,0,551,3960004,738089,21567857,1
61,0,0,0,1,94,14696,17,15,1,953,330175,2743918,48887783,0
45,1,0,1,1,9,20934,30,2,1,796,1791675,2545611,22557238,0
88,0,0,1,1,17,4064,18,2,0,677,3437052,2868786,36331647,0
10,0,0,1,1,67,11253,19,28,1,858,4955817,2715719,24233284,0
71,0,0,0,0,43,138,4,6,1,219,1955224,539307,7713815,0
7,1,0,1,1,72,19547,27,9,1,492,196241,1586436,6390739,1
96,0,0,1,1,49,8410,1,24,0,191,2867698,2641507,12716211,0
70,0,0,0,1,21,8247,6,15,0,249,2381476,2419347,43957077,0
63,0,0,1,1,63,6645,5,12,1,891,3994230,1057083,40919636,0
20,1,1,0,1,99,12261,15,18,1,411,567658,1554091,8640123,1
71,1,1,1,0,84,10,14,27,1,557,1227129,2326019,21666893,1
62,1,0,0,1,63,19629,8,5,1,891,1196539,1635031,28963116,0
84,1,0,0,1,12,21326,6,20,1,977,2159551,2173622,38913894,0
63,0,0,1,1,34,8014,9,23,1,399,3453986,1444358,26764797,0
19,0,1,1,1,7,22409,25,8,1,880,2917566,501788,40619681,0
7,0,0,0,1,21,14804,29,23,1,909,895961,812633,38413330,0
57,0,0,1,1,55,1644,1,13,0,86,3974769,2046659,1508226,0
45,1,0,1,1,28,9105,2,16,1,299,1265085,4242,29218440,0
30,1,0,0,1,84,20747,18,6,0,995,47675,2652757,15504942,1
92,0,0,1,1,68,11373,23,7,0,822,351192,998113,23100197,0
8,0,0,1,1,88,1904,23,4,0,663,1817265,1168316,44340362,1
14,1,0,1,1,78,5666,2,19,1,961,1871105,193780,21694300,0
93,0,0,1,1,92,5276,7,22,1,575,1659800,1507108,27500277,0
25,0,1,1,1,75,4860,30,11,1,614,91069,1233115,22918553,0
9,0,0,1,0,53,24144,4,21,0,712,1391918,2916822,16914480,1
28,0,0,0,1,24,20337,26,27,1,885,1485139,2230170,7095039,0
79,0,0,1,1,81,2071,28,1,0,965,2112933,2060371,11505135,0
35,0,0,1,1,33,24461,19,15,1,679,575993,1756810,2335398,0
83,0,0,0,0,14,20919,30,27,0,376,414487,1566419,13162654,1
36,1,0,1,1,13,15146,11,24,0,62,3689875,1488397,18986635,0
85,0,1,1,1,75,3374,10,29,1,767,1992209,2475279,25899400,0
70,0,0,0,1,67,9076,3,26,0,887,2230194,2767348,49175451,1
22,1,0,1,0,37,19239,3,2,1,867,1310983,2801151,17422114,0
40,0,0,1,1,28,24568,30,14,0,694,1667467,2392444,34154304,0
92,0,0,1,1,84,5028,0,16,1,233,4140427,380917,18930686,0
79,1,0,1,1,36,278,26,15,1,334,2678641,956938,22859255,0
27,0,0,0,1,8,7632,6,27,1,130,1364941,1121730,4931335,0
47,1,0,1,1,66,3419,26,2,0,249,3628756,2905547,46562521,1
37,0,0,1,1,82,20271,25,14,1,3,4437330,241717,35777002,0
30,0,0,0,1,97,13757,25,29,0,915,971920,1070546,49533990,1
13,0,1,1,0,26,22512,19,0,0,970,3229126,2545742,33251790,1
96,0,0,1,1,27,21074,1,11,1,834,695402,1636655,17421828,0
72,1,0,1,1,94,12384,0,9,1,301,3130903,889876,16654659,0
90,0,0,1,1,30,3505,18,22,1,398,4627607,1787302,40236792,0
87,1,1,1,1,53,22191,16,26,0,723,4603618,521707,28338802,0
76,1,0,1,1,48,17648,10,5,1,749,3604946,2822785,24831681,0
89,0,0,1,1,26,5833,4,27,0,775,130995,1928530,36785564,0
28,1,0,1,1,71,20704,5,7,0,3,4003716,1284296,23155281,0
50,0,0,1,1,46,11972,26,29,1,897,4372824,2235558,20242099,0
48,0,0,0,1,56,11881,21,19,0,436,510383,2974005,45002917,1
42,1,0,1,1,21,13054,5,5,1,573,1296201,2401760,4883555,0
91,0,0,1,1,18,21168,22,18,1,407,2080567,133672,29755803,0
91,0,0,1,1,68,12249,16,3,0,397,4854179,1721956,40738654,0
71,0,0,1,0,49,8195,19,21,1,573,4258383,2732360,44317183,0
86,0,0,1,0,68,9024,9,15,1,934,3741505,62748,45190039,0
92,0,0,0,0,34,13268,9,4,1,508,2645245,2713550,17950083,0
4,0,0,0,0,17,12247,30,15,0,428,1461120,2604561,22655388,1
41,0,0,1,0,30,10697,30,28,1,10,4118335,2407137,37488752,0
6,0,0,1,1,36,18188,8,17,0,739,3576046,2918287,29840020,0
41,0,0,1,0,50,2193,25,24,1,927,3857276,1256495,9429858,0
35,0,0,1,1,55,22232,27,12,0,417,2504921,2793032,46528851,0
26,0,0,1,1,91,4866,17,12,0,920,2142172,616301,45510281,0
57,1,0,1,1,38,10503,12,17,1,781,650467,1902235,1852020,0
45,0,0,1,1,80,16722,7,7,1,738,389284,2397684,19458200,0
65,0,1,1,0,91,10777,10,28,1,245,4044661,1512091,23886114,1
24,0,0,1,1,32,10019,6,20,1,19,4010783,2908078,45809256,0
72,0,0,0,1,23,6417,6,6,0,724,420996,1619772,16816122,0
26,0,0,0,1,52,3952,28,21,0,62,118770,1076563,32688723,0
0,1,0,1,1,76,9213,2,26,1,707,3687943,364910,45852897,1
86,1,0,1,1,38,5189,15,14,1,595,192214,1979448,14441686,0
73,1,0,1,1,20,2025,30,1,1,943,2353682,2118653,44773163,0
41,1,0,0,1,75,2515,12,3,1,543,4133641,2359707,19279596,0
51,0,0,0,0,31,11733,17,15,1,403,832176,447683,11137301,0
24,0,0,0,1,55,8900,17,11,0,42,90279,1256372,36471867,0
53,0,0,1,1,88,24772,11,15,1,219,3356400,2262741,41880106,0
66,0,0,1,1,58,11650,12,24,1,267,3535466,2650460,27193661,0
5,1,0,1,1,21,11687,30,22,1,239,3931297,2665923,49533715,0
57,0,0,1,1,96,20533,2,16,1,296,3295683,360025,19787878,0
69,1,0,1,0,76,15848,29,28,0,843,2490978,1356077,6108333,1
52,0,0,1,0,72,24751,2,28,1,465,4262799,1139254,15568700,0
65,1,0,0,1,90,17094,25,19,0,866,3044268,8041,28475660,1
57,0,0,0,1,99,15506,1,9,0,370,3685781,326956,15913545,0
81,0,0,1,1,5,22877,6,14,1,713,3789531,2527856,42971469,0
86,0,0,0,0,18,7993,1,18,1,423,347846,1580210,6048069,0
1,1,0,1,0,11,24794,5,13,1,490,802961,1498175,34158119,0
75,1,0,0,1,68,3279,12,0,0,343,3871260,2112986,11631855,1
21,0,0,0,1,76,7625,10,20,0,904,3701972,567332,43742042,1
36,0,0,1,1,12,13869,4,24,1,845,3478152,1721644,20130989,0
19,0,0,1,0,58,19570,6,3,0,674,695646,1916449,802186,0
23,1,0,1,1,28,14307,10,1,0,938,4267133,2592151,689658,0
83,0,0,0,1,59,15729,26,22,0,763,3071777,1152277,34746568,0
64,0,1,1,1,5,23483,6,27,0,721,3328880,1558706,5173188,0
64,0,0,0,1,76,12821,7,7,1,688,1592262,848381,48047317,0
80,0,0,1,1,73,5008,3,26,0,620,4115034,1091580,45982824,0
0,0,0,1,1,36,20145,9,1,0,102,4163579,1997357,42254307,0
93,0,0,0,1,5,21862,28,10,1,911,3746967,383327,42065398,0
2,1,1,1,1,70,1505,20,26,1,287,3541616,2468360,46610301,1
45,1,0,1,1,46,1100,25,9,0,47,678933,2029381,14347408,0
54,0,0,1,1,83,15291,28,10,0,48,4209337,979218,39914555,0
74,1,1,1,1,13,24754,19,8,1,387,1056965,846736,820042,0
87,0,0,1,1,80,18593,28,28,1,301,759041,1717536,5252571,0
85,0,0,1,1,78,4579,14,25,1,178,3253017,956058,25026979,0
63,0,1,1,1,28,10446,22,23,1,291,2280439,2235464,44659291,0
44,0,0,0,0,23,24747,14,3,1,36,115041,108759,37364667,0
25,1,0,1,1,55,14960,18,27,1,965,4753805,228929,44072351,0
76,0,0,0,1,85,6796,9,28,1,410,4469986,1938393,17779294,0
64,0,0,1,1,6,8809,1,3,1,730,1919928,324794,20485069,0
23,1,0,1,0,14,17121,15,20,0,127,258080,2667383,6725865,0
73,0,0,1,1,73,11986,19,0,1,564,4566234,14324,13111947,0
34,1,0,1,1,10,17036,29,30,1,280,2857816,299636,440263,0
23,0,0,1,1,66,23457,4,22,0,262,2900491,267545,47232402,0
27,0,0,1,1,70,11987,26,27,1,839,4648977,2313956,37506193,0
99,1,0,0,1,12,13100,16,3,0,308,339485,1761856,11433915,1
79,0,0,1,0,72,23893,2,0,1,28,4543515,301565,26248588,0
15,0,0,1,1,63,4053,7,3,0,45,4286716,511461,7025263,0
58,0,0,1,1,54,7770,10,3,1,590,4702735,2371088,13988710,0
80,0,0,0,1,99,9293,4,0,0,551,3219831,2455574,41096891,0
53,1,0,1,1,40,22771,16,13,1,469,3015895,1994822,21483268,0
78,0,0,0,0,12,10490,3,15,0,651,4213857,1304943,49971495,0
15,0,0,1,1,99,19921,23,8,0,716,3295843,1699949,8432412,1
14,1,0,1,1,21,9936,28,23,1,882,1088562,2757744,756534,1
97,0,0,1,1,63,3776,7,29,1,249,4146633,1632266,309396,0
10,0,1,0,0,82,15579,1,24,1,690,3737945,1994108,37529348,1
64,0,0,1,1,12,16547,15,6,1,508,635919,2382293,22175610,0
78,1,0,1,0,93,20671,8,13,1,162,4559103,1350681,43597724,0
89,0,0,1,1,82,17601,25,27,1,803,1755465,2612251,25839348,0
67,0,0,1,1,91,2625,16,4,1,628,907279,2805155,15800258,0
42,0,0,1,1,47,21054,9,13,1,455,2391164,488105,4709440,0
68,0,1,1,1,67,5329,23,12,1,245,1773225,2441598,22611648,0
98,0,0,1,1,85,1990,23,22,1,791,2689914,1883825,34126271,0
12,0,0,0,1,16,23607,12,1,1,129,2241653,1186814,22564407,0
9,0,0,1,1,88,2899,21,25,1,916,3502003,2378951,2073901,0
74,0,1,1,1,60,10811,16,22,0,672,4505164,2053648,486843,0
81,0,0,1,1,53,8910,30,19,0,98,3848443,2082256,18917099,0
97,1,0,0,1,56,15865,11,11,1,694,248608,2435626,17869636,0
40,0,0,1,0,15,12820,28,20,0,114,3118854,905684,33189716,0
49,0,0,1,1,31,6012,8,26,1,916,804274,687993,5436118,0
86,0,0,1,1,66,8175,14,6,0,334,2104091,1894414,16118317,0
70,0,0,1,1,13,19551,30,1,0,709,2847161,1525973,41985942,0
58,0,0,1,1,86,12251,9,20,1,216,1733346,2599874,42223578,0
38,0,1,1,1,40,24541,18,27,1,405,2405169,2674222,29638115,0
2,0,0,1,1,50,9585,29,17,0,844,722007,1662136,2242608,0
75,1,1,0,0,96,23742,16,9,0,834,2471417,67812,5497438,1
6,0,0,0,0,88,3655,6,5,1,383,2279393,2008974,2570306,1
48,1,0,1,1,33,2131,13,25,1,458,4663664,1666144,38110361,0
25,0,0,1,1,72,2951,12,23,0,141,3499365,2909056,28803767,0
32,1,0,0,1,83,20274,25,6,1,735,1667617,761892,38565799,1
100,0,0,0,1,45,24950,20,11,1,558,573357,840417,38894481,0
47,0,0,1,1,32,10513,1,20,0,920,4534067,126941,7836994,0
78,1,0,1,1,68,16296,15,15,1,376,2104040,30474,1413706,0
1,0,0,0,1,28,22393,28,18,1,922,4279857,415366,13928249,1
70,0,0,1,1,20,16578,16,19,1,33,3404841,732436,22144162,0
31,0,0,0,1,26,21182,5,17,0,553,4332820,2396154,15943777,0
3,1,0,1,0,51,19399,0,21,1,728,4823727,2154805,40923023,1
19,0,0,1,1,21,7665,5,13,1,513,1172613,1963287,5221051,0
35,1,1,1,1,5,739,0,14,0,265,2092994,1403703,2239039,0
31,0,0,1,1,35,21619,22,7,0,991,1527220,2979563,33334104,0
27,0,0,1,1,93,12277,22,23,1,187,594541,2453765,19381367,0
76,0,1,0,1,16,23995,9,14,0,121,2175834,2507318,46253235,0
0,0,0,1,1,24,576,19,24,0,88,2708258,1888052,14135832,0
59,0,0,0,1,23,1321,22,20,0,939,2995070,2204699,27426672,0
55,0,0,1,1,9,20832,30,11,0,538,3272037,2930357,30537997,0
34,0,0,1,1,19,11625,28,25,1,551,2477219,2968292,9973914,0
29,0,0,1,1,29,7746,23,30,1,822,3998692,2052180,33458425,0
53,0,1,0,1,39,12302,7,26,1,373,4840726,2583747,834488,0
35,1,0,1,1,59,14208,27,21,1,150,4873329,132791,35725133,0
54,0,1,1,1,67,633,27,17,1,353,1996081,266507,47867751,0
88,1,0,0,1,51,7626,15,9,0,480,967151,1935848,36894887,0
79,0,0,1,1,71,8699,11,19,0,737,2104633,1374471,1963824,0
57,1,0,0,1,86,6075,18,13,1,969,4810585,1247228,4976247,1
82,0,1,0,1,68,8424,29,18,1,911,1247448,2512990,14551264,1
64,0,0,1,1,26,22211,13,29,0,470,4133249,1154857,24712041,0
68,1,0,1,1,84,18300,7,24,1,464,2899954,411615,15186364,0
50,1,0,0,1,83,17554,28,15,0,355,4151451,1329712,8869552,1
21,0,0,1,1,73,19178,18,21,1,345,2837637,1082036,29268070,0
87,0,0,1,1,81,3844,28,21,1,611,3027093,1157377,8919461,0
100,0,0,1,1,96,22380,26,19,1,537,4285032,2336906,13279091,0
52,0,0,1,1,78,22731,14,5,1,622,743067,1118301,2541615,0
99,1,1,0,1,84,23339,30,12,0,613,4030454,829999,27721388,1
35,0,0,0,1,6,19802,4,10,1,369,400899,2796155,3761492,0
67,1,0,0,1,29,17390,16,0,0,123,938715,1021542,25003699,0
35,0,0,0,1,65,5959,27,8,0,437,3111340,2325553,38143656,1
51,1,1,1,1,9,21221,22,18,1,266,2865455,2686964,16159013,0
52,1,0,0,1,32,10462,13,4,1,720,644322,2647070,48265044,0
81,0,0,1,1,85,8788,14,6,0,402,1366427,2631970,30488076,0
49,0,0,1,0,70,2994,25,1,1,109,2020373,2653675,13873347,0
79,1,0,0,1,19,19263,7,19,1,818,3669509,1006941,23790084,0
40,0,1,1,1,59,11778,3,14,1,541,3698027,2486524,7822162,0
17,0,1,0,0,42,2733,6,28,1,913,2347580,1181166,4143368,1
21,0,0,1,1,97,15600,6,5,1,314,3653603,2283581,48707312,0
65,0,0,0,1,27,1014,21,0,1,772,4672100,1913853,22827115,0
20,1,0,1,1,86,1785,29,21,1,68,3981192,2585167,47584702,0
99,0,0,1,1,18,17508,4,4,1,949,3505589,1638177,891615,0
43,1,0,1,1,36,21114,9,1,1,79,3690080,141037,11206682,0
46,0,0,1,1,48,23901,19,21,1,767,4737975,734782,34217621,0
38,0,0,1,1,74,10891,30,20,0,644,394563,2344684,28416450,0
28,0,1,0,1,96,17006,4,28,0,13,4899541,2102333,7291253,1
53,0,0,1,1,86,11812,22,13,1,178,1820912,1885991,36632908,0
89,0,0,1,1,62,10779,23,16,1,53,3614793,724584,17683719,0
84,0,0,1,0,8,16086,3,28,1,56,4283570,2235336,32745825,0
16,0,0,1,1,66,23771,20,29,1,838,1225850,185561,37990331,1
79,1,0,1,0,64,17797,10,11,1,325,4777540,281715,16571161,0
59,0,0,1,1,99,16404,5,26,0,55,709983,346544,209414,0
30,0,0,1,1,79,2007,14,5,1,801,3874393,1864549,18421979,0
72,1,0,0,1,63,24501,10,6,1,966,1842195,1217397,26314752,0
94,0,0,1,1,79,13837,24,15,1,418,3030221,1196424,37034959,0
77,0,1,1,1,33,7792,25,24,1,581,2881072,2750868,1855244,0
48,0,0,1,1,23,24156,21,26,1,752,1428206,1944428,11438811,0
100,0,1,1,1,21,564,6,12,1,570,4352262,2582821,11578305,0
1,0,1,0,1,8,8965,23,1,0,804,4132650,590593,21998984,1
47,0,1,1,0,48,4656,18,21,1,781,171119,1185434,10558484,0
13,0,1,1,1,8,14148,4,21,0,860,4928048,1839989,37789328,0
58,0,0,1,1,63,16034,3,16,1,135,853721,1952011,14645813,0
96,1,1,0,1,16,764,0,28,1,57,4583486,2757513,46035313,1
98,0,0,1,1,51,19549,15,23,1,649,2408360,2278512,25205019,0
57,0,0,1,1,11,8538,11,4,1,794,1552459,2083040,16476205,0
57,0,0,1,1,89,24640,19,1,0,865,4321077,416893,3231258,0
50,1,0,1,1,16,11594,17,20,1,311,3525105,2596994,42063704,0
83,0,0,1,1,75,17510,19,19,0,535,4913212,2119834,22468541,0
1,0,0,0,1,58,4213,1,22,1,869,1665609,1717603,43289942,0
40,1,0,1,1,62,23388,12,25,1,696,4345879,1757274,20907459,0
82,0,0,0,1,67,3431,11,23,1,154,1652388,1221027,19132622,0
100,0,0,1,1,19,6562,3,0,1,628,4611763,1023150,184105,0
81,0,0,1,1,41,2803,3,0,0,587,70004,1279979,11021354,0
15,0,0,0,1,60,13955,12,7,1,433,2725046,1734595,40280816,0
3,1,0,1,1,77,12884,26,10,1,589,4567370,1248987,25194550,1
11,0,0,1,0,84,5337,2,11,1,564,1344557,1975426,30271636,0
28,0,0,0,1,35,21339,20,29,0,987,2118604,2841398,45575412,0
6,0,0,0,1,19,20978,24,3,0,450,1179099,2801905,34764248,0
13,1,0,0,0,6,4178,16,23,0,701,661839,884892,44549094,1
11,0,0,0,1,17,11364,6,6,1,272,3688309,573755,34993459,0
98,0,0,1,1,9,2877,25,24,0,861,347864,1845169,7203088,0
4,0,0,1,0,52,16841,12,12,0,660,124862,2252659,31504919,0
80,0,1,0,1,37,23343,14,6,1,608,1101529,2556994,40932880,0
31,0,0,0,0,36,24373,13,29,0,983,1577672,2124053,30144089,1
73,0,0,1,1,57,24416,15,3,1,252,3224689,1225926,5481494,0
42,0,0,1,1,25,7412,16,11,0,73,4732430,288756,28068533,0
80,0,0,1,1,70,13127,25,20,1,992,3784185,680202,9480266,0
68,0,1,1,1,65,24287,30,22,1,644,3301729,1904187,30015051,0
44,0,0,1,1,58,3297,15,17,0,306,2577201,2896653,11540502,0
8,0,0,0,1,79,16559,27,12,0,810,2803757,1148634,23717004,1
48,1,0,1,1,45,16827,30,18,0,623,4707274,1344573,12533783,0
32,0,0,1,0,91,15430,15,2,0,496,3274160,1686056,2221873,0
99,0,0,1,1,42,18213,27,13,0,650,1960106,1194019,19629495,0
99,0,0,1,0,37,4175,0,15,1,900,2970646,1513452,31093305,0
17,1,1,1,1,12,2242,13,24,1,56,4464049,2059603,5973515,0
8,0,1,1,1,40,14472,1,1,1,203,2191186,1537699,47379333,0
61,0,0,1,1,37,149,25,19,1,834,2005760,1611403,12311023,0
56,0,0,1,1,33,19728,21,29,0,220,1603929,47165,25726127,0
28,0,0,1,1,99,4261,26,23,1,702,885725,607036,10298109,0
77,1,0,1,1,61,10580,29,0,0,140,3937743,422895,37705428,1
24,0,0,0,1,98,7965,8,24,1,552,3805122,1387647,31514986,0
14,0,0,0,1,76,4426,18,13,1,981,4069971,1937695,26228857,1
5,1,0,0,1,65,14233,4,21,1,813,420038,134143,30852550,1
41,0,1,1,1,94,22675,23,27,1,994,2673225,864763,38456731,0
28,1,0,1,1,91,8092,9,3,0,760,1067955,127945,5104144,0
78,0,0,1,1,59,8403,5,4,0,738,1871126,2521830,4699492,0
92,0,0,0,0,56,20579,2,6,0,548,3723724,1843765,47169418,0
3,1,0,1,1,47,13291,1,10,0,434,3081244,1724349,36333206,0
81,0,0,0,0,30,21962,28,11,0,822,4774820,1088230,28353177,1
56,1,0,1,0,6,12883,18,7,0,963,531640,515973,7568608,1
48,0,1,1,1,59,17863,5,20,1,551,460990,1358848,6306829,0
43,0,0,1,0,94,4906,20,6,1,390,126499,890827,49088436,0
79,0,0,0,1,22,17379,23,2,1,321,946604,2155839,22187199,0
74,0,0,1,0,95,3563,9,1,0,489,1054283,714235,3071696,0
13,0,0,1,1,54,4758,17,17,1,524,4256577,1461687,4951737,0
2,0,1,0,1,85,14703,13,9,1,999,4799076,2845076,33912742,0
61,1,0,1,1,49,8039,27,27,1,254,2669014,2301107,8026368,0
63,0,0,1,0,19,19443,1,18,0,513,2633918,109938,24502344,0
44,0,0,1,1,11,1899,3,21,1,84,270228,566384,10472427,0
81,0,0,1,1,85,1838,28,14,1,164,1790891,1274867,42872825,0
57,0,0,1,1,87,15388,14,26,1,678,363745,2310272,34221602,0
19,0,0,0,1,31,15179,24,25,1,432,3413213,2006812,34467119,0
57,0,0,1,1,44,7207,20,16,0,943,3489135,2533263,40805535,0
88,1,1,0,1,21,23775,22,18,1,771,133379,2847218,24241283,1
56,1,0,1,1,36,13737,22,2,1,509,850323,72302,33119154,0
76,0,0,1,1,20,22705,5,12,0,690,2139037,1206399,4839931,0
67,0,0,0,1,67,21144,27,1,1,947,4189941,594868,41620597,0
77,0,0,1,1,98,10605,5,14,0,173,350096,1745828,16076361,0
96,0,0,0,0,82,13685,8,16,0,148,1177005,1397085,37130240,1
91,0,0,0,1,64,1369,19,28,0,750,4173006,2510671,15533536,1
51,0,1,1,0,86,94,17,0,1,686,1975503,986551,28406975,1
36,0,0,1,0,90,19569,22,13,0,328,1684166,2961566,4794559,0
7,0,0,1,1,56,1151,30,0,1,139,462955,396757,1940102,0
43,1,0,0,0,84,17455,21,23,1,876,2799033,1859223,42944806,1
97,0,0,1,1,53,12780,3,21,1,440,3038474,2855622,45608361,0
4,0,0,1,1,53,23018,0,24,0,897,3954010,1131889,40340087,0
68,0,0,1,1,84,4241,3,27,1,542,1427147,1918086,31787903,0
30,1,0,1,1,30,24661,21,10,0,60,120248,1376870,28289545,0
44,1,0,1,0,55,6448,26,2,1,937,4791625,5923,42480321,0
8,0,0,1,1,47,16709,2,12,1,180,2685819,2153410,11281574,0
31,0,1,0,1,74,3649,12,22,1,974,4517937,2696788,9750469,1
32,1,0,1,1,75,15363,14,21,1,20,895324,2981002,44305735,0
66,0,0,1,1,13,8219,28,8,1,110,3744525,1366339,29032636,0
29,1,0,1,1,48,20921,0,14,0,286,2558743,1749697,24262742,0
75,1,0,0,1,68,158,27,8,1,301,257244,2330304,2625819,1
28,0,0,1,1,94,4545,15,26,1,204,2137671,2051188,1550854,0
2,0,0,1,1,6,20708,1,29,1,268,44381,1371384,47287968,0
89,0,0,1,1,40,12181,5,24,0,372,3685689,289779,14700380,0
56,0,0,1,1,7,6159,0,6,1,807,3343624,2331484,34826357,0
29,1,0,1,1,58,20075,21,24,0,66,2390562,1955221,43607999,0
8,1,0,1,0,25,23376,30,6,0,215,4636150,810125,37190102,1
25,0,0,1,1,71,9220,16,24,0,890,2683283,1971386,15833409,0
1,0,0,1,1,13,19336,16,1,0,971,3802879,2540352,41191183,0
61,0,0,0,1,16,11334,21,1,1,688,2061319,116383,11316170,0
2,0,1,1,1,76,6015,28,22,1,269,4632143,1281890,38938038,1
45,0,0,0,1,41,10317,0,25,0,830,1928153,435872,49605334,0
67,0,0,1,1,89,21954,15,21,0,530,3911763,1122601,24671466,0
24,0,0,0,1,41,12550,27,21,1,147,2471522,319076,46379552,0
50,0,0,1,1,71,17277,8,20,1,155,2597201,1115180,3669553,0
12,1,0,1,1,60,19065,1,0,1,907,4158023,2512830,35548285,0
43,0,0,0,1,89,21580,24,22,1,501,446180,1882336,8320408,0
34,1,0,1,1,67,22340,20,17,1,30,2296854,1102210,42687030,1
54,0,1,1,1,30,12257,4,15,1,641,534954,2402366,24327250,0
86,0,0,0,1,92,2572,25,23,0,461,1491951,1133529,46662566,1
8,1,0,0,1,50,18295,7,9,1,443,1089672,316785,11511041,0
1,0,1,1,1,57,11255,0,30,0,136,3546426,2887227,27402131,0
60,0,0,1,1,64,10864,8,22,1,575,2151380,282534,21481160,0
40,0,0,1,1,36,24740,13,15,1,662,892655,1536860,49384828,0
43,0,0,0,1,95,24074,16,27,0,148,4627043,1767307,31567263,1
63,0,0,1,1,66,21848,4,12,1,846,1024001,2353004,18597772,0
30,1,0,0,1,51,11095,7,1,1,654,2585466,373208,36923364,0
46,0,0,1,1,65,397,16,1,1,848,2077011,778640,19429416,0
1,0,0,1,1,98,16397,20,9,0,147,4765090,260942,17597584,1
95,1,0,1,1,8,9186,28,23,1,807,3806026,2734841,30967293,0
81,0,0,1,1,6,2437,11,27,0,892,2257390,2676738,42469615,0
76,0,0,1,1,27,12330,18,11,0,605,3365803,2269845,4769533,0
68,0,0,1,1,59,17428,7,4,1,294,1137901,434978,10094499,0
57,0,0,1,1,45,17109,28,7,1,457,2327625,2432286,28499866,0
43,0,0,1,1,72,24280,18,16,1,306,79328,894518,27176819,0
73,0,0,1,1,41,1542,11,8,0,390,4742362,670723,17537583,0
55,0,0,1,1,15,6338,7,23,1,26,1201143,1868931,30825654,0
42,0,0,0,0,40,9379,10,21,0,689,3261323,2632939,38685628,0
88,0,0,1,1,19,13153,10,14,1,100,4376053,1624070,36354657,0
33,0,0,1,1,71,1912,30,12,1,532,1115502,2760626,43116217,0
100,0,0,0,1,34,17315,14,13,1,361,1856297,960575,21677671,0
29,0,1,1,0,61,703,1,7,0,665,3796230,515156,18592143,0
70,0,0,0,1,66,14857,25,16,1,648,2413060,1833885,35758447,0
69,1,0,1,1,91,8868,29,10,0,623,480674,740985,40124804,0
54,0,0,1,1,37,17645,2,7,1,104,2732856,1365918,44816990,0
66,0,0,1,1,69,16495,28,13,0,411,3892663,2239118,42933566,0
12,0,1,1,1,5,22207,0,0,0,640,1538734,1900134,33235727,0
2,0,1,1,1,7,12555,0,11,1,21,3418329,1815843,32933884,0
25,0,0,1,1,13,16352,3,19,1,203,335414,2930860,45073637,0
56,1,0,0,0,36,1810,20,9,1,467,3081603,1899113,37207537,1
23,1,0,1,1,81,81,29,11,1,909,963363,1374028,12441657,0
52,1,0,1,1,49,24060,18,18,1,687,2727397,2001327,20507254,0
69,1,0,1,1,99,14705,17,26,1,901,3882708,2108869,37874553,1
42,1,0,0,1,61,17277,0,14,1,90,4922477,1280062,22922390,0
59,0,0,1,1,25,3059,18,2,0,71,1810690,1474445,39157904,0
57,0,0,1,1,27,3913,0,25,1,653,2726556,869691,15847320,0
48,1,0,0,1,81,7418,25,8,0,752,1439797,1989199,28522537,1
41,0,0,0,1,30,24350,9,7,0,600,886736,2176289,17146846,0
75,0,0,1,1,93,17827,21,30,0,368,598008,2378312,30347772,0
99,0,0,0,1,76,24216,12,9,1,152,1368361,1186302,4881992,0
65,0,0,1,1,34,21940,26,27,1,738,941749,1663448,29657637,0
10,0,0,0,1,73,22242,18,7,1,39,1663228,2668799,38003558,1
97,0,0,1,0,28,9904,27,15,0,708,3782979,250927,12822546,0
89,0,0,0,1,78,5657,19,10,1,84,4892070,2827722,716029,0
17,1,0,0,0,87,6700,7,22,0,205,4563467,2267097,21973575,1
84,0,0,1,0,68,14112,25,23,1,569,1666704,2241001,35161602,0
99,1,0,1,1,39,3221,30,23,0,823,4367508,1122175,12221323,0
51,0,0,1,0,26,8129,4,25,1,316,1017756,888740,8936805,0
45,0,0,1,1,43,24313,10,21,0,821,2331559,2260403,14969805,0
43,0,0,1,1,59,16701,20,7,1,990,4306813,1413449,39675831,0
21,0,0,0,1,11,13084,7,17,1,869,1303636,495124,17713373,0
52,0,0,1,1,66,10091,25,6,0,151,2842457,631783,92412,0
58,1,0,1,1,43,10183,25,2,1,684,4729027,2622657,28226207,0
93,1,1,1,1,24,4497,27,7,0,958,808967,167639,339057,1
29,1,0,1,1,60,13948,13,4,1,77,4853114,874804,48047495,0
7,0,1,1,0,70,16480,11,26,0,880,4019971,2991611,48341268,1
97,0,0,1,1,19,21892,10,4,0,422,4288704,83502,37695057,0
56,0,0,0,1,78,23604,12,18,0,314,1090345,2692426,7848346,1
72,0,0,0,0,25,875,9,16,1,887,4102844,1864259,17663874,0
19,0,1,0,1,83,11950,19,28,1,877,1591981,800556,39954296,1
24,0,0,0,0,38,8354,28,28,0,910,2790344,1624558,47718922,1
18,0,0,1,0,39,23009,7,13,1,164,680405,105779,11392267,0
4,0,0,0,0,9,19105,9,17,0,953,44829,97773,325436,1
74,0,0,1,1,60,627,20,28,1,568,4001578,858610,24214264,0
78,0,1,1,1,87,10539,5,27,0,169,1974823,881568,34925904,0
71,0,0,1,1,11,9720,0,1,1,389,4895231,607042,15884633,0
82,0,0,1,1,57,3931,8,22,1,587,4184620,1126390,334997,0
86,0,0,1,1,48,14229,3,17,1,512,3778875,788512,39158610,0
26,0,1,1,1,62,947,0,29,1,144,1822664,1790887,25744098,0
39,0,0,1,1,46,13168,22,30,0,332,3763841,1495606,31809118,0
95,0,0,1,1,22,1624,9,6,1,785,2292667,2574126,28492043,0
25,1,1,0,1,10,21624,19,16,0,159,484870,198689,29898086,1
26,0,0,1,1,8,7445,20,17,1,200,953066,2392871,44736064,0
61,0,0,0,1,73,18918,26,15,0,908,2724568,992181,35287319,0
82,0,0,1,1,18,20125,6,22,0,904,23007,2640050,21696616,0
49,1,0,1,1,45,15704,22,6,1,269,1813534,542810,18719493,0
41,0,0,1,1,51,22924,24,17,1,887,2169714,1144612,6940391,0
28,1,0,0,1,57,3417,24,11,0,151,512406,670169,49824373,0
38,0,0,1,1,25,12102,6,25,1,261,1436174,2552310,46037827,0
59,0,0,1,1,17,14812,27,28,1,968,535634,388037,24855437,0
40,1,1,1,1,70,3664,25,15,1,259,3663208,1785118,29154704,0
32,0,0,1,1,19,1274,24,13,0,639,3325280,1904053,7445110,0
82,0,0,1,1,84,20717,4,6,0,453,3393018,2695731,41638893,0
100,0,0,0,1,49,18079,1,29,1,810,1872546,2031668,41930737,0
82,0,0,1,1,88,20562,8,24,1,298,505153,913526,13869959,0
96,0,0,1,1,69,12293,5,7,1,281,4526992,2926423,36729803,0
15,0,0,1,0,50,17946,21,13,0,608,1205180,2574586,14588858,0
22,0,0,1,1,7,11531,8,21,1,592,4427453,2322855,5246072,0
6,1,0,0,1,21,13312,14,19,0,75,4985045,2360370,17643376,1
25,0,0,0,1,21,4328,12,13,1,664,4212722,2013329,7693755,0
95,0,0,1,1,88,5655,14,26,0,617,2297517,854972,31793837,0
11,0,0,1,1,24,16878,0,2,0,600,3097159,1844497,18122780,0
71,1,0,0,1,8,22198,14,7,1,126,3753352,1079356,37851309,0
4,0,0,1,1,79,10440,17,18,1,438,595270,1008111,47385609,1
91,0,1,1,1,19,6419,10,11,1,423,2672247,1482972,1397283,0
68,1,0,0,1,61,12854,2,10,1,316,459659,779641,13696949,0
48,1,0,1,1,49,6369,0,20,1,381,4025848,795812,3221636,0
25,0,0,1,0,31,10395,3,10,0,46,3465876,429952,5211731,0
4,0,0,1,1,92,14868,1,2,1,445,2929867,1486393,22035333,0
21,0,0,0,1,24,6907,15,8,1,430,2041748,676681,10387238,0
78,0,0,1,1,83,7359,18,10,1,918,2029016,2321116,48570344,0
12,1,0,1,1,10,15861,15,22,1,338,3863446,2647504,24479886,0
27,1,0,0,1,22,5258,11,18,1,465,3806810,1142641,34216858,0
32,0,0,0,1,90,2622,7,9,0,577,4627973,2906547,26573112,0
22,0,0,1,1,53,5993,26,28,1,652,4743936,1703017,49659889,0
96,0,0,1,1,89,20185,3,22,0,87,2490185,2832575,32866632,0
17,1,0,1,1,28,13354,15,15,1,776,2330748,1056297,49581357,0
29,0,0,1,1,85,8284,8,3,1,353,2687658,2526949,39474043,0
25,0,0,1,1,15,3106,21,0,1,268,3115244,497152,4803551,0
15,0,1,0,1,22,23994,14,3,1,593,2736276,115624,42617967,0
76,0,0,1,0,39,5203,11,26,0,222,1330985,580678,38149375,0
38,0,1,1,1,59,5773,16,25,1,359,2558329,261379,7361651,0
32,1,0,1,1,99,2487,21,26,1,235,4467122,431774,45640033,0
25,1,0,1,1,32,11776,22,26,0,77,217379,2970733,16942487,0
47,0,0,0,1,92,1999,27,7,0,444,3976743,105090,35521262,1
64,0,0,0,1,40,22402,14,15,1,405,3986356,1591519,34749107,0
37,1,0,1,1,28,9621,3,29,0,125,4273754,1765007,9547740,0
1,0,0,1,0,37,12999,7,5,0,777,1391409,1180457,29334753,0
5,0,0,1,1,98,9053,30,0,1,511,2984422,1663812,19372365,0
45,1,1,1,1,41,7495,30,15,0,631,4696849,388766,1987250,0
49,1,1,1,1,17,13639,27,0,0,796,2401394,1621793,46957704,1
37,1,0,1,1,20,21955,30,19,1,967,1169708,433527,27576234,0
87,0,1,1,1,47,6319,25,30,1,210,3036644,710797,5457557,0
17,0,0,1,1,77,21965,2,15,0,498,2407592,1230560,44316169,1
26,0,0,1,1,54,6298,6,26,1,509,445849,2430732,46779660,0
40,0,0,1,0,17,10771,6,21,0,170,4983269,1645399,18218420,0
71,1,0,1,1,75,18908,14,3,1,801,3923635,193717,5472830,0
91,0,1,0,1,39,20148,19,26,0,302,1455427,2134014,38189919,1
73,0,0,1,1,94,11562,16,24,0,832,1332350,1358786,8678202,0
16,0,1,0,1,77,7214,27,1,1,407,1133036,248562,33648968,1
61,0,1,1,1,39,20901,9,13,0,437,4096483,1326691,49416185,0
28,1,0,1,1,28,8587,15,5,1,577,3696952,2983118,4357310,0
57,0,0,1,1,89,15287,15,22,1,823,1058680,2149171,30391656,0
69,0,0,1,1,57,19887,25,19,0,423,820322,2445358,43749993,0
77,0,0,0,1,90,4143,21,11,1,192,2958981,56037,15951209,0
21,0,0,1,1,43,15902,14,4,0,634,4824888,153648,35970695,0
5,0,0,1,1,23,23779,25,13,1,723,4154165,2740407,49258785,0
25,0,0,1,1,48,19508,27,4,1,403,1985954,2337507,27733237,0
38,0,1,1,1,50,2175,27,17,0,4,595483,153598,49148674,1
11,1,0,1,1,49,19047,11,29,1,7,587285,616100,22309517,0
98,0,0,1,0,36,207,6,15,1,413,2985634,320130,20236616,0
13,0,0,1,1,9,9707,2,20,1,624,1449978,2866544,4124787,0
21,0,0,0,1,80,22788,27,15,0,487,115302,2989768,3867536,1
50,0,0,1,1,10,9218,20,9,1,843,347436,131064,19857497,0
22,0,0,1,1,86,2525,23,10,1,605,2693368,1014351,38141819,0
47,0,0,1,1,11,15960,22,20,1,253,4339016,1644926,39201902,0
70,0,0,0,1,87,7680,1,4,0,776,3975246,2746056,48205769,0
49,1,0,0,1,19,24689,3,3,0,301,1796864,2497591,40173956,0
88,1,0,1,0,77,18426,22,25,1,457,1119964,1363339,32306006,1
12,1,0,1,1,24,16032,29,19,1,261,1024888,1167047,28103368,1
84,0,0,1,1,63,17651,26,28,1,991,2657032,788880,17945794,0
9,0,0,1,0,88,22610,24,6,1,575,1580680,1325081,26311666,1
54,1,0,1,1,8,15732,22,5,1,330,875523,1259039,31009018,0
8,0,1,1,1,78,5291,7,14,0,171,1630736,76500,8094226,1
78,1,0,0,1,44,5028,9,26,0,600,174188,1647267,13128142,0
51,0,0,1,1,69,16730,11,14,0,145,1319173,1150343,34074394,0
1,0,0,1,1,39,5618,11,23,1,239,70378,695562,44182664,0
24,1,0,1,1,92,14037,8,16,1,843,786520,643428,24365531,0
12,1,0,0,1,48,4302,10,9,1,546,4151740,213985,47175545,0
97,1,0,1,0,11,17388,12,17,0,856,690286,2888467,28446073,0
50,1,0,1,1,26,11503,30,10,0,776,1556115,1681101,19403325,0
57,0,0,1,1,27,16368,0,26,1,249,4148767,587997,20779291,0
33,0,0,1,1,69,109,2,17,0,428,1266894,2130859,9612665,1
34,1,0,1,1,92,14951,21,1,1,487,4976102,2522708,12860695,0
2,0,1,1,1,24,18504,23,2,1,408,2826677,1352271,49732069,0
58,0,0,1,1,36,17414,10,5,1,130,1963904,2075991,5285859,0
69,0,1,1,1,99,20171,29,2,1,904,1915704,1855702,7116446,0
47,0,0,1,0,40,2341,14,6,1,799,2934519,1024024,41837120,0
63,0,0,1,1,22,16158,6,2,0,111,2047171,2171320,25115709,0
18,0,0,1,1,37,17269,27,14,0,300,1434512,587398,8151021,0
66,1,0,1,0,73,24567,15,12,0,931,4469817,61220,28828727,1
81,0,0,0,1,86,13920,5,5,0,570,1276011,2605303,20778926,0
72,0,0,0,1,13,7315,19,1,0,768,4667615,1937609,25233187,0
75,0,0,0,0,46,14883,23,1,1,4,3518490,1497623,41097237,0
4,0,0,1,1,99,13611,9,18,0,716,192440,58642,1873039,1
66,0,0,1,1,75,5899,3,27,0,119,1264798,2665620,30972765,0
10,0,0,1,1,83,1000,5,7,0,359,981128,2898917,9167017,0
93,0,0,1,1,8,18868,29,8,1,80,3217535,2761203,9604848,0
67,0,0,1,1,50,13048,11,1,1,22,4401446,1365827,18607846,0
68,0,0,1,1,76,16436,2,6,0,209,1375523,2469056,29660264,0
0,0,0,1,1,28,2045,27,30,1,985,4560213,589544,12364596,0
90,0,0,1,1,76,19773,11,28,0,499,3769371,1607023,4316139,0
91,0,0,0,0,73,9847,22,16,1,186,3557912,2321161,11507954,1
62,0,0,1,1,27,4252,15,14,1,783,1231478,494751,10697097,0
28,0,0,1,1,59,12199,11,3,1,660,1519071,585666,25915350,0
81,1,0,1,0,19,21306,14,21,1,287,4541472,2138944,42544714,0
11,0,0,0,1,55,18822,21,22,0,242,4772785,2328119,40566993,1
76,1,0,0,1,54,9928,22,12,1,325,3841096,1504039,41780303,0
40,0,0,1,1,51,19581,30,2,1,734,4720148,2499008,16351978,0
1,1,1,1,0,87,3750,20,11,1,182,836167,2959149,12269454,1
36,0,0,0,1,29,17237,20,2,0,699,4882419,147863,49651135,0
44,1,0,1,0,43,15313,17,28,1,758,3600526,2076833,25910865,0
79,0,0,0,1,72,19672,15,20,0,254,753973,1596259,47875843,1
47,0,0,1,1,50,17470,5,18,1,219,1497791,543742,7589659,0
23,0,0,1,1,76,7275,16,8,1,430,960586,1768844,15071491,0
98,0,0,0,0,97,22462,22,15,1,398,4784054,1141756,9604575,1
21,1,0,1,1,17,23194,2,17,1,977,4216975,2853114,42293679,0
99,0,1,1,1,42,23294,17,25,1,990,4725674,1669334,36681549,0
10,1,0,1,1,40,18689,10,29,1,878,2134703,1381909,13495811,0
57,0,0,0,1,41,19291,22,28,0,132,3676789,2323063,22528004,1
45,0,0,1,1,46,3937,24,15,1,490,965337,394666,28330688,0
28,0,0,1,1,99,7509,16,11,1,196,4396913,1208604,40972751,0
34,0,0,1,1,23,11210,5,6,1,579,906312,1685488,31022397,0
14,0,0,0,1,41,19501,23,22,1,263,3981871,2334291,6440797,0
59,1,0,1,1,93,23758,17,18,0,884,3197087,1018437,12052475,1
94,1,0,1,1,69,2241,4,23,1,295,2526955,1799262,33584499,0
41,1,0,1,1,89,8268,30,11,1,739,3066224,287735,31687056,0
42,0,0,0,1,43,2090,15,10,1,845,4627108,2969301,39616083,0
79,0,0,0,0,30,5296,28,11,1,292,3687464,1224865,42332009,0
73,0,0,1,1,46,23235,28,29,1,51,2649124,2798818,1287059,0
48,0,0,0,1,66,9749,27,30,1,292,4480190,444549,28587119,1
63,1,0,1,1,57,17662,19,18,1,111,2724319,799792,23075743,0
31,0,0,1,1,71,4701,9,20,0,732,4788276,1533145,27664756,0
63,0,1,0,1,54,24529,27,16,1,500,3408156,22633,13558751,0
1,0,0,1,0,73,6772,15,14,1,288,4992019,6177,47160160,0
23,0,1,1,1,33,24086,2,9,1,748,1270047,1091966,6350272,0
86,1,0,0,1,6,18268,9,3,1,206,3683964,2454252,15499631,0
65,0,0,1,0,22,611,23,29,0,420,408910,1694893,45132927,0
37,0,0,1,1,64,22653,17,17,0,675,104134,1646217,11925177,1
30,1,0,0,1,18,7054,15,27,1,635,1586466,817124,3033421,0
25,0,0,1,1,44,12403,16,12,1,358,1356517,1127398,45852780,0
28,0,0,1,1,68,21174,16,29,1,128,2028376,2041300,47852330,0
66,0,1,1,1,34,23906,9,4,1,303,4093631,999175,45904228,0
77,0,0,1,1,33,2592,4,19,1,316,1418902,2776975,6502646,0
24,0,1,1,1,33,11052,24,19,1,965,486625,2859280,5676844,0
47,1,0,1,1,23,105,3,3,1,512,2581099,1759511,8100745,0
64,0,1,1,1,94,15679,14,29,1,390,162606,2483305,28881967,0
52,0,0,0,1,62,20614,15,15,1,908,4591917,1877262,17110968,0
66,1,0,1,1,44,8435,22,20,1,935,1252750,2790212,16056312,0
89,1,0,1,1,13,12986,17,24,0,116,2783676,1849887,19224716,0
17,0,1,0,1,81,4687,18,24,0,190,4752878,1725024,36995138,1
8,0,0,0,1,35,13527,9,19,0,363,27112,460057,36630567,0
37,0,0,1,1,82,16174,10,26,1,505,4806254,125241,9080260,0
86,0,0,1,1,99,23168,8,8,1,177,874270,872213,4711716,0
20,0,0,1,0,19,24607,4,23,0,12,3466337,532434,9789742,0
64,0,0,1,1,38,19202,5,28,1,584,22829,945888,18890006,0
20,0,0,1,1,66,1245,2,20,1,621,1309089,2277061,10060284,0
26,0,0,1,1,78,15249,12,23,0,850,1769691,2699800,18926960,0
69,0,1,1,1,61,8197,5,29,1,371,4635883,166948,49929376,0
43,0,0,0,1,25,18916,10,28,1,658,1923140,158344,45885642,0
99,0,0,0,0,58,15042,28,6,1,842,3563561,2087771,2981537,0
27,0,1,1,1,93,13817,15,17,1,198,3635123,879482,39044744,0
44,0,0,1,1,41,13136,10,9,1,773,1327950,2225886,4020816,0
16,0,0,0,1,44,23744,9,14,1,109,1760030,873717,7629155,0
39,0,0,0,1,24,16946,15,28,1,87,2355524,1978351,35793380,0
2,0,1,0,1,75,18981,23,23,0,89,2895971,144081,9091070,1
75,0,0,1,1,22,7976,13,8,1,775,1179998,1530600,39104892,0
75,1,0,1,1,48,7710,15,17,1,811,4078020,2607710,32280249,0
65,1,1,0,1,60,21587,25,10,1,889,745515,840118,24003725,0
45,0,0,1,1,94,24621,16,11,1,301,853923,1634586,47333511,0
85,1,1,0,1,21,22486,25,1,1,709,4222541,1196837,5246639,1
86,0,0,1,1,46,4075,23,25,1,799,1864659,122215,24208399,0
29,0,0,0,1,75,8732,7,8,0,382,705890,252542,21526821,0
68,1,0,1,1,32,15384,22,16,1,659,2386375,2298411,22614220,0
8,0,0,1,1,25,13943,3,2,0,627,812951,1361112,21949928,0
84,0,0,1,1,41,10373,16,13,0,484,4880723,662473,26942834,0
10,0,0,0,1,27,13626,9,2,1,556,3664555,1931050,14581065,0
68,0,1,1,1,52,3099,1,5,0,114,1379465,326528,9167455,0
98,0,0,1,1,63,6237,11,10,0,291,1986755,491599,12455672,0
90,0,1,1,1,78,4810,28,22,1,683,3309014,2942517,17539682,0
65,0,0,0,1,56,927,25,2,1,249,4932065,478874,46749182,0
87,0,0,1,1,21,11461,18,14,1,128,4471870,335821,28311096,0
30,0,1,1,1,42,14713,20,7,1,585,4283085,40477,40978952,0
32,1,0,1,1,5,24283,18,1,1,892,2582330,461355,24797086,0
38,1,1,1,1,79,22931,30,10,0,728,1062562,59941,47523389,1
93,0,0,1,0,37,2077,29,13,1,146,3968962,2000524,4788610,0
45,0,0,1,1,99,14084,28,2,0,829,1574290,1374953,1515912,0
36,1,0,0,1,48,2414,7,28,1,684,3711578,1432227,19365376,0
91,0,0,1,1,92,23711,5,9,1,841,3524002,1453056,2217712,0
59,0,0,1,1,24,8973,18,17,1,181,3021619,140401,48666186,0
30,0,0,0,1,51,13916,17,17,1,824,1257460,216754,14220240,0
10,1,0,0,1,73,19267,13,11,1,102,1842518,845658,48151196,1
86,0,0,0,1,46,14403,2,26,1,802,762088,1798163,33955701,0
1,0,0,1,1,30,15423,17,21,1,673,1790100,1782162,16628076,0
26,0,0,1,1,53,24101,27,18,0,772,2438261,467912,1014175,0
98,0,0,1,1,75,21874,18,18,0,724,2283925,1487290,3617327,0
1,0,0,1,1,95,17110,24,8,1,407,2479180,1583828,43903355,0
100,0,0,1,1,22,9282,14,0,0,306,1569503,1095157,18911220,0
20,0,0,0,0,99,20553,15,24,0,932,3355873,377005,24137018,1
57,0,0,1,1,13,15973,16,11,0,730,4951062,553438,27844726,0
4,0,1,1,1,70,6439,2,26,1,959,824994,329874,33856637,1
51,1,0,1,1,64,22879,22,1,1,683,784755,2323640,35700237,0
44,1,0,1,1,41,2566,17,1,0,961,312096,110511,8832292,0
84,0,1,1,1,51,1467,12,4,1,295,1005608,1368137,34565296,0
92,0,0,1,1,33,23999,11,21,1,939,1560235,1765353,31940810,0
19,0,1,1,1,67,23072,18,23,1,32,2016801,1407471,26174890,1
60,0,0,1,1,19,19995,21,0,1,240,3079834,2077898,32664964,0
37,0,0,0,0,13,3847,27,11,1,115,50981,2281317,3416748,0
19,0,1,1,0,84,24666,1,4,0,860,2165592,2867006,44728435,1
24,0,0,0,0,70,18822,0,27,1,88,462730,1758044,32972149,1
1,0,0,1,1,5,23231,9,25,0,525,3876531,982576,35409345,0
31,1,0,0,0,13,24424,17,13,0,956,1302274,2898607,30288047,1
25,0,0,1,1,61,20389,26,7,1,353,2183186,1085692,3110973,0
69,0,0,0,0,60,2705,11,10,1,12,3190776,2749563,21220267,0
40,0,0,1,0,24,4521,12,17,1,417,3414924,964770,25114624,0
66,1,0,1,0,6,10383,3,9,1,637,691215,1231889,28985845,0
96,1,0,1,1,5,7039,20,8,0,142,150757,2636036,22524969,0
0,0,0,1,1,78,16351,0,14,0,13,3813442,1523242,2777023,1
50,0,0,1,1,91,20273,3,9,1,688,3939659,2776942,1377353,0
4,0,0,0,1,58,3772,20,3,0,61,2737748,729193,180158,0
12,0,0,1,1,23,232,19,10,1,319,2117468,731203,46190926,0
18,0,0,1,1,22,14460,17,22,0,953,1696474,1342908,3141694,0
11,0,0,1,1,28,14671,16,16,0,677,1836974,1960151,12754466,0
47,0,0,1,1,56,22733,19,28,0,347,1995282,607528,3515360,0
24,0,0,1,1,90,17408,13,17,1,644,4546919,2685647,38367601,0
56,0,0,1,1,24,1028,1,16,1,708,529467,1787567,46639266,0
34,0,1,0,1,15,18690,13,30,1,232,4596145,1820344,21798610,0
75,0,0,1,0,77,8427,9,23,1,185,1933174,2472149,49640032,0
93,1,0,0,1,83,22167,24,0,0,367,3736561,1117010,10014599,1
4,0,0,1,1,64,4592,19,24,1,830,4526891,1386787,43707638,1
97,1,0,0,1,20,5279,29,11,1,272,4354824,2596257,44033725,0
21,0,0,1,1,17,16078,2,22,0,39,4848051,1995442,17305309,0
76,1,0,0,1,57,11329,14,14,1,831,760560,1937180,743130,0
56,1,0,1,1,10,20341,6,20,0,872,2692961,2036596,41896415,0
46,0,1,1,1,29,6363,26,16,0,594,2551794,208809,10792773,0
53,1,0,1,1,67,4421,29,19,0,784,2198727,1614713,14538349,1
2,0,1,1,0,51,9788,14,28,0,687,727414,1207113,22546922,1
52,0,0,1,1,19,4505,18,2,1,479,995905,2317972,36438241,0
83,0,0,1,1,58,9717,25,6,1,218,4095276,295209,2448519,0
30,0,0,1,1,86,21641,11,27,1,23,2992233,2102781,1186662,0
68,0,0,0,1,47,24463,23,0,1,948,2807217,362018,6780864,0
87,1,0,0,0,18,778,20,25,1,632,3121016,2707785,13304106,1
32,0,1,1,0,38,24609,3,19,0,378,2123060,2928487,33255239,0
71,0,0,1,1,6,18567,0,10,1,376,1099248,691371,22578650,0
87,0,0,1,1,24,12628,4,4,1,624,2365879,2327451,19603689,0
49,0,0,0,1,20,5300,8,2,0,112,1987563,1196863,8403001,0
83,0,0,0,1,71,12402,7,20,1,954,1768139,2047366,36783602,0
15,1,0,0,1,34,12203,13,19,0,706,1650286,2842559,44903173,1
75,0,0,0,1,91,3302,13,20,0,313,3121321,1625102,28603875,1
76,0,0,0,1,55,6121,3,8,0,166,313906,887863,44536167,0
38,1,0,0,1,91,7234,24,29,0,971,4185241,386518,41989905,1
88,0,0,1,1,7,22174,6,27,1,517,3669934,1607259,31933724,0
45,0,1,0,1,81,15921,1,23,1,815,2104598,770454,24848530,0
95,0,1,0,1,55,18474,10,7,0,910,2432381,1614077,21781366,0
87,0,0,1,1,50,22437,6,1,1,208,1954045,1105811,1528563,0
46,1,0,1,1,44,5237,30,18,0,48,2427712,2284803,28564635,0
43,0,1,1,1,33,23533,19,15,0,553,3101433,881110,22479879,0
8,0,0,0,1,27,18506,28,15,1,179,4253361,160705,31695833,0
86,0,0,1,1,21,3157,20,26,0,37,4066981,2199801,35556600,0
49,0,0,1,0,89,11319,16,3,1,149,417625,684248,19297413,0
76,1,0,0,1,97,22442,26,9,0,392,3071436,1064451,9419189,1
59,1,0,1,1,73,3957,14,27,1,206,355059,1435249,47366363,0
95,1,0,0,1,89,21966,29,16,0,137,3137540,1307183,23790469,1
14,0,1,0,1,70,10699,3,29,1,396,2516202,1950670,22215479,1
35,0,0,0,1,27,6061,1,29,1,975,1280924,1777786,23009882,0
62,0,0,1,1,79,16116,8,24,0,537,2603870,2146175,7268161,0
68,0,1,0,1,83,9151,27,14,0,789,2130433,1267693,27803089,1
85,0,1,1,1,27,20923,11,17,1,174,1203640,653534,13123353,0
79,0,0,1,1,11,14268,29,27,1,226,1569947,1230368,21286524,0
40,1,0,1,1,47,7485,23,30,0,538,2208715,1952519,29093909,0
73,0,0,1,1,66,414,18,1,1,254,3137077,2044860,13466956,0
23,0,0,0,1,38,5765,22,7,0,118,3848017,44026,36543397,0
81,0,0,1,1,55,12071,22,9,0,836,1857761,1934134,26316450,0
48,0,0,0,1,48,24728,28,30,0,153,1901172,2134362,1073130,0
17,0,0,1,1,74,3730,21,30,1,424,1407631,2986513,31089305,0
6,0,0,1,1,84,19200,18,24,1,160,4686403,2776308,16910908,0
3,0,0,1,1,59,16681,24,0,1,62,2527180,962328,36667906,0
89,0,0,1,1,70,4177,24,17,1,29,22343,1336788,30955870,0
68,1,0,0,1,62,1828,21,15,1,982,421003,2278295,48385338,1
59,0,0,0,1,47,4659,2,9,0,98,3966946,1691157,27405339,0
54,0,0,1,1,65,21777,19,4,0,19,4761264,594829,28789583,0
15,0,0,0,1,42,11494,4,8,1,178,4235289,259865,3060877,0
98,0,0,1,1,32,1950,8,9,1,326,3809582,2288801,29040190,0
89,1,0,1,1,61,1077,18,4,1,660,2833802,2957435,31273955,0
81,0,1,1,1,45,999,8,6,1,976,3508152,836073,11283905,0
28,0,0,1,1,77,8490,20,5,0,609,1030020,920758,48800682,0
22,1,0,0,1,93,24140,21,13,1,905,3166733,576214,34228261,1
13,0,0,1,1,54,6153,17,21,1,342,2882824,884406,19173020,0
78,0,0,1,1,94,12096,15,17,1,290,4163890,2809424,3385300,0
48,0,1,1,1,94,3117,1,30,1,851,195949,1650863,10400753,0
32,0,0,1,1,65,4643,29,12,1,632,2123897,401667,43439525,0
24,1,1,1,1,73,23855,27,9,0,745,2055302,2294595,41766098,1
20,0,0,1,0,67,21613,11,13,1,169,2713298,1516135,40392150,0
16,0,0,0,1,85,17568,17,7,0,293,3266668,1473802,14970112,1
22,0,0,1,1,30,10007,22,21,1,68,2435771,1197562,14072862,0
56,0,0,1,1,30,15649,28,13,1,709,4226454,2976951,1501074,0
80,0,1,1,1,77,13696,26,3,1,704,2328358,1224327,23960492,0
57,0,0,1,1,27,19931,10,22,1,332,2746747,451359,19808405,0
13,0,0,0,1,56,23985,21,8,1,609,2127103,1904152,15398762,0
92,0,0,1,0,92,7790,22,22,1,51,2303317,2244724,40163536,0
19,1,1,1,1,77,18082,28,5,1,59,4606602,1237342,15165952,1
29,0,0,1,1,78,15487,2,1,0,969,3119003,1964631,27494321,0
18,0,0,0,1,74,11229,19,2,0,959,3660130,1102539,20153801,1
52,0,0,0,0,8,22946,26,29,1,639,3926876,1455034,32973591,0
55,1,0,1,1,5,17037,21,22,1,172,1883396,378417,47957406,0
76,1,0,1,1,10,20740,2,10,0,888,1616096,2513325,495413,0
81,1,0,1,0,60,22237,14,28,0,605,111235,1699921,13402650,0
22,0,0,0,1,33,24438,11,16,1,478,4012040,1390116,14389212,0
61,1,1,1,1,7,4984,29,28,0,93,532527,2332063,36402523,0
32,0,1,1,1,92,12402,0,0,0,685,1870362,542673,42640154,0
17,0,0,1,1,46,15194,21,2,0,180,2068840,790068,14302982,0
72,0,0,1,1,13,19013,25,13,1,529,4186411,721291,42070601,0
32,1,1,1,1,85,16948,10,10,0,547,1952260,2897201,17135794,0
31,1,0,1,1,63,6079,25,29,1,13,1265529,1888660,44347,0
60,1,0,1,1,42,18237,1,20,1,46,4468813,1256884,6016456,0
53,1,1,1,1,46,16926,28,15,0,932,4357082,30005,841380,0
16,0,0,1,1,54,7841,22,13,0,4,965523,553222,41456012,0
18,0,0,1,1,18,19886,28,29,1,829,839513,2958829,23659118,0
90,0,0,1,1,49,643,20,27,1,193,3796107,2364302,47903666,0
69,1,0,0,1,37,22197,13,18,1,486,3234127,1527927,34854496,0
98,0,0,1,1,24,19676,0,8,1,43,2379367,447988,11685634,0
100,1,0,1,1,38,18574,24,22,1,795,183518,1762954,9850215,0
33,0,0,0,1,71,17350,17,1,1,732,4594786,2099349,15883523,0
83,0,1,1,1,88,17717,17,25,1,89,4901933,2725055,46659289,0
24,0,0,1,1,71,24804,14,9,1,984,3684673,2002860,1487839,0
67,0,0,1,1,74,11663,25,2,1,450,2237928,1244727,45987188,0
73,1,0,1,1,97,19450,25,14,0,791,4157497,784169,31541909,1
73,0,0,1,1,43,9559,3,11,1,307,3514339,632880,8217883,0
87,0,0,1,1,47,20876,1,18,1,342,2148562,2330899,22288912,0
84,0,0,0,1,99,11850,14,8,1,338,968194,1053188,10019103,0
10,0,0,0,0,43,2728,12,13,1,184,3602890,2070265,4148488,0
90,0,0,1,1,89,13248,9,14,0,820,2854977,662522,37065346,0
15,0,0,0,1,48,19766,14,22,0,54,3366243,203921,310385,1
89,1,0,1,1,5,4219,5,10,1,144,279590,1806663,42804686,0
60,0,0,1,1,54,3667,28,30,0,224,83160,1193834,22068596,0
93,0,0,1,1,78,19264,20,10,1,323,1958229,268402,2283754,0
79,0,1,1,0,66,8261,9,2,0,769,3569592,2839595,18986644,1
6,0,1,1,1,94,936,25,10,1,610,1555809,2698504,47687941,1
15,0,0,1,0,7,20231,2,0,1,493,2727210,2878125,8778082,0
98,0,1,1,1,82,21244,12,26,1,922,3082962,67999,33460122,0
15,0,0,0,1,12,22652,17,3,1,872,2353598,550933,35326852,0
39,0,1,1,1,52,12250,5,20,1,444,3639496,264912,8412852,0
11,0,0,1,1,45,8496,13,24,1,494,4265942,135536,37597178,0
34,1,0,1,1,40,625,17,19,0,966,4852238,1863034,12343002,0
20,1,0,1,1,95,17977,10,9,1,300,1392262,32754,46129687,0
49,0,0,0,1,61,10329,19,17,1,548,3997690,2618932,30832708,1
42,0,0,0,1,89,3865,14,0,1,9,4954897,2057499,30146798,0
99,0,0,0,1,94,3517,20,20,0,135,3746914,1361111,32098330,1
16,0,0,0,1,82,21746,12,2,1,543,807837,579868,31376976,0
31,1,0,1,1,47,20743,15,24,0,929,3649825,2567172,30260576,0
40,1,0,1,1,32,21878,26,2,0,310,4129526,418459,25059240,0
5,0,0,1,1,96,21901,23,18,1,196,799236,2066128,16631622,1
87,0,1,0,1,89,14718,11,17,0,326,4940765,880295,35055746,0
26,0,0,1,1,63,8548,0,12,1,715,3081433,1735070,19985274,0
19,0,1,1,1,33,11711,22,2,1,616,307221,2114791,23714217,0
24,1,1,1,1,42,5266,13,24,1,717,4179792,2257138,21686705,0
65,0,0,1,0,38,3234,21,22,1,329,3344430,1520485,44701585,0
8,0,0,1,0,69,12641,2,17,1,563,4971200,1107759,33655327,1
91,0,0,0,1,24,18499,9,18,1,382,4960872,1870084,18812718,0
52,0,1,1,1,30,16613,25,29,1,658,3809405,1807889,45999653,0
60,0,0,0,1,31,21531,30,7,1,26,4794268,81247,24586085,0
37,0,0,0,1,27,14773,9,13,1,471,3885229,2602231,13349423,0
2,0,0,0,1,75,1210,0,29,0,727,2829144,2325578,8271829,1
83,0,1,0,1,26,22069,17,25,1,51,288680,2045348,40258961,0
69,1,0,1,0,51,15851,16,23,1,190,3851550,1309536,38185558,0
96,0,0,0,1,72,22007,18,25,1,389,4667576,1107035,7668889,0
54,1,0,1,1,97,20975,0,0,1,138,990294,1124593,23394704,0
0,0,0,0,1,71,5844,25,0,0,431,910535,1543828,6497330,1
100,0,0,1,1,70,14848,4,7,1,40,1517843,1359560,16456053,0
69,1,1,1,1,73,14967,25,11,1,723,3222540,228608,25450422,1
44,0,0,1,1,86,6063,5,7,1,840,4318989,318712,38546378,0
97,1,1,1,1,19,714,0,10,0,783,3775915,1895299,10021468,0
46,0,0,0,1,48,4954,29,13,0,403,1423852,1286430,32981497,0
78,0,0,0,1,55,13306,16,17,1,836,2905057,2780899,22279773,0
25,0,0,1,1,69,4058,11,11,1,867,2673918,1432216,21193563,0
13,1,0,1,1,90,15379,3,7,0,165,2766499,829513,3949831,1
53,1,0,0,1,29,19955,3,0,1,204,1137937,2624186,11804050,0
70,0,1,1,1,65,22795,23,20,1,799,251465,1829538,21253260,0
45,0,1,0,0,21,2939,9,9,1,848,1350783,569352,44091189,0
30,0,0,1,1,56,2461,22,4,1,960,2890129,544232,4634493,0
87,1,0,1,1,62,1257,22,28,0,488,445144,2755371,38708081,1
58,0,0,0,0,85,17164,24,13,1,341,1205724,2079147,48661672,1
94,0,1,1,1,61,18989,7,7,0,183,204567,408159,37694694,0
28,0,0,1,1,42,4366,11,23,1,637,1053281,844475,46405711,0
95,0,1,0,1,73,22284,28,25,0,340,1864429,1697276,21904891,1
16,0,0,0,0,41,13068,26,11,1,828,2762445,2746238,20457130,0
13,1,0,0,1,79,3437,26,3,1,122,4044970,2400451,37701641,1
35,0,1,1,1,80,2383,27,17,0,178,3363029,2324202,25590547,1
57,1,0,1,1,38,11248,11,14,0,918,2965892,1973482,5643083,0
23,0,0,1,1,39,12525,30,5,1,300,3033265,2864592,23563342,0
62,0,1,1,1,64,10849,27,10,0,325,4689953,152080,28942108,0
90,0,0,0,1,43,24457,2,12,1,648,1194980,2179051,46875384,0
24,0,0,1,1,50,19768,15,19,1,776,1561286,2042087,27137710,0
58,1,0,1,1,20,11566,3,1,0,545,1406314,2951313,47580429,0
31,0,0,0,1,92,16401,23,8,1,987,727886,1598240,49326671,0
81,0,0,0,1,35,21103,29,8,1,30,2008661,1709011,7478627,0
17,0,0,1,1,18,6778,4,22,0,604,3061757,2054963,14229637,0
36,0,0,1,1,51,22745,28,1,1,488,3115478,2962059,25322740,0
25,1,0,0,1,36,24535,14,2,1,755,3937064,1118085,12346587,0
8,0,0,1,1,81,17462,20,24,0,722,1134726,1747415,15235567,1
98,0,0,0,1,21,14803,23,23,1,507,3741420,589182,9019028,0
63,0,0,0,1,60,8723,7,26,1,122,3903938,1974766,14076015,0
71,0,0,1,1,40,6495,28,9,1,884,2355981,1858148,6136411,0
19,0,0,1,1,46,10481,21,17,1,394,4824443,1339640,5449195,0
53,0,0,1,0,86,22258,29,20,1,168,716712,2334595,9112810,0
85,0,1,1,1,23,5608,24,17,0,269,4371774,2997038,47495526,0
82,0,0,1,1,11,21856,19,26,0,997,4123051,2513210,32958163,0
29,1,0,0,1,59,22706,9,30,0,957,820997,1437413,48723796,0
52,0,0,0,1,34,18709,30,27,1,683,791723,2313655,46834805,0
91,0,0,1,1,80,8950,0,0,0,55,194396,2453567,30951996,0
98,1,0,0,1,79,13585,9,24,1,488,4888942,1440748,12949272,1
62,1,1,1,1,33,11574,17,14,1,435,3733456,2896462,40595992,0
10,1,0,0,0,71,16266,16,12,0,87,3984027,2566316,25208428,1
30,1,0,1,1,38,10915,3,14,0,631,1287416,15462,8333664,0
48,0,0,1,1,38,10591,24,22,0,915,4027758,2525058,35160418,0
99,0,0,1,1,99,12404,26,3,0,54,3413846,171495,2877167,0
93,0,0,1,1,90,20194,21,18,0,23,3968510,1671027,360261,1
86,0,0,1,1,6,3905,12,2,1,830,2802217,1764042,969720,0
18,1,0,0,1,31,19819,29,12,1,425,2904162,2165205,2130065,1
11,0,0,1,1,51,10708,29,6,1,848,1376307,1544560,29941341,0
14,0,0,0,1,61,22609,21,25,1,255,1514967,189263,42172415,1
30,0,0,1,1,21,2690,5,27,1,908,2291570,2743072,41205359,0
42,0,0,1,1,30,23733,0,24,1,740,1684740,1557339,46956150,0
100,1,1,1,1,14,20716,0,11,1,132,4675978,482599,35471209,0
36,0,0,0,1,43,21096,2,22,1,12,841415,783099,35057917,0
78,0,1,1,0,13,19642,4,28,0,411,648814,2634051,1216923,0
28,1,0,1,1,29,24687,17,1,0,14,3294310,625849,42990585,0
25,0,0,0,0,24,4048,26,15,0,16,2136824,382751,41107433,1
1,1,0,1,0,19,9619,11,21,0,93,2046249,699471,13529819,1
83,0,1,1,1,95,10831,0,7,0,890,3462781,925471,47454064,0
14,0,0,1,1,15,15080,8,22,1,396,2445443,2701020,37999209,0
3,1,0,1,1,20,269,26,11,1,437,912160,458693,8712294,0
85,0,0,1,1,98,16670,16,1,1,271,4259395,1388491,34373431,0
49,0,0,0,1,26,9011,28,15,1,1,1360059,912643,43886129,0
37,0,0,0,1,66,21085,12,22,0,796,3922596,2178908,22634565,1
22,1,0,1,1,28,4570,13,14,0,776,1163412,1155259,17870456,0
58,0,0,1,1,92,7549,26,27,0,352,3765407,2773522,31735010,0
89,1,0,1,1,40,3336,10,8,0,888,3569059,1422159,9496965,0
74,0,0,1,0,22,14043,29,26,1,601,2562886,1365164,32782312,0
27,0,0,1,1,24,19328,10,27,1,739,1767082,1020836,48779506,0
65,1,0,1,0,12,14997,3,14,1,76,3401681,1304280,11093717,0
7,0,0,1,1,19,3368,8,2,1,700,3638778,1029930,23656320,0
28,0,0,1,1,81,15043,25,10,1,134,4469783,202765,16465447,0
10,1,0,0,1,82,24123,17,18,1,703,978354,2591607,42768066,1
100,1,0,0,1,51,24939,25,30,1,223,989042,1837654,45289375,0
17,0,0,1,0,92,11993,18,14,0,122,2061220,1974111,44473709,1
54,0,0,0,1,28,14386,3,20,0,521,4493383,390967,19335047,0
49,1,0,1,1,51,18553,11,24,1,308,2892011,111056,3996576,0
13,1,0,1,1,22,2773,17,26,0,473,4353183,2186597,36417251,1
73,1,0,0,1,36,14202,17,0,0,822,2897261,519609,49207999,0
98,0,0,0,0,88,3286,27,6,1,724,2785925,194495,48076455,0
8,1,0,1,1,46,14984,5,22,1,998,1260818,905542,19773219,0
98,0,1,1,1,41,22603,26,3,1,79,3050064,2638701,28402502,0
10,0,0,0,1,37,470,30,21,1,822,64287,2035129,24323884,0
62,0,0,1,1,5,8747,10,0,1,128,1739683,1388084,13126023,0
75,0,0,1,1,96,21987,25,25,1,676,2442524,29342,296703,0
66,0,0,0,1,31,21199,4,26,1,410,3582036,2789705,24397093,0
52,0,1,1,1,21,14302,15,19,1,869,1922072,409301,7264419,0
38,0,1,1,1,50,4149,10,10,0,681,1061393,2524394,16467183,0
77,0,0,0,1,83,14086,4,18,1,523,283840,1905032,26720556,0
55,0,1,1,1,82,24234,8,11,1,63,3873877,2857536,25159564,0
27,0,0,1,1,99,17752,22,27,1,411,2315045,2952153,42662630,0
74,0,0,1,1,38,5477,10,20,1,39,2255017,2555901,11448904,0
38,0,1,1,1,7,11663,28,7,1,789,2274882,2829194,3942769,0
24,0,0,1,1,60,3566,14,12,0,629,3771899,872456,12013019,0
20,0,1,1,1,16,14129,24,4,1,902,4964037,405370,20607586,0
9,1,0,1,1,30,9487,16,0,1,139,4233976,1047159,16674703,0
42,1,0,1,1,28,8158,17,17,1,814,3320155,1307525,27422735,0
14,1,1,1,1,64,12765,20,1,1,415,659603,607079,11983222,1
82,0,0,1,1,62,24590,25,8,0,952,2441463,2959363,18110734,0
47,0,0,1,1,67,14646,13,12,1,587,4937062,1081040,18209125,0
85,0,0,1,1,12,17604,6,25,0,819,3204380,2845965,18000519,0
20,1,0,1,1,80,11751,23,12,1,621,664121,1827735,34619604,0
59,0,1,1,1,77,13811,22,22,0,648,1453154,397498,6212880,1
95,0,0,0,0,30,10735,15,14,0,83,3885525,810959,27636201,0
49,0,0,0,0,62,9150,8,19,1,480,1760493,1410023,30468993,0
22,0,0,1,1,42,22788,30,8,1,218,1979896,2069548,32484828,0
12,1,1,1,1,53,12964,26,28,1,750,1017379,2829073,34763830,1
68,1,0,1,1,47,7553,2,14,1,997,2788619,1034261,40998845,0
3,1,0,1,1,63,15566,26,24,1,171,2178501,266700,15572379,1
91,0,0,1,1,87,20558,20,6,1,885,3517950,2312545,49213583,0
77,1,0,1,1,25,14905,15,10,1,546,4073962,2784760,32388259,0
71,0,0,1,1,17,8193,27,24,1,559,4526688,1996024,5558945,0
8,1,0,0,1,7,5378,21,24,0,272,2428053,2935589,430481,1
34,0,0,1,1,93,241,29,22,0,737,2744560,711267,38112600,0
100,0,0,0,1,36,3544,25,4,0,163,535098,277911,30099596,0
20,0,0,1,1,25,1656,6,8,0,778,3602485,1950087,31180688,0
57,0,1,1,0,18,10578,27,13,1,228,3636550,1347498,7836378,0
17,1,0,1,1,99,14200,6,29,0,343,1243223,1238627,33928202,1
96,1,0,0,1,12,17186,19,18,0,823,962919,2473018,16502821,1
71,0,0,1,1,11,21649,0,14,0,125,276508,2860859,32936275,0
80,0,1,1,0,87,2800,7,15,1,304,4466908,157777,10136100,0
42,0,0,1,1,63,21256,25,19,0,260,2142941,1645549,10534435,0
94,1,0,0,1,6,23016,0,14,0,787,3076752,400522,14578516,0
97,0,0,1,1,73,8288,11,21,0,60,3100483,2775169,2964266,0
5,0,1,1,1,48,2037,29,22,1,467,4966913,1007883,32689520,1
85,0,0,0,0,70,24074,16,14,1,810,772849,2891780,9476769,1
77,0,0,1,1,22,15992,24,25,1,490,3716391,2214377,5264677,0
66,1,0,1,1,83,2456,28,23,0,782,3822078,1912398,26688891,1
11,0,0,1,1,20,6899,25,30,1,33,1022705,694751,22368312,0
99,0,0,0,1,16,22095,30,3,0,432,1600207,2338603,45588385,0
11,1,0,1,1,64,17817,9,24,1,566,31156,632371,46199332,1
65,0,0,1,1,90,14807,27,29,1,692,1474273,338964,5052075,0
1,0,0,0,1,96,22901,18,18,1,421,1896206,113631,35776785,1
14,0,1,1,1,58,16474,8,18,1,878,1431093,330872,40691934,0
22,0,1,0,1,44,10963,9,27,1,978,1256097,541650,27787674,0
28,0,0,1,1,47,10342,10,4,0,136,2773293,2908606,4298218,0
80,1,0,1,1,26,11123,9,1,0,842,2357881,725382,31817786,0
95,1,0,1,1,8,24657,29,0,1,159,4236665,362207,12479590,0
6,1,0,0,1,80,17474,27,8,1,35,4513430,1789427,4398791,1
93,1,0,1,1,25,13844,29,30,1,439,3235123,296578,36077390,0
27,0,0,1,0,95,18948,16,7,0,729,515504,2903881,35331973,1
13,0,0,1,1,27,21942,6,11,0,153,4151141,1276296,41753917,0
43,0,0,0,1,46,729,4,2,0,872,877405,449244,40287946,0
29,1,0,1,1,95,9828,27,26,1,367,4510478,904429,45305571,0
80,0,0,1,1,45,6774,27,20,1,366,3460904,407930,49695985,0
31,0,0,0,0,20,3364,19,7,1,515,4466384,857718,46957097,0
69,0,0,0,0,40,10454,26,17,1,783,2453159,1471956,26020092,1
87,0,0,1,1,21,14817,11,22,1,864,2809511,1731162,990286,0
5,0,0,0,1,58,21973,4,8,0,21,3071648,1641357,1356903,1
26,1,0,1,1,86,16658,29,3,0,570,946638,1013738,20997828,1
81,0,0,1,0,95,24854,0,30,1,993,685800,1002305,8413548,0
87,1,0,1,1,11,9142,9,28,1,679,4834538,59401,2368282,0
100,0,0,1,1,45,16657,6,15,0,923,1048706,902540,28682541,0
23,0,0,0,1,66,20091,26,17,1,782,1044492,2676513,33350750,1
33,1,0,0,1,88,23361,11,24,0,292,3537869,1289102,48579496,1
39,1,0,1,0,61,11265,1,9,1,46,2492307,2375209,42081743,0
46,0,0,0,1,37,15835,29,16,1,233,2616905,2223123,42038659,0
78,0,0,1,1,30,20196,27,21,1,650,4441409,1116901,14057151,0
74,0,0,1,1,92,9834,8,7,1,664,1540610,2592959,23914946,0
85,0,0,0,1,28,4112,4,1,0,394,4244956,1946682,9311873,0
23,0,0,0,0,35,11862,4,9,1,95,3083532,924592,35263791,0
64,1,0,1,1,31,15497,30,29,1,871,17330,2300879,27428507,0
17,0,0,1,1,53,16792,13,11,1,495,1970436,2023088,41248773,0
43,0,0,1,1,77,8385,18,6,0,570,2421871,556030,49509246,0
75,0,0,1,1,70,23645,25,6,1,668,3562340,1518834,14610489,0
56,1,0,1,1,74,6593,17,12,1,836,1955107,411960,7016614,0
27,1,1,1,1,35,2862,7,18,1,754,945476,2006253,38252391,0
70,0,0,1,1,29,20041,30,9,1,432,1179048,894939,43304418,0
22,0,0,0,1,20,15602,28,19,1,531,86836,1233747,33200286,0
84,1,0,1,1,10,22103,24,30,0,232,16029,1430956,24612461,1
33,0,0,1,1,91,14822,2,23,0,400,1495552,2395227,21809086,0
10,0,0,0,1,73,18802,27,5,1,224,345292,1575128,9782657,1
85,1,0,1,1,21,24696,13,26,0,70,977518,2253264,31269361,0
34,1,1,0,1,13,21855,10,12,1,435,1999613,525094,14540086,0
92,0,0,1,0,94,4413,28,28,0,330,1529160,162167,35120271,1
41,0,0,1,0,66,20566,7,17,1,443,4169558,159110,21769657,0
27,0,0,1,1,17,6899,21,15,0,749,1853430,1977254,21698947,0
81,0,0,1,0,11,616,11,21,1,784,157546,1759602,47183782,0
77,0,0,1,1,22,9271,10,6,0,770,1036446,2368757,21772837,0
81,0,0,1,1,49,17743,8,7,0,712,822884,1843782,21017547,0
91,0,0,1,1,28,7636,25,7,1,617,1043686,2956703,44848426,0
23,0,1,1,1,59,6368,3,15,1,679,3104462,549997,43211587,0
7,0,0,1,0,36,11088,18,7,1,837,4679959,1785998,684500,0
52,0,0,0,1,11,8642,6,14,0,222,3999299,1930155,44105911,0
71,0,0,0,1,24,21277,16,7,1,8,2507577,1218445,14136725,0
3,0,0,0,1,23,8781,30,5,1,93,2259380,1345496,19934903,0
90,0,0,1,1,66,1333,15,0,0,515,2183136,226175,20502662,0
99,0,0,1,1,18,17703,18,15,0,845,3743069,2410140,20054819,0
4,1,0,1,1,36,23970,22,12,1,948,4846973,1306932,22890529,0
96,0,1,0,1,13,12936,11,3,1,795,3331488,1409264,30372593,0
48,1,0,1,1,53,15755,6,17,0,435,1302813,1353290,6908945,0
97,0,0,1,1,94,11741,24,28,1,460,4487248,1588342,21334855,0
29,0,0,1,1,88,18935,13,25,1,445,2973590,1186954,8031677,0
71,0,0,1,1,97,9970,25,6,1,819,1021206,1875924,21976781,0
62,0,0,1,1,20,8727,30,0,1,808,2445615,918706,44688092,0
46,1,0,0,1,99,9839,24,4,1,755,4372300,1622382,14460106,1
25,1,0,0,1,28,18592,10,25,1,774,2227895,1717444,41889435,0
56,1,0,1,1,34,23229,10,7,0,615,4230413,352755,19237019,0
36,0,0,1,0,12,13188,6,3,1,49,4557404,2368484,19342598,0
97,0,0,1,1,94,23516,10,6,1,143,1589930,417076,34040187,0
6,0,0,1,1,83,1211,29,15,1,686,3520765,188701,38954150,0
39,0,0,0,1,14,14288,2,4,1,943,3964875,189203,47423265,0
91,0,0,1,0,40,17962,14,16,1,379,3660669,2934681,8448167,0
38,1,0,0,1,28,19421,2,10,1,584,1948581,149238,5138750,0
61,1,0,1,1,12,16402,29,26,1,104,4725855,2126042,15465194,0
91,0,0,1,1,5,5480,20,17,1,123,4636245,557733,12929335,0
77,0,0,1,1,78,6929,8,4,0,820,3238058,178786,26246588,0
52,0,0,0,1,91,16596,16,28,1,984,2872937,1899635,20486530,0
3,0,0,1,1,78,10512,16,22,1,672,1065124,267274,42539213,1
81,0,0,0,0,37,19450,24,22,1,31,582478,568824,39822921,0
24,1,0,0,1,35,12862,11,24,1,166,3319409,416548,44067714,0
6,0,1,0,1,81,12824,6,2,0,823,3434016,751738,2618094,1
27,0,0,0,1,66,21969,10,29,1,899,973940,1096673,18958216,0
68,0,0,1,1,39,20029,28,19,1,432,4176125,149517,3314027,0
66,0,0,1,1,48,3541,13,29,1,739,1385959,2674234,25560517,0
94,1,1,1,1,51,7377,19,2,1,397,1775639,2618221,32122538,0
19,0,0,1,1,36,15406,30,28,1,507,1938033,1483959,6534153,0
82,1,0,0,1,67,8151,0,11,1,128,1055710,411788,37561640,0
10,0,1,1,1,26,23949,5,23,1,698,4274037,1378971,2834809,0
66,0,0,1,0,11,16228,24,14,1,239,302448,467249,19830626,0
86,0,0,0,1,10,18008,21,27,0,554,2610826,1537513,4102365,0
6,0,1,1,1,45,13277,20,8,1,169,2883754,1289981,3099191,0
22,1,0,1,1,84,671,30,13,0,250,2092875,2592562,33985634,0
60,1,0,1,1,16,10227,16,7,0,399,2803265,2440038,23127278,0
70,1,0,0,1,77,13754,24,17,1,410,3028332,2297446,15353033,1
33,0,0,1,0,44,12845,8,9,0,652,3553011,2726656,33493324,0
18,1,0,0,0,73,16487,0,16,1,764,3778240,2370681,16152515,1
57,1,0,1,1,62,23752,11,14,1,729,4276085,2583196,22506893,0
8,0,0,0,1,7,6629,19,28,1,732,2018264,1488162,29842710,0
47,1,0,1,0,47,12463,27,20,0,659,246999,309299,10676972,1
81,0,1,1,1,78,17457,16,1,0,457,437043,1648400,44016105,0
40,0,0,1,1,12,9289,25,2,1,99,2492258,2252937,2894257,0
47,0,0,1,1,77,5581,3,8,1,429,322474,301817,5496566,0
44,1,0,1,0,17,14103,22,18,1,292,4939456,2813400,37881651,0
24,0,0,1,1,60,22155,7,16,1,32,429054,1443447,9203546,0
77,0,0,1,1,23,3054,18,24,1,195,2135148,1877374,49534683,0
24,0,0,0,1,27,22264,18,1,1,133,3319841,965371,6556026,0
18,0,0,1,1,47,14727,25,25,1,316,4311624,2122430,39259366,0
38,0,0,0,1,28,4380,4,5,0,756,2638991,1216717,46141870,0
78,0,0,0,1,7,23639,10,10,1,82,916467,2450221,24339341,0
79,0,0,1,1,91,18566,5,28,1,682,4915525,1780824,11427937,0
26,1,0,1,1,18,21802,12,27,0,376,4868818,2840366,15873732,0
73,1,0,1,1,87,21640,18,29,1,307,2260583,367932,42417100,1
62,1,0,0,1,37,22753,5,10,0,463,1453490,2288590,24443817,0
67,0,0,0,1,91,15997,25,22,1,217,4284533,658607,601190,0
18,0,0,1,1,31,17523,27,8,1,914,990626,395757,35080897,0
27,0,0,1,1,16,15860,22,27,1,455,3626296,1897632,26116375,0
84,0,0,1,1,50,19166,12,27,1,278,2093066,1510068,3208614,0
77,1,0,0,1,75,3658,5,15,0,216,122668,2265641,40755930,1
32,0,1,0,1,50,6210,15,23,0,35,2984692,2090210,10812398,1
9,1,0,0,1,86,23281,21,21,0,534,389372,1024929,44266146,1
82,0,0,1,1,20,3361,28,19,0,923,2508993,987445,35092773,0
29,1,0,1,1,62,623,17,29,1,386,1650957,47686,12759992,1
21,0,0,0,0,18,4277,28,19,1,829,890399,1914538,37619904,0
2,0,0,0,0,89,7282,10,29,1,715,2073899,2521677,19040106,1
100,0,1,1,0,47,14285,19,13,1,250,3497542,1932527,19539232,0
81,0,1,1,1,95,8207,16,19,1,637,4562431,372139,7672946,0
74,0,1,1,0,29,20428,9,10,1,623,4684464,2649019,29184026,0
47,0,1,0,1,19,13355,15,9,1,410,2412271,1743899,28589027,0
1,0,0,1,1,78,19362,28,1,0,391,3610049,2432002,31788875,1
75,1,1,1,1,34,24091,4,6,1,211,2881844,1227047,3873043,0
53,0,0,1,1,48,11903,28,0,1,613,2852135,2043249,43346761,0
5,0,1,1,1,13,18913,28,4,1,339,320468,240331,5592151,0
39,0,0,1,1,96,9833,9,14,0,714,3770584,2490851,23548931,0
92,0,0,1,1,86,11998,2,10,1,239,4812922,2315686,7517811,0
93,0,0,0,1,15,565,18,19,0,991,581734,2057252,48814387,0
1,0,0,1,1,70,11115,3,17,1,833,3481499,1680752,4185146,0
72,0,0,1,1,26,12902,11,8,1,465,4674357,801258,13737826,0
1,0,0,1,1,91,4352,24,27,0,330,3882644,1937181,30521613,1
92,0,0,1,1,24,6926,26,0,0,292,1036662,139961,26557987,0
96,0,0,1,1,33,8518,21,19,1,661,3621025,1815245,28542053,0
73,0,0,1,1,94,21764,9,5,0,913,4124361,1637653,6189254,0
97,0,0,1,1,67,8955,10,19,1,682,471106,1139419,12734249,0
54,0,0,0,1,45,15717,7,25,1,940,4918722,2074767,12477889,0
71,0,0,0,1,80,20111,26,9,0,939,4917761,2961518,18888025,0
100,0,1,1,1,97,11348,11,3,0,707,2492621,2620982,11552103,0
59,0,0,0,0,87,22320,13,17,1,243,504048,2185836,46653427,1
96,0,0,0,1,52,18681,20,30,0,306,2017715,2416494,38203724,0
5,1,0,0,1,31,20625,28,26,1,790,3131254,2823311,22512518,1
18,0,1,1,1,98,18668,21,11,1,862,738749,2660830,41240936,1
95,0,0,0,1,35,22109,2,25,0,253,2407539,524547,47189497,0
26,0,0,1,1,96,11141,26,24,0,434,3633984,1161080,8207134,0
0,0,0,0,0,29,20223,10,8,1,36,3316232,1816618,42326646,0
32,0,0,1,1,53,17503,26,16,0,581,844129,335808,47870404,0
39,1,1,1,1,74,19378,6,28,1,259,3730513,1816251,18762929,0
31,1,0,1,1,68,7637,27,16,0,193,3901647,1866716,40654843,1
68,0,0,0,1,60,4174,26,13,0,593,4178412,1511166,44081567,0
16,0,0,0,1,11,1395,14,23,1,497,1626103,1430160,14489662,0
7,1,0,1,1,74,10219,10,8,1,310,3693468,2549225,25632591,0
56,1,0,1,1,39,21956,24,26,1,180,4587796,828646,14957197,0
41,0,0,0,1,93,22688,24,18,1,22,2062842,324601,12390873,1
97,0,0,1,1,25,21997,6,12,1,987,1372660,113293,47769857,0
8,0,0,1,1,51,13497,18,2,0,33,1282796,39569,48273365,0
86,0,0,0,0,64,1743,15,17,1,405,4171970,8295,3435517,0
34,0,0,0,0,21,1587,20,8,1,129,4122120,2188709,17952500,0
70,1,0,1,1,94,6750,25,15,0,132,4622822,752312,5713275,1
78,0,0,1,1,21,8016,24,17,0,681,3708688,487314,30124041,0
52,1,0,0,1,75,17134,26,6,1,134,3750665,2179899,5759870,1
53,0,0,0,1,29,10802,24,28,1,540,4614904,2528401,27814584,0
83,0,0,1,1,38,10056,18,17,1,460,3204880,454978,15828196,0
24,0,1,1,1,30,2488,12,13,0,877,469281,2656429,49073297,0
66,0,0,1,1,10,13672,20,9,1,471,4382958,2748654,10422178,0
61,0,0,0,1,14,2973,16,9,1,235,3500556,1510960,23864581,0
54,0,1,1,1,85,3301,30,5,1,12,4428691,1555511,24361208,0
45,1,0,1,1,82,10826,13,2,0,106,465615,991390,2811238,0
23,1,0,1,1,7,18643,22,16,1,176,3218188,167842,33434490,0
97,0,0,1,0,63,3803,1,21,1,186,4083171,1316806,12945568,0
45,0,0,1,1,84,2470,25,1,1,625,1967078,2383998,5108165,0
21,0,1,1,1,73,20709,25,6,1,813,2739282,876893,8204106,0
10,1,0,1,0,52,23349,21,11,1,289,1214029,1014818,42959006,0
47,0,0,1,1,27,7560,9,24,1,149,4408650,539174,17418858,0
7,0,0,1,1,95,11823,27,0,1,887,852311,2241082,37162277,0
38,0,0,0,1,9,17010,5,19,0,105,3975129,368440,5216690,0
34,0,0,1,1,60,18379,15,4,1,249,4924280,1293442,11397090,0
48,0,0,0,1,42,15320,6,12,1,314,3610182,796240,19798459,0
45,1,0,1,1,86,19743,18,24,1,603,4394161,1294687,35531555,0
37,1,0,1,1,80,19190,23,18,0,50,782782,2032847,1032141,1
7,0,0,1,1,89,8916,20,5,0,352,830469,2865535,4741580,1
53,0,0,0,1,11,11484,9,4,0,1,3614476,1214585,45205872,0
36,0,0,1,1,21,8719,19,4,0,544,2255760,1890237,45708791,0
90,1,0,1,1,13,11474,30,17,1,195,1058790,1432657,29153607,0
91,0,0,1,0,92,18375,26,9,1,97,1830829,1977410,13776155,0
39,0,0,1,1,79,13173,14,20,0,385,490574,2257946,20319073,0
33,0,0,1,1,93,23334,30,18,1,536,999540,2968373,13218629,0
95,0,1,0,1,50,3124,11,1,1,147,3925712,622813,17701135,0
78,0,0,1,1,41,8908,24,29,1,914,1682719,461514,19568724,0
16,0,0,1,0,11,2305,30,10,1,96,134399,1580705,45870884,0
32,0,0,0,1,21,13686,8,21,1,428,441578,2715211,14414283,0
46,0,0,1,1,45,21831,17,29,1,390,3536551,895046,16918179,0
51,0,0,1,1,68,8982,16,0,1,209,1996663,140816,30988767,0
79,0,1,1,1,87,16073,18,5,0,12,820440,124115,4957077,0
92,0,0,1,1,61,5688,9,13,1,674,555643,2224567,416842,0
8,0,0,1,1,89,8472,7,23,0,932,2889270,2569077,10019450,0
32,0,0,1,0,49,3662,19,2,1,103,2549450,1926272,42343663,0
59,1,0,0,1,77,12923,4,25,1,192,96554,313525,24799270,1
92,0,1,1,1,12,5935,12,6,0,66,4938854,2434349,7060852,0
76,0,0,0,1,95,5371,20,14,1,404,1484864,2457768,15240591,0
20,0,1,1,1,91,6247,26,30,0,980,373799,583813,29617544,0
57,0,1,1,1,14,13285,1,29,0,696,2119850,1413579,3757113,0
84,0,0,1,1,58,12592,0,27,1,431,4656374,490564,16627593,0
68,0,0,1,1,70,23017,30,18,1,551,1203775,1111350,17551295,0
9,0,0,1,1,48,12038,7,28,1,311,4943533,213650,35884956,0
5,0,1,1,1,52,15389,9,29,0,57,1815420,1103665,42964011,0
12,1,0,0,1,75,13059,27,21,1,307,1332021,1516323,34708509,1
64,1,0,0,1,6,5533,4,6,1,576,4876674,1127869,48266488,0
19,1,0,1,1,84,16166,17,26,0,352,1203262,697994,21574125,1
